,MKT,SMB,HML,RMW,CMA,RF,MOM
2005-01-03,-0.0097,-0.0062,-0.0006,0.0036,-0.0001,0.0001,-0.0060999999999999
2005-01-04,-0.013,-0.0051,0.0045,0.0085,-0.0048,0.0001,0.0024
2005-01-05,-0.0051,-0.0113,0.0002,0.0004,-0.0013,0.0001,0.0001
2005-01-06,0.0034,-0.0003,0.0013,0.0052,-0.0013,0.0001,0.0004
2005-01-07,-0.0022,-0.0084,-0.001,-0.0016,-0.0002,0.0001,-0.0017
2005-01-10,0.0042,0.0028,0.0013,0.0,-0.0024,0.0001,0.0070999999999999
2005-01-11,-0.0068,-0.003,0.0038,0.0088,-0.0016,0.0001,0.003
2005-01-12,0.0038,-0.0009,-0.0008,-0.0023,0.0013,0.0001,0.0023
2005-01-13,-0.0077,0.0023,0.004,0.0006,0.0003,0.0001,0.0096
2005-01-14,0.0066,0.005,0.0004,-0.002,0.0015,0.0001,0.003
2005-01-18,0.0097,0.0019,-0.0023,-0.0008,-0.0012,0.0001,0.0006
2005-01-19,-0.0097,-0.0006,0.0044,0.0044,-0.0029,0.0001,0.0056999999999999
2005-01-20,-0.0077,-0.0014,0.0001,0.0031,0.0026,0.0001,-0.0065
2005-01-21,-0.0056,0.0034999999999999,0.0015,-0.0018,-0.001,0.0001,0.0031
2005-01-24,-0.0049,-0.0068,0.0060999999999999,0.0053,-0.0012,0.0001,-0.0001
2005-01-25,0.0034,0.0011,-0.0044,0.001,-0.0014,0.0001,-0.0019
2005-01-26,0.0062,0.0095,-0.0016,-0.0036,-0.0004,0.0001,0.0025
2005-01-27,0.0008,0.0009,0.0015,-0.0002,0.0014,0.0001,0.0033
2005-01-28,-0.003,-0.0025,0.0017,0.0024,-0.0003,0.0001,0.001
2005-01-31,0.0097,0.0085,0.0013,-0.002,-0.0011,0.0001,0.0070999999999999
2005-02-01,0.0069,0.0002,0.0021,0.0056,-0.0014,0.0001,0.005
2005-02-02,0.0036,0.0029,0.0012,0.0017,0.0017,0.0001,0.0025
2005-02-03,-0.0027,-0.0009,0.0032,0.0006,0.0,0.0001,0.0052
2005-02-04,0.0112,0.001,-0.0046,-0.0034999999999999,-0.0002,0.0001,-0.0026
2005-02-07,-0.0011,0.0008,-0.0006,-0.0011,0.0012,0.0001,-0.0031
2005-02-08,0.0008,0.0023,-0.0012,-0.0011,0.0009,0.0001,0.0006
2005-02-09,-0.01,-0.0111,0.0077,0.0012,-0.0024,0.0001,0.0002
2005-02-10,0.0034999999999999,-0.0032,0.001,0.0014,-0.0038,0.0001,0.0038
2005-02-11,0.0077,0.0038,-0.003,-0.0048,0.0028,0.0001,-0.0039
2005-02-14,0.0009,-0.0003,0.0013,0.0006,0.0009,0.0001,0.0039
2005-02-15,0.0028,-0.0037,-0.0001,-0.0013,0.0017,0.0001,0.0012
2005-02-16,0.0007,0.005,0.0036,-0.0003,-0.0014,0.0001,0.0108
2005-02-17,-0.0079,-0.0031,0.002,0.0013,0.0002,0.0001,0.0021
2005-02-18,0.0001,-0.0014,-0.0006,0.0016,0.0014,0.0001,-0.0003
2005-02-22,-0.0147,-0.0034999999999999,-0.0011,-0.0005,-0.0005,0.0001,-0.0043
2005-02-23,0.0053,-0.0011,0.0015,0.0025,-0.0007,0.0001,0.0058
2005-02-24,0.0083,0.0024,-0.0025,0.0031,-0.002,0.0001,0.0079
2005-02-25,0.0097,0.0046999999999999,0.0034999999999999,0.0021,-0.0017,0.0001,0.0085
2005-02-28,-0.0060999999999999,0.0023,0.0006,0.0040999999999999,0.0016,0.0001,0.002
2005-03-01,0.0058,0.0006,0.0016,-0.0019,0.0042,0.0001,-0.0092
2005-03-02,-0.0001,-0.0014,-0.0001,0.0038,-0.0007,0.0001,0.0074
2005-03-03,-0.0001,0.0016,0.0052,0.0044,-0.0002,0.0001,0.0044
2005-03-04,0.0089,0.0001,0.0025,0.0037,-0.0016,0.0001,0.0078
2005-03-07,0.0027,-0.0044,0.0015,-0.0034999999999999,0.0012,0.0001,-0.0040999999999999
2005-03-08,-0.0054,-0.0037,-0.0001,0.0027,-0.0019,0.0001,0.0006
2005-03-09,-0.0096,0.0,-0.001,-0.0017,0.0058,0.0001,-0.0086
2005-03-10,0.0001,-0.0083,-0.0015,0.0003,0.0009,0.0001,-0.0089
2005-03-11,-0.0055,0.0060999999999999,0.0040999999999999,0.0017,0.0009,0.0001,0.0107
2005-03-14,0.0060999999999999,-0.0026,0.0016,-0.0052,0.001,0.0001,-0.0038
2005-03-15,-0.0067,0.0018,0.0034,0.0,0.0005,0.0001,0.0037
2005-03-16,-0.0084,0.0025,0.0025,0.0002,-0.0009,0.0001,0.0002
2005-03-17,0.0019,0.001,0.0049,-0.0017,0.0015,0.0001,0.008
2005-03-18,-0.0014,-0.0031,0.0004,0.0031,-0.0015,0.0001,0.0046
2005-03-21,-0.0038,0.0025,-0.0023,-0.004,0.0009,0.0001,-0.0022
2005-03-22,-0.0092,0.0062,-0.0013,0.0002,0.0015,0.0001,0.0022
2005-03-23,-0.0012,-0.0096,-0.0053,-0.0007,-0.0007,0.0001,-0.0104
2005-03-24,0.0001,0.0051,-0.0009,-0.0007,0.0006,0.0001,0.0019
2005-03-28,0.0016,-0.0021,0.0,0.0029,-0.0007,0.0001,-0.0001
2005-03-29,-0.0086,-0.0087,0.0013,0.0016,0.0001,0.0001,-0.0069999999999999
2005-03-30,0.0135,0.0016,-0.0018,-0.0008,0.0001,0.0001,-0.0004
2005-03-31,-0.0001,0.0006,0.0065,0.0003,0.0026,0.0001,0.0085
2005-04-01,-0.0064,0.0009,0.0042,0.0037,-0.0007,0.0001,0.0153
2005-04-04,0.0029,-0.0001,0.0017,0.0001,-0.003,0.0001,0.001
2005-04-05,0.004,-0.0022,-0.0028,0.0031,-0.0006,0.0001,-0.0022
2005-04-06,0.0022,-0.0003,0.0006,-0.0002,-0.0003,0.0001,0.0028
2005-04-07,0.0056999999999999,-0.0009,-0.0024,-0.004,0.003,0.0001,-0.0033
2005-04-08,-0.0088,-0.0048,0.0003,-0.0007,0.0011,0.0001,-0.0049
2005-04-11,-0.0009,-0.0058,0.0012,0.0032,-0.0007,0.0001,0.004
2005-04-12,0.0056,0.002,-0.0005,0.0007,-0.0004,0.0001,-0.0037
2005-04-13,-0.0121999999999999,-0.0036,-0.0011,0.0032,0.0003,0.0001,-0.0056
2005-04-14,-0.011,-0.0062,-0.0014,0.0019,-0.0021,0.0001,-0.0074
2005-04-15,-0.0159,-0.0027,-0.0036,-0.0012,-0.0036,0.0001,-0.0078
2005-04-18,0.0029,0.0039,0.0017,0.0033,-0.0028,0.0001,0.0046
2005-04-19,0.0075,0.0081999999999999,0.0012,-0.0049,0.0006,0.0001,0.0106
2005-04-20,-0.0135,-0.0029,0.001,-0.0034999999999999,0.0014,0.0001,-0.0048
2005-04-21,0.0187,0.0033,-0.006,-0.0028,0.0008,0.0001,0.0029
2005-04-22,-0.0083,-0.0076,0.0046999999999999,0.0056,0.0004,0.0001,0.004
2005-04-25,0.0093,0.0013,0.0004,0.0006,-0.0011,0.0001,0.0066
2005-04-26,-0.0087,-0.0053,-0.0002,-0.0007,-0.0015,0.0001,-0.0036
2005-04-27,0.003,-0.0049,-0.0016,0.0040999999999999,-0.0001,0.0001,-0.0072
2005-04-28,-0.012,-0.0093,0.0042,0.0008,0.0025,0.0001,-0.0059
2005-04-29,0.0104,-0.004,-0.0006,-0.0014,-0.0015,0.0001,0.0009
2005-05-02,0.0052,0.0054,0.0009,0.0031,-0.0036,0.0001,0.0055
2005-05-03,-0.0004,-0.0008,-0.0037,-0.0011,0.0009,0.0001,-0.0076
2005-05-04,0.0128,0.0034,0.0039,-0.0058,0.0001,0.0001,0.0006
2005-05-05,-0.0019,0.0031,-0.0028,0.0026,-0.0021,0.0001,0.0051
2005-05-06,-0.0003,0.0029,0.0012,-0.0033,0.0021,0.0001,0.0044
2005-05-09,0.0060999999999999,0.0037,0.0005,0.0008,0.0002,0.0001,0.0017
2005-05-10,-0.0103,-0.0022,0.0006,-0.0006,0.0034999999999999,0.0001,-0.0032
2005-05-11,0.0039,-0.0039,-0.0009,0.0026,-0.0017,0.0001,-0.0003
2005-05-12,-0.0102,-0.0032,-0.0067,-0.0045,0.0022,0.0001,-0.0151
2005-05-13,-0.005,-0.0026,-0.0063,-0.0036,0.0,0.0001,-0.0104
2005-05-16,0.0103,0.0053,-0.0024,0.0044,-0.002,0.0001,-0.0003
2005-05-17,0.0066,-0.0015,0.0032,0.0022,-0.0013,0.0001,0.0049
2005-05-18,0.0115,0.0097,-0.0040999999999999,0.0008,0.0006,0.0001,-0.0013
2005-05-19,0.0046999999999999,-0.0007,0.0,-0.0019,0.0009,0.0001,0.001
2005-05-20,-0.0013,-0.0009,0.002,-0.0028,0.0031,0.0001,-0.0036
2005-05-23,0.0043,0.0022,-0.0001,0.0005,-0.0021,0.0001,0.0056
2005-05-24,0.0005,-0.0004,0.0004,-0.0023,0.0011,0.0001,0.0008
2005-05-25,-0.0044,-0.0054,0.0021,0.0022,0.0003,0.0001,0.0029
2005-05-26,0.0074,0.0067,0.0007,-0.0028,0.0001,0.0001,0.0016
2005-05-27,0.0018,0.0015,0.003,0.0006,-0.0013,0.0001,0.0042
2005-05-31,-0.0049,0.0046999999999999,0.0032,-0.0011,0.0014,0.0001,0.0053
2005-06-01,0.009,0.0018,0.0007,0.0011,-0.0012,0.0001,0.0006
2005-06-02,0.0024,0.001,-0.0025,0.0003,0.0017,0.0001,-0.0007
2005-06-03,-0.0067,-0.0013,0.0051,0.0024,0.0017,0.0001,0.0064
2005-06-06,0.0014,0.0033,0.0013,0.0033,-0.0017,0.0001,0.0031
2005-06-07,-0.0003,0.0018,0.0006,0.0029,-0.0003,0.0001,-0.002
2005-06-08,-0.0028,-0.0034,0.0032,-0.0008,0.0032,0.0001,-0.0034
2005-06-09,0.0059,0.0031,0.0001,-0.0038,-0.0032,0.0001,0.0062
2005-06-10,-0.0021,0.0017,0.0044,-0.0008,0.0008,0.0001,-0.0019
2005-06-13,0.0028,0.0018,0.001,0.0006,-0.0003,0.0001,0.0006
2005-06-14,0.0032,0.0052,0.0046,0.0021,-0.0002,0.0001,-0.0006
2005-06-15,0.0022,0.003,0.0013,0.002,0.0008,0.0001,0.0019
2005-06-16,0.0046,0.0062,-0.0031,-0.0025,-0.0021,0.0001,0.0012
2005-06-17,0.0036,-0.0053,0.0025,-0.0003,-0.0002,0.0001,0.0032
2005-06-20,-0.0007,-0.0031,0.001,0.0003,-0.0003,0.0001,0.0003
2005-06-21,-0.0018,0.0009,-0.0003,-0.0033,0.0009,0.0001,-0.0042
2005-06-22,0.0005,0.0031,0.0003,0.001,0.0003,0.0001,0.0017
2005-06-23,-0.0107,-0.0038,0.0025,-0.001,-0.0009,0.0001,-0.0003
2005-06-24,-0.0072,0.0003,0.0018,-0.0005,-0.0038,0.0001,0.001
2005-06-27,-0.0007,-0.0004,0.0056999999999999,0.0053,-0.003,0.0001,0.0093
2005-06-28,0.0105,0.0102,-0.0052,-0.0004,0.0016,0.0001,-0.002
2005-06-29,-0.0007,0.0036,0.0005,0.0012,0.0007,0.0001,-0.0012
2005-06-30,-0.0063,0.0023,0.0025,-0.0003,0.0011,0.0001,0.0027
2005-07-01,0.0032,0.0019,0.0034,0.0038,-0.0009,0.0001,0.0038
2005-07-05,0.0092,0.006,-0.0018,0.002,-0.0031,0.0001,0.0058
2005-07-06,-0.0073,0.001,0.0008,-0.0025,0.0007,0.0001,-0.0023
2005-07-07,0.0026,-0.0009,-0.0022,0.0009,-0.0009,0.0001,0.0039
2005-07-08,0.012,0.0072,-0.0058,-0.0025,-0.0004,0.0001,-0.0048
2005-07-11,0.0069,0.0074,-0.0016,-0.0009,-0.0005,0.0001,0.0003
2005-07-12,0.002,-0.0028,-0.0003,0.0001,-0.0008,0.0001,-0.0001
2005-07-13,0.0001,-0.0040999999999999,0.0006,-0.0008,0.001,0.0001,-0.0046
2005-07-14,0.0015,-0.0077,-0.0043,-0.0049,-0.0002,0.0001,-0.01
2005-07-15,0.0012,-0.0004,0.0,-0.0011,0.0002,0.0001,0.0021
2005-07-18,-0.0055,-0.002,0.001,-0.0013,0.0023,0.0001,0.0019
2005-07-19,0.0075,0.0081,-0.0017,-0.001,-0.0009,0.0001,0.0039
2005-07-20,0.0054,0.008,-0.0036,0.0013,-0.0004,0.0001,-0.0003
2005-07-21,-0.0074,-0.0065,0.0017,-0.0049,-0.003,0.0001,-0.009
2005-07-22,0.0056999999999999,0.0098999999999999,0.0048,0.0051,-0.001,0.0001,0.0064
2005-07-25,-0.0046999999999999,-0.0049,0.0015,-0.0006,-0.0007,0.0001,0.0002
2005-07-26,0.0021,0.0026,0.0023,-0.0034999999999999,0.0034999999999999,0.0001,0.0
2005-07-27,0.0042,-0.0037,-0.0007,-0.0006,-0.0005,0.0001,0.0022
2005-07-28,0.0067,0.0052,-0.0025,0.0019,-0.002,0.0001,0.0065
2005-07-29,-0.0066,0.0026,0.0012,-0.0017,-0.0001,0.0001,0.0025
2005-08-01,0.0015,0.0028,-0.0013,-0.0013,-0.0017,0.0001,0.0027
2005-08-02,0.0069999999999999,0.0,0.0007,-0.0026,-0.0001,0.0001,0.0009
2005-08-03,-0.0002,-0.0069999999999999,-0.0002,-0.0031,0.0005,0.0001,-0.0016
2005-08-04,-0.0081999999999999,-0.0078,0.004,-0.0009,0.0003,0.0001,-0.0002
2005-08-05,-0.0081,-0.0034,-0.0003,-0.0023,0.0019,0.0001,-0.0063
2005-08-08,-0.0032,0.0001,0.002,0.0045,0.0003,0.0001,-0.0002
2005-08-09,0.0055,-0.0054,-0.0005,-0.0028,-0.0002,0.0001,-0.0004
2005-08-10,-0.0013,0.0009,0.0015,0.0034999999999999,-0.0019,0.0001,0.0085
2005-08-11,0.0070999999999999,0.0017,-0.0008,-0.002,-0.0017,0.0001,0.0009
2005-08-12,-0.0056,-0.0033,0.0012,0.0011,0.0,0.0001,0.0003
2005-08-15,0.0031,0.0045,-0.0014,-0.0019,-0.0003,0.0001,-0.0018
2005-08-16,-0.0121999999999999,-0.0046,0.0018,-0.003,0.0004,0.0001,-0.0044
2005-08-17,0.0005,-0.0008,-0.0007,-0.0063,0.003,0.0001,-0.002
2005-08-18,-0.0015,-0.0038,0.001,0.0009,-0.0001,0.0001,-0.0006
2005-08-19,0.0007,0.0015,0.0017,0.002,0.0008,0.0001,0.0048
2005-08-22,0.0019,0.0049,0.0015,0.0001,0.0014,0.0001,0.0014
2005-08-23,-0.0031,-0.0004,-0.0002,-0.0036,0.0013,0.0001,0.0021
2005-08-24,-0.0056,0.0048,0.0016,-0.0002,0.0002,0.0001,0.0046999999999999
2005-08-25,0.0021,0.0012,0.002,-0.0013,0.0008,0.0001,0.0005
2005-08-26,-0.0066,-0.0062,-0.0009,-0.0026,0.0011,0.0001,-0.0024
2005-08-29,0.0065,0.0034999999999999,-0.0023,0.001,-0.0001,0.0001,0.0017
2005-08-30,-0.0031,0.0004,0.0034999999999999,-0.0013,0.0019,0.0001,0.0067
2005-08-31,0.0112,0.0073,-0.0006,0.0023,-0.0039,0.0001,0.0098
2005-09-01,0.0013,0.0011,0.0026,0.0040999999999999,-0.0013,0.0001,0.0045
2005-09-02,-0.0036,-0.0034,0.0001,-0.0013,0.0002,0.0001,-0.0043
2005-09-06,0.0121999999999999,0.0027,-0.0045,0.0015,-0.0011,0.0001,0.0019
2005-09-07,0.003,0.0014,-0.0016,0.0002,0.0004,0.0001,0.003
2005-09-08,-0.004,-0.0011,-0.001,-0.0009,0.0009,0.0001,0.0016
2005-09-09,0.0073,-0.0006,0.0012,0.0019,-0.0012,0.0001,0.0053
2005-09-12,0.0,0.0045,-0.0024,-0.0024,-0.0016,0.0001,-0.0040999999999999
2005-09-13,-0.0076,-0.0026,0.0016,-0.0038,0.0001,0.0001,0.0017
2005-09-14,-0.0044,-0.0059,0.0046999999999999,0.0027,0.0011,0.0001,0.0002
2005-09-15,-0.0002,-0.0021,0.003,0.0014,0.0004,0.0001,0.0016
2005-09-16,0.0072,0.0023,-0.0007,0.002,-0.0003,0.0001,-0.0005
2005-09-19,-0.0055,-0.001,0.0023,0.0029,-0.0022,0.0001,0.0088
2005-09-20,-0.0078,-0.0016,0.0011,-0.0051,0.0004,0.0001,-0.0021
2005-09-21,-0.0103,-0.0046999999999999,0.0028,0.0060999999999999,-0.0013,0.0001,0.0034
2005-09-22,0.003,-0.0008,-0.0024,0.0059,-0.0015,0.0001,-0.0004
2005-09-23,0.0015,0.005,0.0014,-0.0053,0.0006,0.0001,0.0015
2005-09-26,0.0012,0.0059,0.0,0.0007,-0.0019,0.0001,0.0069999999999999
2005-09-27,-0.0002,-0.001,-0.001,-0.0008,-0.0017,0.0001,0.0021
2005-09-28,0.0006,-0.0054,0.0021,-0.0004,0.0015,0.0001,0.0033
2005-09-29,0.0092,0.0023,0.0006,-0.003,-0.0001,0.0001,-0.001
2005-09-30,0.002,0.0022,-0.0022,-0.004,0.0025,0.0001,0.0018
2005-10-03,0.0,0.0046999999999999,0.0002,-0.0012,-0.0005,0.0001,0.0060999999999999
2005-10-04,-0.0096,0.0012,-0.0014,-0.0045,0.0018,0.0001,-0.0060999999999999
2005-10-05,-0.0162,-0.0112,-0.0017,-0.0025,-0.0017,0.0001,-0.0109
2005-10-06,-0.0056,-0.0040999999999999,0.001,0.0005,-0.0011,0.0001,-0.0137
2005-10-07,0.0042,0.0038,0.0027,0.0022,-0.0011,0.0001,0.0078
2005-10-10,-0.0073,-0.0011,-0.002,-0.0011,-0.0013,0.0001,-0.0069
2005-10-11,-0.0033,-0.0087,0.0016,0.0083,-0.0018,0.0001,0.0064
2005-10-12,-0.0079,-0.0063,0.0006,0.0008,0.0002,0.0001,-0.0096
2005-10-13,-0.0009,0.0029,-0.0051,-0.0081,-0.0009,0.0001,-0.0062
2005-10-14,0.0091,0.0053,-0.0011,-0.0002,-0.0017,0.0001,0.0081
2005-10-17,0.003,-0.0028,0.0,0.0023,-0.0014,0.0001,0.0074
2005-10-18,-0.0103,-0.0015,-0.0007,-0.0051,0.0024,0.0001,-0.0093999999999999
2005-10-19,0.0144999999999999,0.004,-0.0012,-0.0004,-0.0042,0.0001,0.0039
2005-10-20,-0.0144999999999999,-0.0007,-0.0038,-0.0027,0.0,0.0001,-0.0093
2005-10-21,0.0032,0.0042,0.0028,0.001,-0.0031,0.0001,0.005
2005-10-24,0.0169,0.0027,0.0023,0.0013,-0.0007,0.0001,0.0073
2005-10-25,-0.0031,-0.0023,0.0008,0.0054,-0.0021,0.0001,0.005
2005-10-26,-0.0046,-0.0021,0.002,-0.0031,0.0008,0.0001,-0.0042
2005-10-27,-0.0125,-0.0102,0.004,-0.0022,0.003,0.0001,-0.0055
2005-10-28,0.0155,-0.0001,0.0029,0.0054,0.001,0.0001,0.0051
2005-10-31,0.0097,0.008,0.0005,-0.003,-0.0007,0.0001,0.0032
2005-11-01,-0.0027,-0.0016,0.0027,-0.0015,-0.0034999999999999,0.0001,0.0023
2005-11-02,0.0115,0.0086,-0.0001,-0.0008,-0.0006,0.0001,0.0049
2005-11-03,0.0043,-0.001,-0.0015,-0.0006,-0.0027,0.0001,0.0064
2005-11-04,0.0001,-0.0001,-0.0024,-0.0029,0.0007,0.0001,-0.0092
2005-11-07,0.0025,0.0023,-0.0005,-0.0013,0.0003,0.0001,-0.0056
2005-11-08,-0.0037,-0.0032,-0.0002,0.0002,-0.0002,0.0001,0.0025
2005-11-09,0.0015,0.0026,-0.0001,-0.0001,0.0009,0.0001,-0.0031
2005-11-10,0.008,-0.0016,-0.005,-0.0015,-0.0028,0.0001,-0.0101
2005-11-11,0.0027,-0.0002,-0.0014,0.0013,-0.0022,0.0001,0.0
2005-11-14,-0.001,-0.003,0.0008,-0.0008,0.0008,0.0001,0.0019
2005-11-15,-0.0049,-0.0069,-0.0017,-0.0002,-0.0012,0.0001,0.0037
2005-11-16,0.0011,-0.0036,0.0,0.0019,-0.0022,0.0001,0.0088
2005-11-17,0.0106,0.0068,-0.0013,-0.0039,0.0005,0.0001,0.0017
2005-11-18,0.0043,0.0031,-0.0021,-0.0002,0.0011,0.0001,-0.0066
2005-11-21,0.006,0.0042,-0.0034999999999999,0.0015,-0.0027,0.0001,0.0043
2005-11-22,0.0048,0.0,0.0,0.0033,-0.0001,0.0001,0.0028
2005-11-23,0.0031,-0.0029,0.0019,-0.0007,0.0009,0.0001,-0.0056
2005-11-25,0.0018,-0.0012,-0.0008,0.0013,0.0,0.0001,0.0019
2005-11-28,-0.0101,-0.0072,0.0024,-0.0014,0.0014,0.0001,-0.0087
2005-11-29,0.0001,0.0031,0.0025,0.0021,0.0008,0.0001,0.0044
2005-11-30,-0.0043,0.0111,-0.0014,-0.0031,0.0004,0.0001,0.0023
2005-12-01,0.0127,0.0054,0.0005,0.0,0.001,0.0002,0.0052
2005-12-02,0.0005,0.0008,-0.001,0.0009,0.0,0.0002,0.0017
2005-12-05,-0.003,-0.0017,0.0001,0.0032,-0.0017,0.0002,0.0046
2005-12-06,0.0012,0.0005,0.0003,0.0004,-0.0013,0.0002,-0.0007
2005-12-07,-0.0049,-0.0012,0.0004,-0.0014,0.0009,0.0002,-0.0038
2005-12-08,-0.0003,0.003,0.0006,0.0,0.0,0.0002,0.0086
2005-12-09,0.0027,0.002,0.0006,-0.0025,0.002,0.0002,-0.0045
2005-12-12,0.001,0.0008,-0.0009,0.0015,0.0007,0.0002,0.0012
2005-12-13,0.0044,-0.0055,-0.0018,0.0034999999999999,-0.0026,0.0002,-0.0026
2005-12-14,0.0034,-0.0017,0.0005,0.0062,-0.0006,0.0002,-0.0014
2005-12-15,-0.0023,-0.0058,-0.0039,-0.0014,0.0008,0.0002,0.0006
2005-12-16,-0.0029,0.0002,-0.0007,-0.002,0.0001,0.0002,-0.0036
2005-12-19,-0.0073,-0.0077,0.0026,0.0016,-0.0009,0.0002,-0.0044
2005-12-20,-0.0002,-0.0001,0.0002,0.0015,-0.0004,0.0002,0.0073
2005-12-21,0.0034,0.0069999999999999,-0.0031,-0.001,-0.0005,0.0002,0.0024
2005-12-22,0.0045,0.0011,-0.0005,-0.0040999999999999,0.0015,0.0002,-0.0001
2005-12-23,0.0008,0.0027,-0.0001,-0.0009,0.001,0.0002,-0.0025
2005-12-27,-0.01,-0.0044,0.0016,-0.0021,0.0013,0.0002,-0.0045
2005-12-28,0.0019,0.0038,0.0009,0.0008,-0.0009,0.0002,0.0036
2005-12-29,-0.0027,0.0001,0.0024,-0.0014,0.0007,0.0002,-0.0013
2005-12-30,-0.005,-0.0015,0.0024,-0.0009,0.0008,0.0002,-0.0005
2006-01-03,0.015,-0.0012,0.0016,0.0017,-0.0031,0.0002,0.0115
2006-01-04,0.0046,0.0031,0.0002,-0.0044,0.0031,0.0002,0.0024
2006-01-05,0.0003,0.0025,-0.001,-0.0054,0.002,0.0002,-0.0055
2006-01-06,0.0093,0.0009,-0.0025,-0.0004,0.0014,0.0002,0.0028
2006-01-09,0.0045,0.0052,-0.0018,0.0004,-0.0005,0.0002,-0.0005
2006-01-10,0.0005,0.006,0.0003,-0.0013,-0.001,0.0002,0.0045
2006-01-11,0.0028,-0.0027,-0.0009,-0.0036,0.0013,0.0002,-0.0014
2006-01-12,-0.0065,0.0008,0.0002,-0.0015,0.0008,0.0002,0.0002
2006-01-13,0.0016,0.0016,0.0009,0.0002,-0.0003,0.0002,0.0018
2006-01-17,-0.004,-0.0025,0.0019,0.0040999999999999,-0.0026,0.0002,0.0069999999999999
2006-01-18,-0.0034999999999999,0.0039,0.0028,-0.003,0.0022,0.0002,-0.0031
2006-01-19,0.0062,0.0095,-0.001,0.0001,0.0013,0.0002,0.0044
2006-01-20,-0.0181,0.0046999999999999,0.005,0.0036,0.0027,0.0002,0.001
2006-01-23,0.0018,0.0026,0.004,0.0034,-0.0019,0.0002,0.0033
2006-01-24,0.0045,0.0103,0.0007,-0.0008,-0.0003,0.0002,0.0042
2006-01-25,-0.0023,-0.0001,-0.0008,-0.0007,-0.001,0.0002,-0.0070999999999999
2006-01-26,0.008,0.0086,0.0,0.0002,-0.0006,0.0002,0.0028
2006-01-27,0.0067,-0.0017,-0.0018,0.0007,-0.003,0.0002,0.0026
2006-01-30,0.0011,-0.0018,0.0022,0.0012,-0.0004,0.0002,0.0033
2006-01-31,-0.0021,0.0055,-0.0003,-0.001,-0.0033,0.0002,0.0025
2006-02-01,0.0014,0.0009,-0.0001,-0.0036,0.004,0.0002,-0.0018
2006-02-02,-0.0088,-0.0026,-0.0007,0.0021,0.0002,0.0002,-0.0032
2006-02-03,-0.0051,0.0024,0.0001,-0.0001,-0.0001,0.0002,0.0022
2006-02-06,0.001,0.0039,0.0051,0.0032,0.0002,0.0002,0.0051
2006-02-07,-0.0092,-0.0056999999999999,-0.0021,-0.0042,0.004,0.0002,-0.0132
2006-02-08,0.0077,-0.0031,-0.0011,-0.0018,0.0038,0.0002,-0.0043
2006-02-09,-0.0019,-0.002,-0.0026,-0.0004,0.0034999999999999,0.0002,-0.006
2006-02-10,0.0015,-0.004,0.0,-0.0001,0.0006,0.0002,-0.003
2006-02-13,-0.0046999999999999,-0.005,0.0018,0.0003,0.0016,0.0002,-0.0043
2006-02-14,0.0101,0.0022,-0.0012,-0.001,-0.0002,0.0002,-0.0004
2006-02-15,0.0040999999999999,0.0036,-0.0049,-0.0003,-0.0009,0.0002,0.0005
2006-02-16,0.0075,0.0013,0.0021,0.001,0.0007,0.0002,0.0087
2006-02-17,-0.0016,0.0002,0.0032,0.0008,0.0017,0.0002,0.0025
2006-02-21,-0.0038,-0.0014,0.001,0.0055,-0.0026,0.0002,0.0045
2006-02-22,0.0073,0.0003,-0.0007,-0.0033,-0.0015,0.0002,-0.0012
2006-02-23,-0.0029,0.0017,-0.0025,0.0001,0.0007,0.0002,0.0005
2006-02-24,0.0019,0.0037,0.0018,-0.0008,0.0,0.0002,0.0031
2006-02-27,0.004,0.0012,-0.0034999999999999,-0.0039,0.003,0.0002,-0.0006
2006-02-28,-0.011,-0.002,0.0011,0.0007,0.0013,0.0002,-0.0039
2006-03-01,0.009,0.0062,-0.0002,-0.0034999999999999,0.0034999999999999,0.0002,0.0085
2006-03-02,-0.0016,-0.0005,0.0009,-0.0001,0.0002,0.0002,0.0045
2006-03-03,-0.0015,-0.0003,-0.0004,0.0011,0.0002,0.0002,0.0001
2006-03-06,-0.0075,-0.0028,-0.0011,-0.0018,-0.0002,0.0002,-0.0095
2006-03-07,-0.004,-0.0109,0.0007,-0.0001,-0.0021,0.0002,-0.0098
2006-03-08,0.0014,-0.0008,0.0004,0.0002,-0.0004,0.0002,-0.002
2006-03-09,-0.005,0.0003,0.0027,0.0009,0.0014,0.0002,-0.0024
2006-03-10,0.0069,0.004,0.0004,0.0023,0.0008,0.0002,-0.0009
2006-03-13,0.0023,0.0003,0.0015,0.0004,-0.0011,0.0002,0.0034999999999999
2006-03-14,0.01,0.0003,0.0001,0.001,-0.0022,0.0002,0.0070999999999999
2006-03-15,0.0048,0.0037,0.0013,-0.0017,0.0037,0.0002,0.0028
2006-03-16,0.0011,-0.0011,0.0025,0.0026,0.0006,0.0002,-0.0014
2006-03-17,0.0018,0.0008,-0.0029,-0.0007,-0.0001,0.0002,0.0009
2006-03-20,-0.0007,0.0009,-0.0031,-0.003,-0.0015,0.0002,-0.0027
2006-03-21,-0.0069,-0.005,-0.0005,0.0037,-0.0016,0.0002,-0.0058
2006-03-22,0.0063,0.0051,0.0006,0.0037,-0.0015,0.0002,0.0006
2006-03-23,-0.0018,0.0058,0.0002,0.003,-0.0003,0.0002,0.0015
2006-03-24,0.0022,0.0067,0.0023,-0.0017,-0.001,0.0002,0.0069999999999999
2006-03-27,-0.0007,0.0018,0.0028,0.001,-0.0006,0.0002,0.0032
2006-03-28,-0.0060999999999999,0.0026,-0.0007,0.0013,-0.0014,0.0002,0.0016
2006-03-29,0.0087,0.008,0.0008,-0.0027,0.0018,0.0002,0.0064
2006-03-30,-0.0016,0.0008,-0.0021,-0.0033,-0.0022,0.0002,-0.0029
2006-03-31,-0.0023,0.0070999999999999,-0.0003,-0.0024,-0.0004,0.0002,0.0009
2006-04-03,0.0008,-0.0085,0.0064,0.0022,0.0022,0.0002,0.0038
2006-04-04,0.0054,-0.0021,0.0006,0.0019,-0.0028,0.0002,0.0038
2006-04-05,0.0042,0.0005,0.0027,0.0001,0.0007,0.0002,0.0051
2006-04-06,-0.0014,0.0016,0.0004,-0.0016,-0.0014,0.0002,-0.0009
2006-04-07,-0.0102,-0.0014,-0.0014,0.0003,0.0008,0.0002,-0.0033
2006-04-10,-0.0002,-0.0034,0.0006,0.0062,-0.0011,0.0002,-0.0001
2006-04-11,-0.0083,-0.0066,0.0002,0.0026,-0.0009,0.0002,-0.0052
2006-04-12,0.0019,0.0058,-0.0004,-0.0019,0.0015,0.0002,0.0036
2006-04-13,0.0012,0.0036,-0.0013,-0.0024,0.0021,0.0002,0.0038
2006-04-17,-0.0028,0.0011,0.0024,0.0060999999999999,-0.0023,0.0002,0.0052
2006-04-18,0.0172,0.0070999999999999,0.0008,0.0012,-0.0001,0.0002,0.0084
2006-04-19,0.0032,0.0088,-0.0001,-0.0002,-0.0034999999999999,0.0002,0.0055
2006-04-20,0.0001,-0.0046999999999999,0.0004,0.0005,0.0036,0.0002,-0.0027
2006-04-21,-0.001,-0.0015,0.002,0.0038,-0.0019,0.0002,0.0005
2006-04-24,-0.003,-0.0046,0.0001,-0.0027,-0.0009,0.0002,-0.0002
2006-04-25,-0.0044,0.004,0.0001,-0.0006,0.0021,0.0002,-0.0037
2006-04-26,0.002,-0.0015,0.0029,-0.0019,0.0005,0.0002,-0.006
2006-04-27,0.0024,-0.0091,0.0011,-0.0028,0.0013,0.0002,-0.011
2006-04-28,0.0005,0.0034999999999999,0.0046999999999999,0.0065,-0.0013,0.0002,-0.0028
2006-05-01,-0.0040999999999999,0.0,0.0034999999999999,0.0005,0.0016,0.0002,0.0056999999999999
2006-05-02,0.0054,0.0025,0.0051,0.0031,0.0018,0.0002,0.0065
2006-05-03,-0.0031,0.0040999999999999,0.0004,-0.0011,0.002,0.0002,0.0005
2006-05-04,0.0037,0.0054,-0.0028,-0.0014,0.0011,0.0002,0.0027
2006-05-05,0.0104,-0.0024,-0.0004,0.0012,-0.0006,0.0002,0.0008
2006-05-08,-0.0005,0.0004,0.0007,0.0007,0.002,0.0002,-0.0026
2006-05-09,-0.0002,-0.0013,0.0014,0.0009,-0.0006,0.0002,0.0044
2006-05-10,-0.002,-0.005,0.0046999999999999,0.0014,-0.002,0.0002,-0.0006
2006-05-11,-0.0136,-0.0104,0.0029,0.0043,0.0006,0.0002,-0.0092
2006-05-12,-0.0125,-0.0079,-0.0007,-0.002,0.0029,0.0002,-0.0149
2006-05-15,0.0004,-0.0093999999999999,-0.0026,0.0027,-0.0002,0.0002,-0.0168
2006-05-16,-0.0013,0.0012,0.0039,0.0009,-0.0027,0.0002,-0.0002
2006-05-17,-0.0166,0.0008,0.0021,-0.0024,0.0012,0.0002,-0.01
2006-05-18,-0.0069,-0.0034,0.0018,-0.0003,0.003,0.0002,-0.0093
2006-05-19,0.0038,0.0013,0.0002,-0.0005,0.0037,0.0002,0.002
2006-05-22,-0.0055,-0.0070999999999999,0.003,-0.0004,0.0002,0.0002,-0.013
2006-05-23,-0.0044,0.0007,-0.0009,0.0027,-0.0024,0.0002,0.0068
2006-05-24,0.0004,-0.0013,-0.0008,-0.0015,0.0003,0.0002,-0.0098
2006-05-25,0.0121999999999999,0.0068,-0.0007,0.0007,-0.0003,0.0002,0.0083
2006-05-26,0.006,-0.0009,-0.0019,-0.0011,0.0003,0.0002,0.005
2006-05-30,-0.0165,-0.008,0.0018,-0.0012,0.0017,0.0002,-0.0072
2006-05-31,0.0093999999999999,0.0044,0.0037,0.0022,0.0022,0.0002,0.0081
2006-06-01,0.0129,0.0073,-0.0014,-0.0028,0.0018,0.0002,0.0054
2006-06-02,0.0016,-0.0002,0.0018,0.0011,-0.0011,0.0002,0.0038
2006-06-05,-0.0194,-0.0118999999999999,0.0026,-0.0025,0.0022,0.0002,-0.0104
2006-06-06,-0.0028,-0.0016,-0.0002,0.0032,0.0006,0.0002,-0.0034999999999999
2006-06-07,-0.0056999999999999,-0.0001,-0.0015,-0.0043,-0.0002,0.0002,-0.0112
2006-06-08,0.0001,-0.0021,0.0007,0.0037,-0.0015,0.0002,-0.0069
2006-06-09,-0.0044,-0.0027,0.0004,0.0019,0.0009,0.0002,-0.001
2006-06-12,-0.0148,-0.0123,0.0029,0.0037,-0.0008,0.0002,-0.0163999999999999
2006-06-13,-0.0115,-0.0046999999999999,-0.0037,0.0022,-0.0005,0.0002,-0.0121
2006-06-14,0.0046,0.0013,-0.0026,0.0013,0.0025,0.0002,0.0072
2006-06-15,0.0233,0.0111,0.0019,-0.0034,0.0004,0.0002,0.0200999999999999
2006-06-16,-0.0043,-0.0070999999999999,-0.0002,0.0021,0.0007,0.0002,-0.0011
2006-06-19,-0.0101,-0.008,0.0019,-0.0034999999999999,0.0017,0.0002,-0.0056
2006-06-20,-0.0006,-0.0037,0.0004,0.0004,0.0,0.0002,0.0003
2006-06-21,0.0111,0.0075,-0.0018,0.0002,-0.0009,0.0002,0.0113
2006-06-22,-0.0052,0.0022,0.0012,0.0037,-0.0029,0.0002,0.0017
2006-06-23,0.0003,0.0031,0.0016,0.002,-0.0031,0.0002,0.0073
2006-06-26,0.005,0.0059,0.0021,0.0007,-0.0009,0.0002,0.0017
2006-06-27,-0.0098999999999999,-0.0069,0.0031,0.0034,-0.0021,0.0002,-0.0021
2006-06-28,0.0046999999999999,-0.0034,0.0015,0.0021,-0.0002,0.0002,0.001
2006-06-29,0.023,0.0143,-0.0029,0.0002,-0.0002,0.0002,0.0125
2006-06-30,-0.0002,0.0115,0.0006,-0.0021,0.0022,0.0002,0.0058
2006-07-03,0.0072,-0.0002,-0.0022,0.0026,-0.0005,0.0002,0.0056
2006-07-05,-0.0088,-0.0054,0.0031,0.0015,0.0005,0.0002,-0.0034
2006-07-06,0.0023,-0.0011,0.0007,0.0012,0.0024,0.0002,-0.0009
2006-07-07,-0.008,-0.008,0.0068,0.0008,0.0023,0.0002,-0.0072
2006-07-10,0.0004,-0.0021,0.0056999999999999,0.0049,0.0018,0.0002,-0.0034
2006-07-11,0.0037,0.0029,-0.0007,-0.0024,-0.0025,0.0002,0.0029
2006-07-12,-0.0121,-0.0062,0.0027,-0.0005,0.0007,0.0002,0.0022
2006-07-13,-0.0143,-0.0059,0.0018,0.0013,0.0,0.0002,-0.0058
2006-07-14,-0.006,-0.0028,0.0016,0.0048,-0.0011,0.0002,-0.0009
2006-07-17,-0.0022,-0.005,0.0005,-0.0027,0.0034999999999999,0.0002,-0.0068
2006-07-18,0.0017,0.0018,0.0033,0.0006,0.0013,0.0002,0.0024
2006-07-19,0.0197999999999999,0.0098999999999999,-0.0027,0.0029,-0.0008,0.0002,0.0074
2006-07-20,-0.0111,-0.0158,0.0067,-0.0032,0.0019,0.0002,-0.0031
2006-07-21,-0.0089,-0.0079,0.0023,0.0055,0.0040999999999999,0.0002,-0.0095
2006-07-24,0.0175,0.009,-0.0055,0.0024,-0.0034,0.0002,0.0044
2006-07-25,0.0069,0.0025,-0.0018,0.0,-0.0029,0.0002,0.0006
2006-07-26,-0.0013,-0.0028,0.0033,-0.0011,0.0023,0.0002,-0.0040999999999999
2006-07-27,-0.0058,-0.0072,0.0031,-0.0018,0.0005,0.0002,-0.0011
2006-07-28,0.0131,0.0063,-0.0007,0.0,0.0008,0.0002,0.0049
2006-07-31,-0.0009,0.0027,-0.0015,-0.0003,-0.0022,0.0002,0.0064
2006-08-01,-0.006,-0.0093,0.004,0.0026,-0.0014,0.0002,-0.0023
2006-08-02,0.0064,0.0031,-0.0029,-0.0007,-0.0014,0.0002,0.001
2006-08-03,0.0027,0.0085,-0.0043,0.004,0.0012,0.0002,0.0081
2006-08-04,-0.0013,-0.0043,0.0007,0.0007,-0.0002,0.0002,-0.0065
2006-08-07,-0.0034999999999999,-0.0031,0.001,0.0034999999999999,-0.0018,0.0002,0.0003
2006-08-08,-0.0042,-0.0077,0.001,0.0005,-0.0004,0.0002,-0.001
2006-08-09,-0.0052,-0.0046999999999999,-0.0003,-0.0018,0.0059,0.0002,-0.003
2006-08-10,0.0049,0.0029,-0.0036,-0.0005,0.0021,0.0002,-0.0037
2006-08-11,-0.0049,-0.0054,0.0015,-0.0002,0.0001,0.0002,-0.0021
2006-08-14,0.0012,0.0019,-0.0023,-0.0031,0.0062,0.0002,-0.0048
2006-08-15,0.0146,0.0073,-0.0045,-0.0037,-0.0015,0.0002,0.0031
2006-08-16,0.0091,0.0053,-0.005,-0.0019,-0.0007,0.0002,-0.0025
2006-08-17,0.0018,0.0029,-0.0021,-0.0053,0.0016,0.0002,-0.0078
2006-08-18,0.003,-0.0018,-0.0014,0.0013,-0.0006,0.0002,0.0001
2006-08-21,-0.0048,-0.0046999999999999,0.0011,0.0008,0.0017,0.0002,0.0027
2006-08-22,0.0007,0.0026,0.0003,-0.0004,-0.0002,0.0002,0.0018
2006-08-23,-0.0055,-0.0077,0.0017,-0.003,0.0040999999999999,0.0002,-0.0021
2006-08-24,0.0016,-0.0018,0.0008,-0.0012,-0.0002,0.0002,-0.0021
2006-08-25,-0.0007,0.002,-0.0021,-0.0003,0.0004,0.0002,-0.0007
2006-08-28,0.0058,0.0039,-0.0009,-0.0014,0.002,0.0002,-0.0023
2006-08-29,0.0032,0.0086,-0.0018,-0.0040999999999999,0.0034,0.0002,-0.005
2006-08-30,0.0013,0.0064,-0.003,-0.004,0.0008,0.0002,-0.006
2006-08-31,0.0003,0.0004,0.0026,0.0005,-0.0005,0.0002,0.0011
2006-09-01,0.0049,-0.0028,-0.001,0.0025,-0.0002,0.0002,0.0021
2006-09-05,0.0021,0.0053,0.0002,0.0004,-0.0049,0.0002,0.0021
2006-09-06,-0.0113,-0.0098999999999999,0.0042,0.0004,0.0048,0.0002,-0.0005
2006-09-07,-0.005,-0.0018,0.002,-0.0002,-0.0006,0.0002,-0.0004
2006-09-08,0.0033,-0.0011,-0.0014,-0.0022,0.004,0.0002,-0.0046
2006-09-11,-0.0003,-0.0018,-0.0003,-0.0019,0.0046999999999999,0.0002,-0.0055
2006-09-12,0.0118,0.0112,-0.0029,-0.0006,-0.0013,0.0002,-0.0097
2006-09-13,0.0044,0.0043,-0.0004,0.0025,-0.0025,0.0002,0.0048
2006-09-14,-0.0016,-0.0026,0.0003,-0.0015,0.002,0.0002,-0.0026
2006-09-15,0.002,-0.0005,-0.0017,0.0016,-0.0021,0.0002,-0.0024
2006-09-18,0.0004,-0.0001,-0.0023,0.0025,-0.0018,0.0002,0.0032
2006-09-19,-0.0029,-0.0021,0.0013,0.0018,0.0024,0.0002,0.0026
2006-09-20,0.006,0.0055,-0.0002,-0.0027,0.0026,0.0002,0.0018
2006-09-21,-0.006,-0.0033,0.0004,0.0034999999999999,-0.0026,0.0002,0.0016
2006-09-22,-0.0040999999999999,-0.008,0.0040999999999999,0.0017,0.0008,0.0002,-0.0006
2006-09-25,0.0086,0.0018,0.0011,-0.0018,0.0019,0.0002,-0.0015
2006-09-26,0.0070999999999999,-0.0034999999999999,-0.0022,0.0045,-0.0017,0.0002,0.0
2006-09-27,0.0007,0.0034,-0.0009,0.0013,0.0008,0.0002,0.0017
2006-09-28,0.0014,-0.0012,-0.0016,-0.0004,-0.0015,0.0002,-0.0019
2006-09-29,-0.0033,-0.0060999999999999,0.0018,-0.0036,-0.0004,0.0002,0.0008
2006-10-02,-0.0043,-0.0054,0.0019,-0.0011,0.0034,0.0002,0.002
2006-10-03,0.0012,-0.0034999999999999,0.0042,-0.0029,0.0044,0.0002,-0.0003
2006-10-04,0.0128,0.0070999999999999,-0.0046,0.0012,-0.0014,0.0002,0.0006
2006-10-05,0.0043,0.009,-0.0031,-0.0001,-0.0022,0.0002,0.0002
2006-10-06,-0.0031,-0.0007,-0.0011,-0.0005,0.0008,0.0002,-0.0017
2006-10-09,0.002,0.0044,0.0007,-0.0006,-0.0004,0.0002,0.0029
2006-10-10,0.0021,0.0003,-0.0005,0.0038,-0.0028,0.0002,-0.0003
2006-10-11,-0.003,-0.0027,0.0021,-0.0025,0.0024,0.0002,0.0012
2006-10-12,0.0107,0.0097,-0.0026,0.0014,-0.0025,0.0002,0.0001
2006-10-13,0.0022,0.0048,-0.0005,-0.001,-0.0017,0.0002,0.002
2006-10-16,0.0034999999999999,0.0062,-0.0024,0.0015,-0.0018,0.0002,-0.0023
2006-10-17,-0.0045,-0.0019,0.0034999999999999,-0.0016,0.0037,0.0002,0.001
2006-10-18,0.0008,-0.0033,0.0007,0.0006,0.0019,0.0002,-0.0015
2006-10-19,0.001,0.0049,-0.0025,0.0009,-0.0023,0.0002,-0.0011
2006-10-20,-0.0002,-0.0069999999999999,-0.0009,0.0012,0.0017,0.0002,-0.0015
2006-10-23,0.0056,-0.0046999999999999,-0.0022,0.0009,-0.0009,0.0002,0.0017
2006-10-24,0.0001,-0.0015,0.0019,0.0046,-0.0053,0.0002,-0.002
2006-10-25,0.0031,0.0023,-0.0003,0.0014,-0.0009,0.0002,-0.0078
2006-10-26,0.0062,0.0043,0.0021,-0.005,0.0008,0.0002,-0.0018
2006-10-27,-0.0088,-0.003,0.0004,0.0,0.0032,0.0002,-0.0026
2006-10-30,0.0007,0.0039,0.0017,-0.0027,0.0039,0.0002,0.0019
2006-10-31,-0.0007,-0.0036,-0.0016,-0.0006,-0.0012,0.0002,0.0002
2006-11-01,-0.0088,-0.0098999999999999,0.0031,0.0028,0.005,0.0002,-0.0027
2006-11-02,-0.0005,-0.0024,0.0002,-0.001,-0.0019,0.0002,-0.0028
2006-11-03,-0.0011,0.0056,-0.0001,-0.0004,-0.0012,0.0002,-0.0024
2006-11-06,0.0116,0.0022,-0.0014,-0.0006,0.0,0.0002,0.0043
2006-11-07,0.0023,0.0003,-0.0024,-0.0031,0.001,0.0002,0.0015
2006-11-08,0.0029,0.0034,0.0031,-0.0008,0.0001,0.0002,-0.001
2006-11-09,-0.0058,-0.0043,0.0031,0.002,0.001,0.0002,0.0016
2006-11-10,0.0027,0.0064,0.0008,-0.0025,-0.0008,0.0002,-0.0017
2006-11-13,0.0027,0.0012,0.0001,-0.0033,0.0002,0.0002,0.0004
2006-11-14,0.0070999999999999,0.0088,-0.0024,0.0014,-0.0016,0.0002,-0.0031
2006-11-15,0.0036,0.0053,-0.0034,0.0007,-0.0009,0.0002,-0.0028
2006-11-16,0.0016,-0.0034,0.0013,-0.0027,0.0052,0.0002,0.0015
2006-11-17,0.0003,-0.0033,-0.0022,0.0021,-0.0008,0.0002,0.0008
2006-11-20,-0.0006,0.0024,0.0002,0.0006,-0.0007,0.0002,0.0029
2006-11-21,0.0014,-0.0001,-0.0014,0.0023,-0.0054,0.0002,0.0013
2006-11-22,0.0027,-0.0017,-0.0024,-0.0012,-0.0005,0.0002,-0.0033
2006-11-24,-0.0032,0.0023,0.0007,-0.0002,-0.0011,0.0002,0.0
2006-11-27,-0.0153,-0.0095,0.003,0.0028,0.0007,0.0002,-0.0022
2006-11-28,0.003,0.0001,-0.0003,0.003,-0.0014,0.0002,0.0032
2006-11-29,0.0095,0.002,-0.0008,0.0026,-0.0038,0.0002,0.0028
2006-11-30,0.001,0.0014,0.0015,-0.0027,-0.0013,0.0002,-0.0031
2006-12-01,-0.003,-0.0032,0.0013,0.0013,-0.0003,0.0002,0.0004
2006-12-04,0.0098,0.0083,-0.0017,-0.0001,-0.0001,0.0002,0.0028
2006-12-05,0.004,-0.0016,0.0024,-0.0002,-0.0012,0.0002,-0.0007
2006-12-06,-0.001,-0.0006,0.0014,-0.001,-0.0009,0.0002,-0.002
2006-12-07,-0.0040999999999999,0.0,0.0006,-0.0004,0.0022,0.0002,0.0013
2006-12-08,0.0014,-0.0016,-0.0009,-0.0016,0.0021,0.0002,0.0018
2006-12-11,0.0018,-0.0026,0.0064,-0.0017,0.0003,0.0002,0.0028
2006-12-12,-0.002,-0.0049,0.0046,-0.0008,0.0019,0.0002,0.0
2006-12-13,0.0009,-0.0002,0.0014,0.0024,-0.0003,0.0002,0.0021
2006-12-14,0.008,-0.0013,-0.001,0.0018,0.0029,0.0002,0.0003
2006-12-15,0.0007,-0.0032,0.0038,-0.0034999999999999,0.0029,0.0002,-0.0019
2006-12-18,-0.0046,-0.0095,0.002,-0.0031,0.0040999999999999,0.0002,-0.0023
2006-12-19,0.0016,-0.0011,0.0002,0.001,0.0005,0.0002,0.0024
2006-12-20,-0.0012,0.0055,0.001,-0.0018,0.0022,0.0002,-0.0003
2006-12-21,-0.0038,0.0006,0.0037,-0.0006,0.0016,0.0002,0.0
2006-12-22,-0.0048,0.003,0.0007,-0.0009,0.0011,0.0002,-0.0004
2006-12-26,0.0044,0.0037,0.0039,0.0005,0.0023,0.0002,0.0005
2006-12-27,0.0074,0.0054,-0.0009,0.0025,-0.001,0.0002,0.0039
2006-12-28,-0.0018,-0.0017,-0.0003,0.0009,-0.001,0.0002,0.0003
2006-12-29,-0.0051,-0.0031,-0.0012,-0.001,-0.0005,0.0002,-0.0009
2007-01-03,-0.0005,-0.0001,0.002,-0.0024,0.0083,0.0002,-0.0045
2007-01-04,0.0016,0.0011,-0.0051,-0.0033,0.0004,0.0002,-0.0056
2007-01-05,-0.0073,-0.0096,-0.0029,0.0008,-0.0018,0.0002,0.0005
2007-01-08,0.0024,-0.0007,0.0004,0.0003,0.0002,0.0002,0.0032
2007-01-09,0.0,0.002,-0.0031,0.0013,0.0024,0.0002,0.0025
2007-01-10,0.0023,-0.0016,-0.0018,-0.0046999999999999,-0.0003,0.0002,0.0005
2007-01-11,0.0074,0.0049,-0.0034999999999999,-0.0002,0.0033,0.0002,0.0014
2007-01-12,0.0051,0.0024,-0.003,0.0019,-0.0014,0.0002,0.001
2007-01-16,0.0,-0.0031,0.0001,-0.0022,0.0019,0.0002,-0.0002
2007-01-17,-0.0014,-0.0019,-0.0004,0.0025,-0.0018,0.0002,0.0007
2007-01-18,-0.0048,-0.0092,0.0042,0.0039,0.0042,0.0002,0.001
2007-01-19,0.0033,0.0044,0.0009,0.001,-0.0037,0.0002,-0.0004
2007-01-22,-0.0056,-0.004,0.0031,0.0007,0.002,0.0002,0.0007
2007-01-23,0.0037,0.0064,0.0004,0.0036,-0.0038,0.0002,0.0034
2007-01-24,0.0081999999999999,0.002,-0.0023,-0.0008,-0.0037,0.0002,0.0001
2007-01-25,-0.0115,-0.0007,-0.001,-0.0014,0.0004,0.0002,-0.0046
2007-01-26,-0.0006,0.0056,0.0012,0.0008,-0.0004,0.0002,0.0004
2007-01-29,0.0002,0.0062,0.0023,-0.0013,0.0014,0.0002,0.0007
2007-01-30,0.0051,0.0005,0.0017,-0.0015,-0.0025,0.0002,-0.0021
2007-01-31,0.0064,-0.0038,0.0,0.0028,-0.0015,0.0002,-0.001
2007-02-01,0.0059,0.0036,-0.0019,0.0022,-0.0012,0.0002,0.0019
2007-02-02,0.0014,0.0011,0.002,0.0002,-0.0009,0.0002,-0.0026
2007-02-05,-0.0012,-0.0026,0.0012,-0.0015,0.0006,0.0002,0.0014
2007-02-06,0.001,0.0028,0.0023,-0.0012,-0.0004,0.0002,0.0021
2007-02-07,0.0021,0.0034999999999999,0.0007,-0.0052,0.0012,0.0002,0.0006
2007-02-08,-0.001,0.0022,-0.0026,-0.0018,-0.002,0.0002,-0.0008
2007-02-09,-0.0075,-0.0032,0.0019,0.0001,0.0018,0.0002,-0.0025
2007-02-12,-0.0034999999999999,0.0024,0.0012,0.0008,0.0019,0.0002,0.0
2007-02-13,0.0072,-0.0009,0.003,0.0004,-0.0006,0.0002,0.0006
2007-02-14,0.0072,-0.0052,-0.0019,-0.0008,-0.0008,0.0002,-0.0015
2007-02-15,0.0011,0.0009,-0.0040999999999999,0.0013,-0.0003,0.0002,-0.0033
2007-02-16,0.0,0.0032,0.0005,-0.0013,-0.0038,0.0002,-0.001
2007-02-20,0.0042,0.0059,-0.0014,-0.001,-0.0011,0.0002,0.0028
2007-02-21,-0.0009,0.0033,-0.0023,0.0018,-0.0002,0.0002,-0.0026
2007-02-22,-0.0006,0.0036,-0.0012,-0.0004,-0.0017,0.0002,-0.0046999999999999
2007-02-23,-0.0031,0.0012,-0.0028,0.0007,-0.0007,0.0002,-0.0018
2007-02-26,-0.0019,-0.0014,0.0007,0.0016,0.0008,0.0002,0.0002
2007-02-27,-0.0342,-0.0019,0.0018,-0.0003,0.0016,0.0002,-0.004
2007-02-28,0.0046999999999999,-0.005,0.0021,-0.0009,-0.0007,0.0002,0.005
2007-03-01,-0.0025,-0.0005,0.0016,0.0017,0.0006,0.0002,0.0008
2007-03-02,-0.0123,-0.0065,0.0029,-0.002,-0.0002,0.0002,-0.0014
2007-03-05,-0.011,-0.0077,-0.003,-0.0007,0.0037,0.0002,0.0017
2007-03-06,0.0158,0.0068,-0.0002,0.001,-0.0017,0.0002,0.0049
2007-03-07,-0.0021,-0.0004,0.0007,0.0026,-0.002,0.0002,0.0017
2007-03-08,0.0068,-0.0003,-0.0006,0.0011,-0.0007,0.0002,0.006
2007-03-09,0.0009,0.0031,0.0015,0.0002,0.0006,0.0002,0.0009
2007-03-12,0.0028,0.0024,-0.0021,-0.0021,0.0019,0.0002,0.004
2007-03-13,-0.0203,-0.0031,-0.0025,-0.0019,0.0004,0.0002,-0.003
2007-03-14,0.0056999999999999,0.0009,-0.0006,0.0034999999999999,-0.0029,0.0002,-0.0005
2007-03-15,0.0045,0.005,0.0017,0.0008,-0.0005,0.0002,0.0008
2007-03-16,-0.0042,-0.0014,-0.0019,-0.0012,-0.0002,0.0002,0.0004
2007-03-19,0.0108,-0.0008,-0.0009,0.0005,-0.0004,0.0002,0.0055
2007-03-20,0.0066,0.0009,0.0012,0.0014,-0.001,0.0002,0.0014
2007-03-21,0.0163999999999999,-0.001,-0.0012,0.0009,-0.0022,0.0002,0.001
2007-03-22,-0.0002,0.0021,-0.0042,0.0018,-0.0036,0.0002,0.0015
2007-03-23,0.0009,0.0013,0.0005,-0.0001,-0.0007,0.0002,-0.0007
2007-03-26,0.0006,-0.0007,-0.0017,-0.0002,-0.0006,0.0002,0.0034
2007-03-27,-0.0062,-0.0016,-0.0005,-0.0012,-0.0018,0.0002,-0.0007
2007-03-28,-0.0074,0.0018,0.0002,-0.001,0.0023,0.0002,0.001
2007-03-29,0.0029,-0.0013,0.0011,0.0040999999999999,0.0004,0.0002,0.0021
2007-03-30,-0.0007,0.0028,-0.001,-0.0034999999999999,0.002,0.0002,0.0009
2007-04-02,0.0022,0.0005,-0.002,0.0005,0.0,0.0002,0.004
2007-04-03,0.0093999999999999,0.0003,-0.0007,-0.0012,-0.001,0.0002,0.0012
2007-04-04,0.001,-0.002,-0.0025,0.0,0.0025,0.0002,0.0015
2007-04-05,0.0031,0.0002,-0.0015,-0.0018,0.0011,0.0002,-0.0003
2007-04-09,0.0004,-0.002,0.0002,0.0002,0.0015,0.0002,0.0014
2007-04-10,0.0023,0.0008,0.0003,0.0004,-0.0011,0.0002,-0.0011
2007-04-11,-0.0064,-0.0009,0.0012,-0.0018,0.0001,0.0002,0.0004
2007-04-12,0.0060999999999999,0.0024,-0.0015,-0.0002,0.0004,0.0002,-0.0027
2007-04-13,0.0033,0.0021,-0.0005,-0.0009,0.0019,0.0002,-0.001
2007-04-16,0.0106,0.0032,0.0003,0.0032,-0.0019,0.0002,-0.0046
2007-04-17,0.0009,-0.0046999999999999,-0.0007,0.0003,0.0,0.0002,0.0004
2007-04-18,0.0,-0.0062,0.0054,-0.0011,0.0007,0.0002,-0.0022
2007-04-19,-0.0023,-0.0036,-0.0008,0.002,0.0043,0.0002,0.0002
2007-04-20,0.0088,0.0022,-0.0004,0.0037,-0.0015,0.0002,0.0025
2007-04-23,-0.0023,0.0005,-0.0033,-0.0016,-0.0016,0.0002,0.0036
2007-04-24,-0.0009,-0.0008,-0.0023,-0.0003,0.0019,0.0002,-0.0040999999999999
2007-04-25,0.0091,-0.0032,0.0021,0.0036,0.0003,0.0002,-0.002
2007-04-26,-0.0002,0.003,-0.0029,0.0021,-0.0019,0.0002,-0.0011
2007-04-27,-0.0013,-0.0033,-0.0039,0.0026,0.0029,0.0002,0.0003
2007-04-30,-0.0093,-0.0085,-0.0003,0.0019,0.0012,0.0002,0.0003
2007-05-01,0.0022,-0.001,-0.0002,0.0031,0.0027,0.0002,-0.0042
2007-05-02,0.0079,0.0062,0.0003,-0.0011,0.0001,0.0002,0.0002
2007-05-03,0.0037,-0.0029,0.0015,0.0016,-0.0005,0.0002,-0.0006
2007-05-04,0.0025,0.0017,0.0002,-0.0016,-0.0007,0.0002,0.0023
2007-05-07,0.0018,-0.0033,0.0028,-0.0005,0.0028,0.0002,0.0012
2007-05-08,-0.0013,-0.0002,-0.0011,0.0024,-0.0003,0.0002,0.0001
2007-05-09,0.0034999999999999,0.001,-0.0005,0.0023,-0.0034999999999999,0.0002,-0.0034999999999999
2007-05-10,-0.0141999999999999,-0.0051,0.0026,0.0,0.0004,0.0002,0.0017
2007-05-11,0.0095,0.0019,0.0003,-0.0012,-0.0032,0.0002,0.0015
2007-05-14,-0.0028,-0.0056,-0.0001,0.0011,0.0006,0.0002,0.0018
2007-05-15,-0.0027,-0.0069,0.0015,0.0021,0.0025,0.0002,0.0034999999999999
2007-05-16,0.0081999999999999,-0.0016,0.0005,0.001,0.0009,0.0002,0.0004
2007-05-17,-0.001,-0.0032,-0.0002,0.0016,-0.004,0.0002,-0.0008
2007-05-18,0.0066,0.0038,-0.005,0.0005,-0.0009,0.0002,0.0009
2007-05-21,0.003,0.0092,-0.0019,-0.0007,-0.0024,0.0002,0.0014
2007-05-22,0.0007,0.0067,0.0002,-0.0022,-0.0024,0.0002,-0.0028
2007-05-23,-0.0018,-0.0021,-0.0017,0.0015,0.0003,0.0002,-0.0024
2007-05-24,-0.0107,-0.0040999999999999,-0.0007,0.0015,0.001,0.0002,-0.0065
2007-05-25,0.0055,0.0021,-0.0007,0.0006,0.0005,0.0002,0.0028
2007-05-29,0.0023,0.0059,-0.0003,0.0001,-0.0001,0.0002,0.0013
2007-05-30,0.0077,-0.0021,-0.0005,0.0015,-0.0036,0.0002,0.0032
2007-05-31,0.0013,0.0034999999999999,-0.0032,0.0004,-0.0026,0.0002,-0.0023
2007-06-01,0.0044,0.0031,0.0009,0.0017,-0.0016,0.0002,-0.002
2007-06-04,0.0018,0.0004,-0.0002,0.0001,-0.0037,0.0002,-0.0012
2007-06-05,-0.0055,-0.0013,-0.0022,0.0003,-0.0004,0.0002,0.0023
2007-06-06,-0.0093,0.0006,0.0002,-0.0021,-0.0015,0.0002,-0.0011
2007-06-07,-0.0175,-0.0003,0.001,-0.0008,-0.0006,0.0002,-0.005
2007-06-08,0.0107,-0.0003,-0.0005,0.0008,0.002,0.0002,0.0007
2007-06-11,0.0008,-0.0027,0.0017,-0.0006,0.0002,0.0002,0.0027
2007-06-12,-0.0106,-0.002,-0.0008,0.0005,0.0003,0.0002,-0.0014
2007-06-13,0.0137,-0.0019,-0.0017,0.0012,0.0014,0.0002,0.0048
2007-06-14,0.005,0.0013,-0.0013,0.0002,0.0004,0.0002,0.0034
2007-06-15,0.0069,0.0052,0.0,0.0009,0.0022,0.0002,0.0029
2007-06-18,-0.0012,0.0,-0.0003,0.0,-0.0019,0.0002,0.0004
2007-06-19,0.0014,0.0003,0.0009,-0.0013,0.0028,0.0002,0.0023
2007-06-20,-0.0129,0.0004,-0.0017,-0.0003,0.002,0.0002,-0.0074
2007-06-21,0.0056,-0.0019,-0.0002,0.001,-0.0009,0.0002,0.0028
2007-06-22,-0.0125,0.0056,0.0,-0.0016,-0.0018,0.0002,-0.0042
2007-06-25,-0.0038,-0.004,-0.0008,0.0015,0.0009,0.0002,-0.001
2007-06-26,-0.0034999999999999,0.0015,-0.0021,0.0002,0.0028,0.0002,0.0001
2007-06-27,0.0092,0.0048,-0.0036,0.0019,-0.0017,0.0002,0.0033
2007-06-28,0.0003,0.0016,0.0006,0.0005,0.0008,0.0002,0.0019
2007-06-29,-0.0019,-0.0032,-0.0005,0.0009,-0.0009,0.0002,0.0039
2007-07-02,0.0106,-0.0002,0.0011,0.0005,0.0012,0.0002,0.0055
2007-07-03,0.0036,-0.0004,-0.0012,0.0022,-0.0018,0.0002,0.0024
2007-07-05,0.0007,0.0013,-0.0056,0.0018,-0.0006,0.0002,0.0038
2007-07-06,0.004,-0.0008,-0.0007,0.001,-0.0018,0.0002,0.0003
2007-07-09,0.001,0.0005,-0.0007,-0.0001,-0.0012,0.0002,0.0016
2007-07-10,-0.0143,-0.002,-0.0038,0.0017,0.0,0.0002,0.0011
2007-07-11,0.0055,-0.0027,-0.001,0.001,-0.0009,0.0002,0.0031
2007-07-12,0.0177,-0.0018,-0.0025,0.0022,-0.0016,0.0002,0.0046999999999999
2007-07-13,0.0027,-0.0027,0.0004,0.0004,-0.0007,0.0002,0.0014
2007-07-16,-0.0031,-0.005,-0.0034999999999999,-0.001,0.0015,0.0002,0.0007
2007-07-17,0.0003,0.001,-0.0018,-0.002,0.0026,0.0002,0.0027
2007-07-18,-0.0024,-0.0022,-0.0023,0.0032,-0.0013,0.0002,0.0005
2007-07-19,0.0044,0.0024,-0.0046,-0.0009,0.002,0.0002,0.0053
2007-07-20,-0.0125,-0.0034,-0.0022,-0.0012,-0.0013,0.0002,-0.0012
2007-07-23,0.0036,-0.0049,-0.0048,-0.0011,0.0013,0.0002,0.0058
2007-07-24,-0.0203,-0.0064,-0.0032,-0.0036,-0.0001,0.0002,-0.0039
2007-07-25,0.003,-0.0038,0.0007,-0.0001,-0.0005,0.0002,-0.0058
2007-07-26,-0.0236,-0.0009,-0.0023,-0.0012,-0.0051,0.0002,-0.0023
2007-07-27,-0.0151,-0.0008,0.0007,-0.0001,-0.0034,0.0002,-0.0043
2007-07-30,0.0093,-0.0028,-0.0008,0.0006,-0.0024,0.0002,0.0059
2007-07-31,-0.0118999999999999,0.0034,-0.001,-0.0003,0.0018,0.0002,0.0022
2007-08-01,0.0052,-0.0052,-0.0028,0.0028,0.002,0.0002,-0.0007
2007-08-02,0.0055,0.001,-0.0029,-0.0042,-0.0008,0.0002,0.0073
2007-08-03,-0.0266,-0.0079,-0.0079,-0.0044,-0.0008,0.0002,0.0003
2007-08-06,0.0207,-0.0105,-0.0042,0.0049,-0.0024,0.0002,-0.0123
2007-08-07,0.0065,0.0032,-0.006,0.0004,-0.0076,0.0002,0.0003
2007-08-08,0.0147,0.0109,-0.0069,-0.0056,-0.0078,0.0002,-0.0121
2007-08-09,-0.0274,0.0147,-0.0059,-0.0088,-0.0075,0.0002,-0.0106
2007-08-10,0.0004,0.0016,0.0141999999999999,0.0056999999999999,0.0098,0.0002,0.0115
2007-08-13,-0.0006,-0.0111,0.0024,0.0001,0.0036,0.0002,0.0155
2007-08-14,-0.0182,-0.0014,-0.0014,0.0004,0.0039,0.0002,-0.0036
2007-08-15,-0.0146,0.0001,0.0001,-0.0017,0.001,0.0002,-0.0106
2007-08-16,0.0032,0.0144999999999999,0.0135,-0.0024,0.0028,0.0002,-0.023
2007-08-17,0.0236,-0.0037,0.0040999999999999,-0.0012,-0.0027,0.0002,-0.0008
2007-08-20,0.0,0.0013,-0.0034999999999999,0.0004,0.0005,0.0002,0.0104
2007-08-21,0.0015,-0.0003,0.0,-0.0027,0.001,0.0002,0.0040999999999999
2007-08-22,0.012,0.0004,-0.0003,0.0004,0.0007,0.0002,0.0106
2007-08-23,-0.0024,-0.0098,0.002,-0.0015,0.0003,0.0002,0.0032
2007-08-24,0.0121,0.0011,-0.0026,0.0036,0.0,0.0002,0.0062
2007-08-27,-0.0085,-0.0016,-0.0016,-0.0005,0.0002,0.0002,0.0044
2007-08-28,-0.0233999999999999,-0.0015,-0.004,0.001,-0.0006,0.0002,-0.004
2007-08-29,0.0213,0.0015,0.0001,0.0012,0.0003,0.0002,0.0067
2007-08-30,-0.0043,-0.001,-0.0046,-0.0017,-0.0013,0.0002,0.0046999999999999
2007-08-31,0.0112,0.0006,-0.0002,0.0015,-0.0005,0.0002,0.0019
2007-09-04,0.0103,-0.0018,0.0001,-0.0027,-0.0034999999999999,0.0002,0.0016
2007-09-05,-0.0104,-0.0007,-0.0033,0.0006,-0.0026,0.0002,0.0033
2007-09-06,0.0042,-0.0005,-0.002,-0.0016,0.0015,0.0002,0.0021
2007-09-07,-0.017,-0.0032,0.0022,-0.0006,-0.0011,0.0002,-0.0048
2007-09-10,-0.0027,-0.0056999999999999,-0.0022,-0.0021,-0.0018,0.0002,0.0051
2007-09-11,0.0135,0.0004,-0.0033,0.0,-0.0028,0.0002,0.0046999999999999
2007-09-12,-0.0003,-0.0045,-0.0016,0.0016,-0.0028,0.0002,0.0028
2007-09-13,0.0069,-0.0056,0.0021,0.0014,-0.0033,0.0002,-0.0012
2007-09-14,0.001,0.0036,-0.0009,0.0026,-0.0019,0.0002,-0.0009
2007-09-17,-0.006,-0.0042,0.0002,0.0004,0.0006,0.0002,0.0023
2007-09-18,0.0288,0.0069999999999999,0.0044,0.0032,-0.0017,0.0002,0.0002
2007-09-19,0.0059,0.0058,0.0021,-0.0007,0.0006,0.0002,0.0008
2007-09-20,-0.0065,-0.002,-0.0032,-0.0009,-0.0023,0.0002,0.0086
2007-09-21,0.0043,-0.0019,-0.0026,-0.0001,-0.002,0.0002,0.0042
2007-09-24,-0.0056,-0.0048,-0.0062,-0.001,-0.0017,0.0002,0.0072
2007-09-25,-0.0003,-0.0034,-0.0038,-0.0033,-0.0015,0.0002,0.0096
2007-09-26,0.006,0.0021,-0.002,-0.0005,0.0001,0.0002,0.001
2007-09-27,0.0043,0.0018,-0.0005,0.0007,-0.0018,0.0002,0.001
2007-09-28,-0.0037,-0.006,-0.0001,-0.0017,-0.0009,0.0002,-0.0012
2007-10-01,0.0137,0.0079,0.0008,-0.0011,0.0024,0.0001,0.0004
2007-10-02,0.0011,0.0070999999999999,0.0022,-0.001,-0.0018,0.0001,-0.0069
2007-10-03,-0.0048,-0.002,-0.001,0.0,0.0012,0.0001,-0.0093
2007-10-04,0.0018,0.0,0.0008,-0.0012,0.0008,0.0001,0.0042
2007-10-05,0.011,0.0067,-0.0006,-0.0016,-0.0012,0.0001,-0.0013
2007-10-08,-0.0027,-0.0022,-0.0036,-0.0024,-0.0008,0.0001,0.0066
2007-10-09,0.0078,-0.0019,-0.0021,0.001,-0.0008,0.0001,0.0069999999999999
2007-10-10,-0.0013,-0.0002,-0.0043,-0.0002,-0.0040999999999999,0.0001,0.0059
2007-10-11,-0.0056999999999999,-0.0060999999999999,0.0048,0.0007,-0.001,0.0001,-0.0068
2007-10-12,0.0051,0.0007,-0.0032,-0.0045,-0.0014,0.0001,0.009
2007-10-15,-0.0089,-0.0037,-0.0015,0.0019,0.0006,0.0001,0.0077
2007-10-16,-0.0067,-0.0005,-0.0029,0.0016,0.0017,0.0001,0.0102
2007-10-17,0.0022,-0.0016,-0.0019,-0.0051,-0.0004,0.0001,0.0060999999999999
2007-10-18,-0.001,0.0005,-0.004,0.0017,-0.0011,0.0001,0.0095
2007-10-19,-0.0245,-0.0053,-0.0001,-0.0019,0.0015,0.0001,-0.0034999999999999
2007-10-22,0.0046999999999999,0.0086,0.0005,0.0006,0.0021,0.0001,-0.0064
2007-10-23,0.0085,0.0005,-0.0064,-0.0009,-0.0038,0.0001,0.0132
2007-10-24,-0.0033,-0.0045,-0.0026,0.0056,0.0012,0.0001,0.0033
2007-10-25,-0.0019,-0.0034,-0.0012,0.0083,0.0034999999999999,0.0001,0.0036
2007-10-26,0.0137,0.003,0.0036,-0.0025,0.0017,0.0001,-0.0016
2007-10-29,0.004,-0.0033,-0.0054,0.0015,-0.0039,0.0001,0.004
2007-10-30,-0.0063,-0.0004,0.0016,-0.0048,0.0045,0.0001,-0.0065
2007-10-31,0.0123,-0.0001,-0.0014,0.0011,-0.0003,0.0001,0.0065
2007-11-01,-0.0266,-0.0104,-0.0044,-0.0017,0.0008,0.0002,0.0056999999999999
2007-11-02,0.0008,0.0019,-0.0086,0.0024,-0.0006,0.0002,0.0109
2007-11-05,-0.0059,-0.0036,-0.0001,-0.0017,0.0008,0.0002,0.0027
2007-11-06,0.0118,0.0008,-0.0018,0.0037,-0.0040999999999999,0.0002,0.0065
2007-11-07,-0.0276,-0.002,-0.005,0.0008,-0.0008,0.0002,0.0034
2007-11-08,-0.0005,0.0067,0.0113,0.0027,0.0052,0.0002,-0.0081999999999999
2007-11-09,-0.0146,0.003,0.0088,0.0024,0.0008,0.0002,-0.0148
2007-11-12,-0.0108,0.0046,0.0032,0.0034999999999999,0.0073,0.0002,-0.0206
2007-11-13,0.0281,-0.0042,0.0013,0.0002,-0.0069999999999999,0.0002,-0.0093
2007-11-14,-0.0063,-0.0016,-0.0022,0.002,-0.0027,0.0002,0.0069999999999999
2007-11-15,-0.0126,-0.0018,-0.0011,-0.0025,0.0012,0.0002,0.0058
2007-11-16,0.0039,-0.0064,-0.0066,-0.0004,-0.0038,0.0002,0.0108
2007-11-19,-0.0181,-0.0038,-0.0039,0.0053,0.0029,0.0002,0.0097
2007-11-20,0.0032,-0.0053,-0.0012,0.0088,-0.0033,0.0002,0.0161
2007-11-21,-0.0154,0.0036,0.001,0.0014,0.0011,0.0002,-0.0022
2007-11-23,0.016,0.0028,0.0022,0.0014,-0.0005,0.0002,-0.0081
2007-11-26,-0.021,-0.0022,-0.0056999999999999,-0.0009,-0.0043,0.0002,0.0105
2007-11-27,0.0131,-0.0059,-0.0019,-0.0031,0.002,0.0002,-0.0004
2007-11-28,0.0289999999999999,0.0037,-0.0018,-0.0027,-0.0001,0.0002,-0.0072
2007-11-29,0.0002,-0.0052,-0.003,-0.002,-0.0014,0.0002,0.0065
2007-11-30,0.0069999999999999,-0.0051,0.0087,-0.0009,0.0026,0.0002,-0.0146
2007-12-03,-0.0059,-0.0052,0.0023,-0.001,-0.0025,0.0001,0.0073
2007-12-04,-0.0060999999999999,-0.002,-0.0019,0.0014,0.0005,0.0001,0.0085
2007-12-05,0.0147,0.0006,-0.0005,0.001,-0.0003,0.0001,0.0039
2007-12-06,0.0155,0.01,0.0038,-0.0003,0.0003,0.0001,-0.009
2007-12-07,-0.0007,0.0001,-0.0014,0.0022,-0.0006,0.0001,-0.0004
2007-12-10,0.0070999999999999,-0.001,0.002,0.0032,-0.0018,0.0001,-0.0096
2007-12-11,-0.025,-0.0037,-0.0007,-0.0017,-0.0031,0.0001,0.0167
2007-12-12,0.0048,0.0007,-0.0021,0.0027,-0.0025,0.0001,0.0158
2007-12-13,0.0006,-0.0034,-0.0034,0.0008,0.0063,0.0001,0.0077
2007-12-14,-0.0137,-0.0054,-0.0031,-0.0013,-0.0008,0.0001,0.0072
2007-12-17,-0.0159,-0.0023,0.0029,0.0056,0.0046999999999999,0.0001,-0.0077
2007-12-18,0.0066,0.0116,-0.0001,0.0029,0.0016,0.0001,0.0002
2007-12-19,-0.001,0.0031,-0.0039,0.001,-0.0017,0.0001,0.0087
2007-12-20,0.0064,0.0073,-0.0033,-0.0031,-0.0014,0.0001,0.008
2007-12-21,0.0163999999999999,0.0044,0.0001,0.0002,-0.0019,0.0001,-0.0036
2007-12-24,0.008,0.0015,0.0015,0.0005,-0.001,0.0001,-0.0027
2007-12-26,0.001,0.0023,-0.0007,-0.003,-0.0026,0.0001,0.008
2007-12-27,-0.0149,-0.0123,0.0006,-0.0011,-0.0018,0.0001,0.0046
2007-12-28,0.0012,-0.0036,-0.0012,0.0016,-0.0031,0.0001,0.0089
2007-12-31,-0.0066,0.0004,0.0042,-0.0029,0.0012,0.0001,-0.008
2008-01-02,-0.0146,-0.0011,-0.0007,0.0022,-0.0034999999999999,0.0001,0.0089
2008-01-03,-0.0014,-0.0108,-0.0039,-0.0014,-0.0034,0.0001,0.0163
2008-01-04,-0.0255,-0.005,0.0004,0.0004,0.0007,0.0001,0.0060999999999999
2008-01-07,0.0016,0.0014,0.0018,0.0036,0.0096,0.0001,-0.005
2008-01-08,-0.0181,-0.0056999999999999,-0.0093,0.0025,0.0004,0.0001,0.01
2008-01-09,0.011,-0.0038,-0.0062,0.0068,0.0006,0.0001,0.0026
2008-01-10,0.0089,-0.0002,0.005,-0.0069,-0.0003,0.0001,-0.0138
2008-01-11,-0.0143,-0.0076,0.0029,-0.0014,-0.0006,0.0001,-0.0089
2008-01-14,0.0102,-0.0003,-0.0013,0.0027,-0.0021,0.0001,0.0031
2008-01-15,-0.0239,0.0032,-0.0005,-0.0013,0.0052,0.0001,0.0038
2008-01-16,-0.005,0.0092,0.011,-0.006,0.0044,0.0001,-0.0296
2008-01-17,-0.0279,0.0021,-0.0006,-0.0051,0.0024,0.0001,0.0034
2008-01-18,-0.0056999999999999,-0.004,-0.0079,0.0062,-0.0044,0.0001,0.0068
2008-01-22,-0.0098,0.0053,0.0131,0.0036,-0.0019,0.0001,-0.0289999999999999
2008-01-23,0.0203,0.0098,0.0176,0.0088,0.0113,0.0001,-0.0426
2008-01-24,0.0102,-0.0101,-0.0045,0.0022,-0.0015,0.0001,0.0019
2008-01-25,-0.0139,0.0088,0.0014,-0.0002,-0.0005,0.0001,0.0063
2008-01-28,0.0172,0.002,0.0103,0.0014,0.0037,0.0001,-0.0166
2008-01-29,0.0069,-0.0031,0.0106,-0.0012,0.0005,0.0001,-0.0139999999999999
2008-01-30,-0.0059,-0.0046,-0.0005,0.0022,0.0007,0.0001,0.0018
2008-01-31,0.0166,0.0086,0.005,0.0037,0.0009,0.0001,-0.0172
2008-02-01,0.0148,0.0070999999999999,0.0003,-0.0064,-0.0040999999999999,0.0001,-0.0116
2008-02-04,-0.0098999999999999,0.0006,-0.0019,-0.0043,-0.0011,0.0001,0.0183
2008-02-05,-0.0301,0.0033,0.0006,0.0001,0.0025,0.0001,0.006
2008-02-06,-0.0085,-0.0042,0.0049,-0.0028,0.0036,0.0001,0.0022
2008-02-07,0.0081,0.0043,0.0017,0.0043,-0.0027,0.0001,-0.0058
2008-02-08,-0.0029,-0.0016,-0.0033,0.0003,-0.0023,0.0001,0.0174
2008-02-11,0.0059,-0.0025,-0.0053,0.0046999999999999,-0.0025,0.0001,0.0097
2008-02-12,0.0060999999999999,-0.0009,-0.0003,-0.0006,0.0042,0.0001,-0.0005
2008-02-13,0.0146,0.0072,-0.0006,-0.0034,-0.0039,0.0001,0.0046
2008-02-14,-0.0135,-0.0081999999999999,0.0012,0.0002,-0.0001,0.0001,0.0067
2008-02-15,-0.0003,-0.0086,0.0046,-0.0023,0.0025,0.0001,-0.0021
2008-02-19,-0.0006,0.002,-0.0028,0.0069999999999999,-0.0032,0.0001,0.0093999999999999
2008-02-20,0.0083,0.0028,0.0006,0.0105,0.0019,0.0001,-0.008
2008-02-21,-0.0128,-0.0044,-0.0028,-0.0031,0.0004,0.0001,0.0058
2008-02-22,0.0060999999999999,-0.0081,0.0056999999999999,0.002,-0.0004,0.0001,-0.0054
2008-02-25,0.0146,0.0055,-0.0013,0.0037,-0.0009,0.0001,0.001
2008-02-26,0.0072,0.0045,-0.0001,0.0048,0.0019,0.0001,-0.0044
2008-02-27,-0.0011,0.0,-0.0017,-0.0027,-0.001,0.0001,-0.0014
2008-02-28,-0.0093,-0.0046,-0.0049,0.0028,-0.006,0.0001,0.0243
2008-02-29,-0.0264,-0.0002,-0.0019,-0.0037,0.0008,0.0001,0.0107
2008-03-03,-0.0004,-0.0024,-0.004,0.0086,0.0028,0.0001,0.01
2008-03-04,-0.0036,-0.0009,0.0009,-0.0005,0.0046,0.0001,0.0018
2008-03-05,0.0055,-0.0023,-0.0036,0.0027,-0.0007,0.0001,0.0107
2008-03-06,-0.0226,-0.0056,-0.0022,-0.0003,0.0034,0.0001,0.0194
2008-03-07,-0.0088,0.0027,0.0069999999999999,-0.0001,0.0044,0.0001,-0.0048
2008-03-10,-0.0172,-0.0065,0.0062,0.0052,0.0070999999999999,0.0001,0.0079
2008-03-11,0.0356,0.0040999999999999,0.0031,0.0029,-0.0032,0.0001,-0.0116
2008-03-12,-0.0077,0.0003,-0.0072,-0.0025,-0.0019,0.0001,0.0088
2008-03-13,0.0065,0.013,-0.0016,0.0046,-0.0034,0.0001,0.0046
2008-03-14,-0.0207,-0.0029,-0.0033,0.002,0.0017,0.0001,0.0129
2008-03-17,-0.012,-0.0086,0.0052,-0.0008,0.0098999999999999,0.0001,0.0121
2008-03-18,0.0409,0.002,-0.0017,0.0015,-0.0063,0.0001,-0.0258
2008-03-19,-0.0237,-0.0007,0.002,-0.01,0.0051,0.0001,-0.0093999999999999
2008-03-20,0.0229,0.0004,0.0081,0.0012,-0.0034,0.0001,-0.0352
2008-03-24,0.0172,0.011,-0.006,-0.0038,-0.0092,0.0001,-0.0135
2008-03-25,0.0037,0.0039,-0.0012,-0.0002,0.0002,0.0001,0.0066
2008-03-26,-0.0083,0.0059,-0.0048,0.0048,-0.0056999999999999,0.0001,0.0236
2008-03-27,-0.0113,-0.002,0.0,-0.0051,0.0027,0.0001,0.0087
2008-03-28,-0.0081999999999999,-0.0051,0.0021,-0.0011,-0.0022,0.0001,0.0173
2008-03-31,0.0056999999999999,0.0013,0.0043,0.0003,-0.0023,0.0001,-0.0089
2008-04-01,0.0337,-0.0056999999999999,0.0006,-0.0009,-0.0023,0.0001,-0.0306
2008-04-02,-0.0009,0.0048,-0.0022,0.0023,-0.0033,0.0001,0.0014
2008-04-03,0.0015,-0.0009,-0.0015,-0.0019,0.0013,0.0001,-0.0014
2008-04-04,0.0016,0.0002,-0.0051,0.0011,-0.0004,0.0001,0.0108
2008-04-07,0.0014,-0.0037,0.0049,-0.0009,0.0004,0.0001,-0.005
2008-04-08,-0.0034,0.0032,-0.0013,0.0032,-0.0036,0.0001,0.0143
2008-04-09,-0.0096,-0.0086,-0.0013,0.0022,-0.0007,0.0001,0.0177
2008-04-10,0.0053,0.0060999999999999,-0.0055,-0.0004,0.001,0.0001,0.0022
2008-04-11,-0.0203,-0.0056,0.0046999999999999,0.0034999999999999,0.0011,0.0001,0.0014
2008-04-14,-0.0038,0.001,-0.003,0.0067,-0.0012,0.0001,0.0149
2008-04-15,0.0046999999999999,0.0034,0.004,0.0044,-0.0002,0.0001,0.0022
2008-04-16,0.0227999999999999,0.0056,0.0009,0.0015,0.0002,0.0001,0.0032
2008-04-17,-0.001,-0.0079,0.0039,-0.0001,0.0005,0.0001,-0.0092
2008-04-18,0.0168,0.0012,-0.0056,0.0045,-0.0033,0.0001,-0.0096
2008-04-21,-0.0017,-0.0015,-0.0063,0.003,-0.0044,0.0001,0.0092
2008-04-22,-0.0097,-0.0109,0.0038,0.0007,-0.0038,0.0001,0.0105
2008-04-23,0.0026,0.0013,-0.0121,-0.0021,0.0024,0.0001,0.0038
2008-04-24,0.0066,0.006,0.0039,-0.0052,0.0036,0.0001,-0.0272
2008-04-25,0.0068,-0.0005,0.002,0.0034,-0.0049,0.0001,-0.0091
2008-04-28,-0.0003,0.0060999999999999,0.0015,-0.0002,-0.0024,0.0001,-0.0026
2008-04-29,-0.0036,-0.004,0.0038,-0.0052,-0.0022,0.0001,-0.0085
2008-04-30,-0.003,-0.0005,0.0001,-0.0018,-0.0024,0.0001,0.0084
2008-05-01,0.0166,0.0012,0.0025,-0.0095,0.0043,0.0001,-0.0210999999999999
2008-05-02,0.002,-0.0075,0.0004,0.0009,-0.0027,0.0001,0.0
2008-05-05,-0.0040999999999999,0.0038,-0.002,0.0081999999999999,0.0008,0.0001,0.0113
2008-05-06,0.0075,-0.0001,0.0037,0.002,-0.0018,0.0001,-0.0007
2008-05-07,-0.0166,0.0,-0.0015,0.0034999999999999,0.0046,0.0001,0.0116
2008-05-08,0.0037,0.0003,-0.0032,0.0003,-0.0011,0.0001,0.0121
2008-05-09,-0.0054,0.0060999999999999,-0.0019,0.0017,0.0001,0.0001,0.004
2008-05-12,0.011,0.0066,-0.004,0.0003,0.0036,0.0001,-0.005
2008-05-13,0.0008,0.0060999999999999,-0.0013,0.0034999999999999,-0.001,0.0001,0.0075
2008-05-14,0.0038,-0.0043,0.001,-0.0017,0.003,0.0001,-0.0092
2008-05-15,0.0102,-0.001,-0.0028,0.0006,0.0019,0.0001,-0.0045
2008-05-16,0.0011,-0.0037,-0.0001,0.0031,-0.0046999999999999,0.0001,0.0092
2008-05-19,-0.0002,-0.0021,0.0013,0.0019,-0.0024,0.0001,0.0024
2008-05-20,-0.008,0.0052,-0.0016,0.0049,-0.003,0.0001,0.0121999999999999
2008-05-21,-0.0156,0.0045,0.0025,0.0013,0.0034999999999999,0.0001,0.0106
2008-05-22,0.0038,0.0028,0.0005,-0.0044,0.0022,0.0001,-0.006
2008-05-23,-0.0124,0.0005,-0.0034999999999999,-0.0024,-0.0009,0.0001,0.0084
2008-05-27,0.0072,0.0058,-0.0014,-0.0029,0.0013,0.0001,-0.0024
2008-05-28,0.0049,-0.0001,-0.0015,0.0026,-0.0018,0.0001,0.0069999999999999
2008-05-29,0.0060999999999999,0.0029,-0.0023,-0.0066,0.0007,0.0001,-0.0106
2008-05-30,0.0029,0.0024,-0.0003,0.0016,-0.005,0.0001,0.0039
2008-06-02,-0.0098,0.0017,0.0022,0.006,-0.0004,0.0001,0.0067
2008-06-03,-0.0046,0.0023,0.0001,-0.003,0.0011,0.0001,-0.0012
2008-06-04,0.0002,0.0051,-0.0067,-0.0038,0.0024,0.0001,-0.0003
2008-06-05,0.0195,0.0045,-0.0016,0.006,-0.0055,0.0001,0.0044
2008-06-06,-0.0289999999999999,0.0014,-0.0003,0.0018,-0.004,0.0001,0.0182
2008-06-09,-0.0003,-0.0054,-0.004,0.0112,-0.0003,0.0001,0.0202
2008-06-10,-0.0031,-0.0002,-0.0018,0.0,0.0045,0.0001,-0.0046999999999999
2008-06-11,-0.0165,-0.002,-0.0003,0.0045,-0.0021,0.0001,0.0196
2008-06-12,0.0031,-0.0003,0.0006,-0.0024,0.0051,0.0001,-0.0066
2008-06-13,0.0156,0.0034,-0.0044,0.0013,-0.0013,0.0001,-0.0032
2008-06-16,0.0016,0.0085,-0.001,0.001,-0.0037,0.0001,-0.0019
2008-06-17,-0.0055,0.001,-0.0025,0.0046,-0.004,0.0001,0.0174
2008-06-18,-0.0096,0.0023,0.0019,0.0040999999999999,0.0008,0.0001,0.0126
2008-06-19,0.0034,0.005,-0.0063,-0.0009,0.0037,0.0001,-0.0046
2008-06-20,-0.018,0.0033,0.0017,0.0036,-0.0002,0.0001,0.0147
2008-06-23,-0.0016,-0.0060999999999999,-0.003,0.0121999999999999,-0.0022,0.0001,0.0322
2008-06-24,-0.0055,-0.0118999999999999,0.0028,-0.0031,0.003,0.0001,-0.0121
2008-06-25,0.0064,0.0031,-0.0040999999999999,-0.0051,0.0012,0.0001,-0.0084
2008-06-26,-0.0283,0.0058,0.0017,0.0034999999999999,-0.001,0.0001,0.0181
2008-06-27,-0.0036,0.0018,-0.0051,0.0053,-0.0039,0.0001,0.0091
2008-06-30,-0.0006,-0.011,0.0023,0.0068,-0.0008,0.0001,0.0183
2008-07-01,0.0029,-0.0037,0.0031,0.0011,-0.0046,0.0001,0.0048
2008-07-02,-0.02,-0.0088,0.0016,-0.0042,0.0014,0.0001,0.0015
2008-07-03,-0.0015,-0.0067,-0.0023,0.0040999999999999,0.0021,0.0001,0.003
2008-07-07,-0.0081,-0.0014,-0.0127,0.0029,0.0022,0.0001,0.0108
2008-07-08,0.0184,0.0138,0.0226,-0.0109,0.0026,0.0001,-0.0298
2008-07-09,-0.0204999999999999,-0.0038,-0.0139999999999999,0.0038,0.0013,0.0001,0.0239
2008-07-10,0.0065,-0.0017,-0.0115,0.0054,-0.0036,0.0001,0.0318
2008-07-11,-0.0088,0.0133,-0.0108,-0.0006,0.0005,0.0001,0.0173
2008-07-14,-0.0093,-0.0053,-0.0242,0.0085,-0.0023,0.0001,0.0266
2008-07-15,-0.0097,0.0087,-0.0123,0.002,0.0051,0.0001,0.0024
2008-07-16,0.0252,0.0096,0.0458999999999999,-0.0108,0.0004,0.0001,-0.0588999999999999
2008-07-17,0.0112,0.0065,0.0397,-0.0121999999999999,0.004,0.0001,-0.0571
2008-07-18,-0.0008,-0.0051,0.0105,-0.0003,0.0003,0.0001,-0.0056999999999999
2008-07-21,0.0016,0.003,-0.0051,0.0001,-0.0044,0.0001,0.0073
2008-07-22,0.0137,0.0154,0.03,-0.0056,0.0004,0.0001,-0.0432
2008-07-23,0.0032,0.0025,0.0143,-0.0038,0.0045,0.0001,-0.0381
2008-07-24,-0.0231,0.001,-0.0281,0.0081,-0.0008,0.0001,0.0398
2008-07-25,0.0046,0.0069,-0.0095,0.0037,-0.0036,0.0001,0.0129
2008-07-28,-0.0176,-0.0018,-0.0135,0.0077,0.0007,0.0001,0.025
2008-07-29,0.0226,0.0024,0.0324,-0.006,0.0028,0.0001,-0.0391
2008-07-30,0.0159,-0.0126,-0.0006,0.0026,-0.0025,0.0001,0.0124
2008-07-31,-0.0116999999999999,0.0056999999999999,0.0039,-0.011,0.0036,0.0001,-0.009
2008-08-01,-0.0046999999999999,0.0077,0.0092,-0.0039,-0.004,0.0001,-0.0107
2008-08-04,-0.0109,-0.0021,0.003,0.0001,0.0087,0.0001,-0.0132
2008-08-05,0.0265,-0.0036,0.0163999999999999,-0.0018,0.0023,0.0001,-0.0327999999999999
2008-08-06,0.005,0.0032,-0.0105,0.0021,-0.0085,0.0001,0.0078
2008-08-07,-0.0173,0.0031,-0.0173,0.0102,0.0006,0.0001,0.0213
2008-08-08,0.0229,0.0083,0.012,0.0029,0.0091,0.0001,-0.0286
2008-08-11,0.0083,0.0156,0.0115,-0.0033,0.0028,0.0001,-0.0182
2008-08-12,-0.0105,0.0054,-0.0204,0.0064,0.0005,0.0001,0.0204
2008-08-13,-0.0015,0.0040999999999999,-0.0186,0.0032,-0.0055,0.0001,0.0299
2008-08-14,0.0063,0.0028,0.0125,-0.0053,-0.0001,0.0001,-0.0197
2008-08-15,0.0038,-0.003,0.01,-0.0026,0.0046,0.0001,-0.0183
2008-08-18,-0.0144999999999999,0.0007,-0.0093,0.0058,0.0015,0.0001,0.0172
2008-08-19,-0.01,-0.0077,-0.0113999999999999,0.0059,-0.003,0.0001,0.0276
2008-08-20,0.0054,-0.0053,0.0001,0.0036,-0.0059,0.0001,0.0076
2008-08-21,0.0012,-0.0097,-0.0040999999999999,0.0034,0.0001,0.0001,0.0073
2008-08-22,0.0113999999999999,0.0062,0.0101,-0.0018,0.0044,0.0001,-0.0181
2008-08-25,-0.0192,-0.0028,-0.0054,0.0008,-0.0006,0.0001,0.0095
2008-08-26,0.0034,-0.0008,0.002,0.0023,-0.0022,0.0001,0.0022
2008-08-27,0.0088,0.0031,0.0043,-0.0001,-0.001,0.0001,-0.0042
2008-08-28,0.0151,0.0042,0.0175,-0.0086,0.0016,0.0001,-0.0200999999999999
2008-08-29,-0.0125,0.0028,0.0060999999999999,-0.0021,0.0015,0.0001,-0.0049
2008-09-02,-0.0045,0.0062,0.0187999999999999,-0.0006,0.0078,0.0001,-0.0223
2008-09-03,-0.0023,0.008,0.0151,-0.0013,0.004,0.0001,-0.0166
2008-09-04,-0.0291,0.0005,-0.005,0.0058,0.003,0.0001,0.0126
2008-09-05,0.0042,-0.0054,0.0155,-0.0063,0.0,0.0001,-0.0084
2008-09-08,0.0176,-0.0005,0.0210999999999999,0.0003,0.0091,0.0001,-0.0204
2008-09-09,-0.0341,0.0044,-0.0085,0.0069,0.01,0.0001,0.0093999999999999
2008-09-10,0.0069999999999999,0.0033,-0.0070999999999999,0.0065,-0.0036,0.0001,0.0216
2008-09-11,0.0121999999999999,-0.0087,0.0012,0.0089,-0.0002,0.0001,0.0074
2008-09-12,0.0029,-0.002,-0.0013,0.0077,-0.0013,0.0001,0.0103
2008-09-15,-0.0445,0.0086,-0.0232,0.0097,0.0113,0.0001,0.0294
2008-09-16,0.0166,0.0077,0.0203,-0.0025,-0.0093999999999999,0.0001,-0.0006
2008-09-17,-0.046,0.0018,-0.0216,0.0074,0.0003,0.0001,0.0185
2008-09-18,0.044,0.0191,0.0483,-0.0259,-0.0021,0.0001,-0.0452
2008-09-19,0.0426999999999999,-0.0116,0.0393,-0.0269,-0.0136,0.0001,-0.0374
2008-09-22,-0.0393,-0.0011,-0.0336,0.0153,-0.0007,0.0001,0.0254
2008-09-23,-0.0155,0.0003,0.0014,-0.0018,0.003,0.0001,0.0034
2008-09-24,-0.0032,-0.0133,-0.0077,0.0004,0.0017,0.0001,0.0103
2008-09-25,0.017,-0.0098999999999999,0.0065,0.0026,0.0006,0.0001,-0.0045
2008-09-26,0.0011,-0.0059,0.0105,0.0026,-0.0026,0.0001,-0.0039
2008-09-29,-0.0825999999999999,0.0262,-0.0401999999999999,0.0131,0.0086,0.0001,0.0339
2008-09-30,0.0487999999999999,-0.0282,0.0297,-0.0032,-0.0098,0.0001,-0.0243
2008-10-01,-0.0046999999999999,-0.0062,0.03,-0.0128,0.0018,0.0,-0.0173
2008-10-02,-0.042,-0.006,0.0067,-0.0011,0.0096,0.0,0.011
2008-10-03,-0.0147,-0.0127,-0.0121999999999999,0.0026,0.0098,0.0,0.0189
2008-10-06,-0.0395,-0.0001,0.004,0.0045,0.0058,0.0,0.01
2008-10-07,-0.0576,0.0031,-0.0351,0.0109,0.0045,0.0,0.0314
2008-10-08,-0.0128,-0.0059,-0.0227999999999999,0.0097,-0.0042,0.0,0.0136
2008-10-09,-0.0736,-0.0067,-0.0256999999999999,0.0014,0.0008,0.0,0.0199
2008-10-10,-0.0096,0.0453,0.0311,-0.0081999999999999,-0.0072,0.0,-0.0043
2008-10-13,0.1135999999999999,-0.0285,-0.0197999999999999,0.0032,-0.0067,0.0,-0.0123
2008-10-14,-0.0086,-0.0206,0.0453,-0.0171,0.0019,0.0,-0.0200999999999999
2008-10-15,-0.0878999999999999,0.0009,0.0076,-0.0021,0.0040999999999999,0.0,0.0187999999999999
2008-10-16,0.0432,0.0203,-0.0136,0.0124,-0.0045,0.0,0.0158
2008-10-17,-0.0042,-0.0113,-0.0087,-0.0048,0.0012,0.0,-0.0064
2008-10-20,0.0455999999999999,-0.0123,-0.0083,0.0039,0.0031,0.0,0.0067
2008-10-21,-0.0295,0.0018,0.0044,0.0043,-0.0016,0.0,0.0044
2008-10-22,-0.0576,0.0074,0.0004,-0.0063,0.0003,0.0,0.0118999999999999
2008-10-23,0.003,-0.0323,-0.0077,0.0166,0.0091,0.0,0.0169
2008-10-24,-0.0327999999999999,-0.0023,-0.0052,0.0038,0.0037,0.0,0.01
2008-10-27,-0.0337,-0.0088,0.0038,0.0113999999999999,0.0062,0.0,0.0034
2008-10-28,0.0978,-0.0339,0.0049,0.0093,-0.0009,0.0,-0.0155
2008-10-29,-0.0046999999999999,0.0243,-0.0131,-0.0022,-0.0077,0.0,-0.0095
2008-10-30,0.0297,0.0189,-0.0045,-0.0014,-0.0098,0.0,-0.0087
2008-10-31,0.0187999999999999,0.0264,0.0200999999999999,-0.0036,-0.004,0.0,-0.0037
2008-11-03,-0.0005,0.0026,0.0051,-0.0068,0.0045,0.0,-0.0039
2008-11-04,0.0356999999999999,-0.0256,0.002,-0.0066,-0.0070999999999999,0.0,-0.0247
2008-11-05,-0.0504999999999999,-0.0007,-0.0156,0.0055,0.0004,0.0,0.0212
2008-11-06,-0.0483,0.0146,-0.0034999999999999,0.005,0.0118,0.0,0.0308999999999999
2008-11-07,0.0260999999999999,-0.0118999999999999,-0.0069,0.0054,-0.001,0.0,-0.0013
2008-11-10,-0.0131,-0.0102,-0.0207,0.0098999999999999,0.0015,0.0,0.0184
2008-11-11,-0.0225,0.0002,0.0003,0.0017,0.0040999999999999,0.0,0.0271
2008-11-12,-0.0513999999999999,-0.0070999999999999,-0.011,0.0081999999999999,0.0001,0.0,0.0345
2008-11-13,0.068,0.0079,0.001,0.0063,0.003,0.0,-0.0174
2008-11-14,-0.0426999999999999,-0.0227999999999999,-0.0016,0.0001,0.0005,0.0,0.0067
2008-11-17,-0.0243,0.0154,-0.017,0.0098,0.0013,0.0,0.0271
2008-11-18,0.0070999999999999,-0.0143,-0.0062,0.009,0.0017,0.0,0.0141
2008-11-19,-0.063,-0.0076,-0.0297,0.0127,0.0025,0.0,0.0394
2008-11-20,-0.0661,0.0096,-0.0250999999999999,0.0108,0.0116999999999999,0.0,0.0441999999999999
2008-11-21,0.0612,-0.0155,-0.0215,0.0102,0.0108,0.0,-0.0034999999999999
2008-11-24,0.0626999999999999,0.0,0.0476999999999999,-0.0085,-0.0158,0.0,-0.0703
2008-11-25,0.0093999999999999,0.0048,0.0212,-0.0060999999999999,-0.0018,0.0,-0.0217
2008-11-26,0.0388,0.0186,0.0028,-0.0064,-0.0046,0.0,-0.0504999999999999
2008-11-28,0.0106,-0.0019,0.0174,-0.0113999999999999,0.001,0.0,-0.0249
2008-12-01,-0.0896,-0.0159,-0.0373,0.0107,0.0049,0.0,0.042
2008-12-02,0.0397,0.0112,0.0245,-0.0088,0.0048,0.0,-0.0163
2008-12-03,0.0263,-0.0005,0.0152,-0.0016,0.0009,0.0,-0.004
2008-12-04,-0.0291,0.0014,0.0115,-0.001,0.0056,0.0,0.0070999999999999
2008-12-05,0.0375999999999999,0.0051,0.0185,-0.008,-0.0051,0.0,-0.0181
2008-12-08,0.038,0.0005,0.0009,0.0009,-0.0123,0.0,-0.0453
2008-12-09,-0.0223,-0.0087,-0.0107,-0.006,-0.0055,0.0,-0.0060999999999999
2008-12-10,0.012,0.0097,-0.0089,0.0091,-0.0036,0.0,-0.0118
2008-12-11,-0.0293,-0.0172,-0.0219,0.0034,0.0,0.0,0.0128
2008-12-12,0.0096,0.0237,0.0074,-0.0059,0.0006,0.0,-0.0025
2008-12-15,-0.0154,-0.0159,-0.0137,0.0072,-0.0007,0.0,0.013
2008-12-16,0.0515,0.004,0.0255,-0.0096,-0.0004,0.0,-0.0299
2008-12-17,-0.0063,0.0161,-0.0056999999999999,0.0019,-0.0031,0.0,-0.0141999999999999
2008-12-18,-0.0184,0.0070999999999999,-0.002,-0.0002,-0.0022,0.0,0.0141999999999999
2008-12-19,0.0034999999999999,0.0079,-0.002,0.0025,-0.0021,0.0,-0.0126
2008-12-22,-0.0187,-0.0025,-0.0083,0.0005,0.0053,0.0,0.0343
2008-12-23,-0.0088,-0.0044,-0.0083,0.0003,-0.0032,0.0,0.0113
2008-12-24,0.0051,-0.0003,0.0076,0.0042,-0.0001,0.0,-0.0019
2008-12-26,0.0063,0.0060999999999999,0.0006,0.0001,0.0017,0.0,-0.0079
2008-12-29,-0.0056,-0.0151,0.0002,0.0049,-0.0009,0.0,0.0132
2008-12-30,0.0247,0.0083,0.0101,0.0007,0.0006,0.0,-0.0148
2008-12-31,0.017,0.0171,0.0075,-0.0056,-0.001,0.0,-0.0165
2009-01-02,0.0312,-0.0139,-0.0040999999999999,-0.0019,-0.0011,0.0,-0.0429
2009-01-05,-0.0026,0.0034999999999999,-0.0115,-0.0034,-0.0059,0.0,-0.0306
2009-01-06,0.0087,0.0116,0.0088,-0.0048,-0.0015,0.0,-0.0503
2009-01-07,-0.0297,-0.0003,-0.0116999999999999,0.0025,0.0009,0.0,0.0182
2009-01-08,0.0046999999999999,0.0067,0.0040999999999999,-0.0024,0.0059,0.0,-0.0149
2009-01-09,-0.0220999999999999,-0.0159,-0.0125,0.0056,0.001,0.0,0.0075
2009-01-12,-0.0226,-0.001,-0.0194,0.0040999999999999,0.0044,0.0,0.0387
2009-01-13,0.0029,0.0034999999999999,0.0039,-0.0067,-0.0033,0.0,0.0083
2009-01-14,-0.0338,-0.0076,-0.0131,0.0034999999999999,0.0024,0.0,0.0288
2009-01-15,0.0043,0.0175,-0.023,0.0065,0.0043,0.0,0.0186
2009-01-16,0.0077,0.0012,-0.0106,0.0032,0.0044,0.0,0.0025
2009-01-20,-0.0529,-0.0089,-0.0409999999999999,0.009,0.0113999999999999,0.0,0.047
2009-01-21,0.0417,-0.002,0.0283,-0.0081,-0.0113999999999999,0.0,-0.0429
2009-01-22,-0.0161,-0.0121999999999999,-0.0177,0.005,-0.0079,0.0,0.0243999999999999
2009-01-23,0.0043,-0.0031,0.0112,-0.0027,-0.0045,0.0,-0.0245
2009-01-26,0.0055,0.0073,-0.0067,0.004,-0.0032,0.0,0.0016
2009-01-27,0.0107,-0.0018,0.0029,-0.0067,-0.001,0.0,-0.013
2009-01-28,0.0329,0.0006,0.0282,-0.0051,-0.0062,0.0,-0.0412
2009-01-29,-0.0322,-0.0069,-0.0215,0.0011,-0.0003,0.0,0.0314
2009-01-30,-0.0216,0.0009,-0.0118999999999999,-0.0003,-0.0033,0.0,0.0183
2009-02-02,0.0006,0.0115,-0.0038,-0.0012,0.0026,0.0,0.0097
2009-02-03,0.0146,-0.0058,-0.0241,0.0092,0.0046999999999999,0.0,0.0092
2009-02-04,-0.006,-0.003,-0.0031,-0.0033,-0.0052,0.0,-0.0077
2009-02-05,0.0161,0.0003,-0.0008,-0.0012,-0.0016,0.0,-0.0177
2009-02-06,0.0279,0.0048,0.0243,-0.0017,-0.003,0.0,-0.0308999999999999
2009-02-09,0.0003,-0.0068,0.0005,0.0006,-0.0038,0.0,-0.0148
2009-02-10,-0.0463,0.0038,-0.0283999999999999,0.0048,-0.0013,0.0,0.0383
2009-02-11,0.0075,-0.0046999999999999,0.0121999999999999,-0.0074,-0.0002,0.0,-0.0083
2009-02-12,0.003,0.0025,-0.0052,0.0022,-0.005,0.0,0.0025
2009-02-13,-0.0085,0.0059,-0.0148,-0.0031,-0.0022,0.0,-0.0019
2009-02-17,-0.0436,0.0043,-0.0237,0.005,0.005,0.0,0.0414
2009-02-18,-0.0033,-0.0103,-0.0075,0.0037,-0.0027,0.0,0.0108
2009-02-19,-0.0115,-0.0033,-0.0199,0.0076,-0.0027,0.0,0.0216
2009-02-20,-0.0116999999999999,-0.0033,-0.0093999999999999,0.0045,0.0038,0.0,0.015
2009-02-23,-0.0343,-0.0032,0.0076,0.0001,0.0053,0.0,0.0182
2009-02-24,0.0401,-0.0031,0.0305,-0.0118999999999999,-0.0027,0.0,-0.0426
2009-02-25,-0.0115,-0.0141999999999999,0.0031,-0.0008,-0.0003,0.0,0.0043
2009-02-26,-0.0154,-0.0018,0.0136,0.0009,-0.0019,0.0,-0.0155
2009-02-27,-0.0200999999999999,0.0131,-0.0203,0.0027,0.0036,0.0,0.0237
2009-03-02,-0.0475999999999999,-0.0052,-0.0031,0.0027,0.0084,0.0,0.0516999999999999
2009-03-03,-0.0072,-0.011,-0.0231,-0.0026,-0.0079,0.0,0.005
2009-03-04,0.0242,0.0019,-0.0091,-0.0053,-0.002,0.0,-0.015
2009-03-05,-0.0421,-0.0116,-0.0314,0.0045,0.0008,0.0,0.0325
2009-03-06,0.002,0.002,-0.0063,-0.0022,-0.0012,0.0,0.0065
2009-03-09,-0.011,-0.0088,0.0015,0.0013,-0.0056999999999999,0.0,-0.0173
2009-03-10,0.0636,0.0007,0.0418,-0.0200999999999999,-0.0009,0.0,-0.0674
2009-03-11,0.003,-0.0038,0.0054,0.0014,-0.0049,0.0,-0.0098999999999999
2009-03-12,0.0416,0.0187,0.026,-0.0068,0.0001,0.0,-0.0362
2009-03-13,0.0074,0.002,0.0046,-0.0011,-0.0002,0.0,-0.002
2009-03-16,-0.0055,-0.0081999999999999,0.0038,0.0081999999999999,-0.0008,0.0,-0.0163
2009-03-17,0.032,0.0098999999999999,0.0155,-0.0043,0.001,0.0,-0.0139999999999999
2009-03-18,0.0217,0.0098,0.0401,-0.009,0.0036,0.0,-0.052
2009-03-19,-0.0103,0.0046999999999999,-0.0269,0.0072,-0.0054,0.0,0.0029
2009-03-20,-0.0195,-0.0075,-0.0088,0.0028,0.0005,0.0,0.0279
2009-03-23,0.069,0.0036,0.0425,-0.0084,-0.0009,0.0,-0.0747
2009-03-24,-0.0192999999999999,-0.0152,-0.0177,0.004,-0.0024,0.0,0.0018
2009-03-25,0.0093999999999999,0.0134,0.0141,-0.0046999999999999,-0.0029,0.0,-0.0048
2009-03-26,0.0268,0.0189,-0.0012,-0.0013,0.0021,0.0,-0.0227
2009-03-27,-0.0203,-0.0139999999999999,0.0017,-0.0040999999999999,0.0039,0.0,0.0086
2009-03-30,-0.0349,0.0097,-0.0384,0.0129,-0.0014,0.0,0.0668
2009-03-31,0.013,-0.0008,0.0179,-0.0026,-0.0024,0.0,-0.0166
2009-04-01,0.0165,-0.002,0.016,-0.0001,0.0056,0.0,-0.0259
2009-04-02,0.0306999999999999,0.0203,0.0052,0.0011,-0.0023,0.0,-0.0414
2009-04-03,0.0101,0.0005,0.0097,0.0,-0.0049,0.0,-0.0315
2009-04-06,-0.0092,-0.0077,-0.0081,0.003,0.0006,0.0,0.001
2009-04-07,-0.0243,-0.0081,-0.0011,0.0032,0.0040999999999999,0.0,0.0181
2009-04-08,0.0128,0.0107,0.0002,-0.0002,0.0018,0.0,-0.0097
2009-04-09,0.0392,0.0151,0.0454,-0.0017,-0.0054,0.0,-0.0821
2009-04-13,0.0026,-0.0046999999999999,0.0229,-0.0091,-0.0022,0.0,-0.0407
2009-04-14,-0.0202,-0.0056999999999999,-0.0299,0.0032,-0.0008,0.0,0.015
2009-04-15,0.0112,0.0032,0.0237999999999999,-0.0032,0.0039,0.0,-0.0196
2009-04-16,0.0169,0.0128,0.0006,0.0,0.0048,0.0,-0.0157
2009-04-17,0.0055,0.0096,0.0036,0.0046,0.0013,0.0,-0.0200999999999999
2009-04-20,-0.0432,-0.0081999999999999,-0.0428,0.0052,0.0031,0.0,0.0712
2009-04-21,0.0219,0.0146,0.0306,-0.0015,-0.0034,0.0,-0.039
2009-04-22,-0.006,0.0136,-0.0118999999999999,0.0081999999999999,-0.0012,0.0,-0.0163
2009-04-23,0.0066,-0.0163,0.0024,0.0070999999999999,-0.0040999999999999,0.0,-0.0103
2009-04-24,0.0177,0.0084,0.0006,-0.0023,0.0036,0.0,-0.0334
2009-04-27,-0.0095,-0.0064,-0.0174,-0.002,-0.0015,0.0,0.022
2009-04-28,-0.002,0.0095,0.0012,0.0028,-0.0006,0.0,0.0126
2009-04-29,0.0241,0.011,0.0126,-0.0097,0.0,0.0,-0.0268
2009-04-30,-0.0005,-0.0044,-0.0065,0.0007,0.0003,0.0,-0.0269
2009-05-01,0.0045,-0.0054,-0.002,0.0028,-0.0003,0.0,-0.0185
2009-05-04,0.0336,0.0027,0.031,-0.003,-0.0039,0.0,-0.0533999999999999
2009-05-05,-0.0028,-0.0001,-0.0024,-0.0036,-0.0039,0.0,-0.0128
2009-05-06,0.0146,-0.0137,0.026,0.001,-0.0023,0.0,-0.0399
2009-05-07,-0.0141999999999999,-0.0074,-0.0089,0.0067,-0.0015,0.0,0.0102
2009-05-08,0.0248,0.0076,0.0301,-0.0058,-0.0034,0.0,-0.0503
2009-05-11,-0.0200999999999999,0.0063,-0.0242,-0.0012,0.0005,0.0,0.0219
2009-05-12,-0.0032,-0.0124,-0.0146,0.004,0.0049,0.0,0.0186
2009-05-13,-0.0291,-0.0184,-0.0152,0.0019,0.0043,0.0,0.0512
2009-05-14,0.0111,0.0069,0.0101,-0.0031,-0.0026,0.0,-0.0163
2009-05-15,-0.0102,0.0037,-0.0118,0.0011,-0.0014,0.0,0.0161
2009-05-18,0.0313,0.0072,0.0208,-0.0021,-0.0028,0.0,-0.0356
2009-05-19,-0.0004,0.0003,-0.0131,-0.0002,-0.0001,0.0,-0.0127
2009-05-20,-0.0048,-0.0026,-0.0118,0.0003,-0.0011,0.0,-0.0079
2009-05-21,-0.0168,-0.0004,0.004,-0.0038,-0.0021,0.0,0.0158
2009-05-22,-0.0015,-0.0054,-0.006,-0.003,0.0037,0.0,0.0045
2009-05-26,0.0279,0.0175,0.0067,0.0018,0.0004,0.0,-0.0031
2009-05-27,-0.018,0.0001,-0.0123,-0.0019,-0.0034,0.0,-0.0032
2009-05-28,0.0134,-0.0116999999999999,0.0056,-0.0012,-0.0029,0.0,-0.0121
2009-05-29,0.0138,0.0051,-0.0018,0.0003,-0.0016,0.0,-0.0056999999999999
2009-06-01,0.0273,0.0139,-0.0079,0.0066,-0.0021,0.0,-0.0192
2009-06-02,0.0029,0.0076,-0.0023,-0.0007,-0.0006,0.0,0.0078
2009-06-03,-0.0139,0.0067,-0.0081999999999999,0.0015,0.0028,0.0,0.0271
2009-06-04,0.0118,0.0046,0.0125,-0.0059,-0.0051,0.0,-0.0265
2009-06-05,-0.0019,0.0003,-0.006,0.0019,-0.0023,0.0,-0.0014
2009-06-08,-0.002,-0.0079,0.0058,-0.001,0.0006,0.0,0.0065
2009-06-09,0.0049,0.0024,-0.0025,-0.0052,-0.0032,0.0,-0.0095
2009-06-10,-0.0034999999999999,-0.0037,-0.0046,0.0018,-0.0002,0.0,-0.0118
2009-06-11,0.0063,-0.0018,0.0033,-0.0070999999999999,-0.0005,0.0,-0.0137
2009-06-12,0.0003,-0.0011,-0.0003,0.0007,0.0024,0.0,0.005
2009-06-15,-0.0237999999999999,-0.0040999999999999,-0.0036,0.0007,0.0021,0.0,0.0148
2009-06-16,-0.0133,-0.0023,-0.0033,-0.0027,0.0009,0.0,0.012
2009-06-17,-0.0008,0.0076,-0.0102,0.0017,0.0021,0.0,0.0273
2009-06-18,0.0074,-0.0040999999999999,0.0040999999999999,0.0031,-0.0016,0.0,0.0070999999999999
2009-06-19,0.0034999999999999,0.0038,0.0015,-0.0029,-0.0027,0.0,-0.0021
2009-06-22,-0.0306999999999999,-0.0067,-0.0079,0.0012,0.0067,0.0,0.0366
2009-06-23,0.0008,-0.0101,0.0018,-0.0024,0.0,0.0,-0.0084
2009-06-24,0.0078,0.0022,-0.0015,-0.004,-0.001,0.0,-0.0069
2009-06-25,0.0219,0.008,0.0,0.004,0.0,0.0,-0.0039
2009-06-26,0.0003,0.0155,0.0013,-0.0060999999999999,-0.0046,0.0,0.0013
2009-06-29,0.0081999999999999,-0.01,0.0039,0.0007,0.0040999999999999,0.0,-0.0014
2009-06-30,-0.0074,0.0026,-0.002,0.0006,-0.0018,0.0,-0.0002
2009-07-01,0.0055,0.0141,0.002,0.0049,0.0056,0.0,0.0023
2009-07-02,-0.0289999999999999,-0.0083,-0.0111,0.0007,-0.0024,0.0,0.0105
2009-07-06,-0.0003,-0.0098999999999999,-0.0095,-0.0003,-0.0011,0.0,0.0194
2009-07-07,-0.0192,-0.0001,-0.0015,-0.0022,-0.001,0.0,0.0108
2009-07-08,-0.0019,-0.0075,-0.011,0.0098,-0.0063,0.0,0.0116
2009-07-09,0.0034999999999999,-0.0039,0.0125,-0.0046999999999999,0.0012,0.0,-0.0106
2009-07-10,-0.0034,0.0084,-0.0053,0.0036,0.0004,0.0,0.004
2009-07-13,0.0243,-0.0032,0.0178,-0.0116,-0.0008,0.0,-0.0045
2009-07-14,0.0059,0.0034,0.0062,0.0029,0.0043,0.0,-0.0076
2009-07-15,0.0298,0.0068,0.0137,-0.0040999999999999,0.0049,0.0,-0.0159
2009-07-16,0.0093999999999999,0.0040999999999999,-0.0015,0.0056,-0.0005,0.0,-0.0083
2009-07-17,-0.0005,-0.0031,-0.0011,0.0052,0.0032,0.0,0.0056999999999999
2009-07-20,0.0118999999999999,0.0039,0.0034999999999999,0.0039,0.0069999999999999,0.0,-0.0147
2009-07-21,0.0031,-0.0065,-0.0081999999999999,0.0056999999999999,-0.0012,0.0,0.0056
2009-07-22,0.0008,0.0063,0.0039,-0.0033,0.0026,0.0,-0.003
2009-07-23,0.0237,0.0076,0.0102,-0.0018,0.0049,0.0,-0.0169
2009-07-24,0.0038,0.0031,0.0009,-0.0016,0.0034999999999999,0.0,-0.0108
2009-07-27,0.0029,0.0022,0.0098,-0.0081,0.0045,0.0,-0.0124
2009-07-28,-0.002,0.0024,-0.003,-0.0049,-0.0006,0.0,0.0046
2009-07-29,-0.0046,-0.0016,-0.0084,0.0008,0.001,0.0,0.0125
2009-07-30,0.0124,0.0049,0.0146,-0.0021,-0.0014,0.0,-0.0227
2009-07-31,0.0005,-0.0007,0.0123,-0.0019,0.0012,0.0,-0.0118999999999999
2009-08-03,0.0163,0.0024,0.0168,-0.0006,0.0006,0.0,-0.0203
2009-08-04,0.0032,0.0053,0.0078,-0.0046999999999999,0.0056,0.0,-0.0134
2009-08-05,-0.0031,-0.0086,0.0169,-0.0139999999999999,0.0019,0.0,-0.0154
2009-08-06,-0.0062,-0.0097,0.0007,0.0006,0.0032,0.0,-0.0051
2009-08-07,0.0144,0.0112,0.012,-0.0008,0.0019,0.0,-0.0113
2009-08-10,-0.0032,0.0056999999999999,0.003,0.0013,-0.0004,0.0,-0.0072
2009-08-11,-0.0125,-0.0027,-0.0121,0.009,0.0016,0.0,0.0161
2009-08-12,0.0121,0.0053,0.0051,-0.0044,0.0016,0.0,-0.0070999999999999
2009-08-13,0.0073,-0.0017,0.011,-0.0077,-0.0004,0.0,-0.0156
2009-08-14,-0.0097,-0.0121,-0.0026,-0.0003,-0.0013,0.0,0.0027
2009-08-17,-0.0246,-0.0033,-0.0169,0.0054,-0.0012,0.0,0.0199
2009-08-18,0.0111,0.0056,0.0124,-0.0033,0.0026,0.0,-0.0102
2009-08-19,0.0072,0.0034999999999999,-0.0043,0.0026,0.0022,0.0,0.0019
2009-08-20,0.01,0.0005,0.0081999999999999,-0.0011,0.001,0.0,-0.0078
2009-08-21,0.0183,0.0044,0.0072,-0.0026,-0.0002,0.0,-0.0098
2009-08-24,-0.0009,0.0006,-0.0032,0.0046999999999999,0.0005,0.0,-0.0033
2009-08-25,0.0027,0.0026,0.0069,-0.0031,0.0062,0.0,0.0012
2009-08-26,-0.0001,0.0015,0.0009,-0.0014,0.0023,0.0,0.0006
2009-08-27,0.0021,-0.0012,0.0055,-0.0011,0.0024,0.0,-0.0085
2009-08-28,-0.0019,-0.0039,0.0056,-0.0039,0.0033,0.0,-0.006
2009-08-31,-0.0086,-0.0052,-0.0063,-0.0022,-0.0016,0.0,0.0079
2009-09-01,-0.0215,-0.0017,-0.0206,0.0106,-0.0044,0.0,0.0169
2009-09-02,-0.0028,-0.0002,-0.0069999999999999,0.0021,0.0018,0.0,0.0034
2009-09-03,0.0093,0.0022,0.0112,-0.0045,0.0015,0.0,-0.0086
2009-09-04,0.0131,0.0025,0.0025,0.0012,0.0019,0.0,-0.0066
2009-09-08,0.0089,0.0017,0.0009,0.0019,-0.0001,0.0,-0.0055
2009-09-09,0.009,0.0093,0.0069,-0.002,0.0013,0.0,-0.0045
2009-09-10,0.0108,0.0058,0.0093,-0.0022,0.0018,0.0,-0.0091
2009-09-11,-0.001,0.0007,-0.0005,0.0034,0.0005,0.0,-0.0079
2009-09-14,0.0065,0.0023,0.0060999999999999,-0.0025,0.0034999999999999,0.0,-0.0096
2009-09-15,0.0044,0.006,0.0056999999999999,-0.0007,-0.0001,0.0,-0.0108
2009-09-16,0.0154,0.0053,0.0131,-0.0060999999999999,-0.0015,0.0,-0.0172
2009-09-17,-0.003,-0.0001,-0.0028,-0.0002,-0.0017,0.0,0.0018
2009-09-18,0.0023,0.0015,-0.0018,0.0017,0.0013,0.0,0.0023
2009-09-21,-0.0027,-0.0017,-0.0065,-0.0011,0.0004,0.0,0.0068
2009-09-22,0.0066,0.0012,0.0148,-0.0034999999999999,0.0013,0.0,-0.0121999999999999
2009-09-23,-0.01,0.0,-0.0089,0.0015,-0.0016,0.0,0.0053
2009-09-24,-0.0106,-0.0079,-0.0133,0.0053,-0.0037,0.0,0.0107
2009-09-25,-0.0064,0.001,-0.005,0.0024,0.0,0.0,0.0006
2009-09-28,0.0178,0.0052,0.011,-0.0043,0.0031,0.0,-0.0023
2009-09-29,-0.0012,0.0002,0.0038,0.0042,0.0001,0.0,-0.0005
2009-09-30,-0.004,-0.0063,-0.0062,0.0026,-0.0017,0.0,0.0065
2009-10-01,-0.0258,-0.0078,-0.0138,0.0077,-0.0024,0.0,0.0058
2009-10-02,-0.0052,-0.0029,-0.0014,-0.001,0.0001,0.0,0.0019
2009-10-05,0.0149,0.0036,0.0181,-0.0034,0.0038,0.0,-0.003
2009-10-06,0.0139999999999999,0.0053,0.0026,0.0011,-0.0016,0.0,0.004
2009-10-07,0.0026,-0.0031,0.0056999999999999,-0.0036,-0.0015,0.0,-0.0014
2009-10-08,0.0084,0.003,0.0042,0.0081,0.0002,0.0,-0.0016
2009-10-09,0.0058,0.0056999999999999,-0.0025,-0.0012,0.0007,0.0,0.0006
2009-10-12,0.0036,-0.0048,0.0034999999999999,0.0006,0.0023,0.0,-0.0022
2009-10-13,-0.0021,0.0005,-0.0016,-0.0004,-0.0002,0.0,0.0017
2009-10-14,0.017,0.0018,0.0116999999999999,-0.0059,0.0028,0.0,0.0021
2009-10-15,0.0034999999999999,-0.003,-0.0042,0.0078,-0.0026,0.0,0.0007
2009-10-16,-0.008,-0.0017,-0.0126,0.0076,-0.0037,0.0,-0.0006
2009-10-19,0.0093999999999999,0.0002,0.0001,0.0045,0.0008,0.0,0.0038
2009-10-20,-0.0070999999999999,-0.0075,-0.0055,0.0038,-0.0037,0.0,0.0009
2009-10-21,-0.0087,-0.0017,-0.0054,0.0076,-0.0006,0.0,0.004
2009-10-22,0.0103,0.001,0.0065,-0.0040999999999999,0.0034,0.0,-0.0046999999999999
2009-10-23,-0.0123,-0.009,-0.0102,0.0042,-0.0098999999999999,0.0,0.002
2009-10-26,-0.0118,-0.002,-0.0134,0.0078,-0.0006,0.0,0.002
2009-10-27,-0.0052,-0.0069,-0.0060999999999999,0.0022,0.0008,0.0,-0.015
2009-10-28,-0.0215,-0.0172,-0.0134,0.0008,-0.0033,0.0,-0.0192999999999999
2009-10-29,0.0217,0.0003,0.0169,-0.0068,0.0029,0.0,0.0121999999999999
2009-10-30,-0.0275,-0.0034,-0.0192999999999999,0.0059,-0.0029,0.0,-0.0019
2009-11-02,0.0052,-0.0078,-0.003,0.0034,-0.0008,0.0,0.005
2009-11-03,0.0046,0.0115,0.008,-0.0015,0.0025,0.0,0.0069
2009-11-04,0.0007,-0.0118,-0.0053,0.003,-0.0024,0.0,0.0016
2009-11-05,0.0204,0.0125,0.0064,0.0006,0.0036,0.0,0.0058
2009-11-06,0.0026,-0.0032,-0.0049,-0.001,0.0001,0.0,-0.0012
2009-11-09,0.0217,-0.0028,0.0134,-0.0011,0.0029,0.0,0.0058
2009-11-10,-0.0004,-0.0079,-0.0008,0.0065,-0.0001,0.0,0.0032
2009-11-11,0.0053,0.0031,0.0031,-0.0066,0.0029,0.0,0.0007
2009-11-12,-0.011,-0.01,-0.0077,0.0015,-0.0007,0.0,-0.0033
2009-11-13,0.0063,0.0032,-0.0004,0.0015,0.0007,0.0,0.0059
2009-11-16,0.0156,0.0129,0.0017,0.0027,0.0034999999999999,0.0,0.0034999999999999
2009-11-17,0.0014,-0.0023,-0.0007,-0.0006,-0.0019,0.0,-0.0018
2009-11-18,-0.0014,-0.0039,0.0045,-0.003,0.0005,0.0,-0.0038
2009-11-19,-0.0138,-0.0087,-0.0062,0.0013,-0.0014,0.0,-0.0085
2009-11-20,-0.0033,0.0013,-0.0044,0.0007,-0.0018,0.0,-0.0065
2009-11-23,0.013,0.0040999999999999,-0.001,0.0008,-0.0029,0.0,-0.001
2009-11-24,-0.0007,-0.0022,-0.005,0.0021,-0.0003,0.0,-0.0048
2009-11-25,0.0048,-0.0043,0.0012,0.0022,-0.0004,0.0,0.0045
2009-11-27,-0.0174,-0.0065,-0.0081,0.0036,-0.0013,0.0,-0.0052
2009-11-30,0.0025,-0.0026,0.0074,-0.0081,-0.0025,0.0,-0.0018
2009-12-01,0.013,0.0053,-0.0028,0.0024,0.0012,0.0,0.0055
2009-12-02,0.002,0.01,-0.0036,0.0005,0.0016,0.0,0.0027
2009-12-03,-0.0086,-0.0028,-0.0033,0.0034999999999999,0.0008,0.0,-0.0026
2009-12-04,0.0069999999999999,0.017,0.0077,-0.0034999999999999,0.004,0.0,-0.0015
2009-12-07,-0.0014,0.0054,-0.0026,0.0052,0.0024,0.0,-0.0023
2009-12-08,-0.0098,0.0002,-0.0014,-0.0011,0.0001,0.0,0.0002
2009-12-09,0.0033,-0.0019,-0.0002,-0.0004,-0.0007,0.0,0.0033
2009-12-10,0.005,-0.0093999999999999,-0.001,0.0049,-0.0026,0.0,0.0027
2009-12-11,0.0044,0.0043,0.0049,0.0017,0.0024,0.0,-0.0055
2009-12-14,0.0078,0.0070999999999999,0.0033,-0.002,-0.0064,0.0,0.0097
2009-12-15,-0.0046,0.0016,-0.0059,0.0039,-0.0032,0.0,0.0012
2009-12-16,0.0018,0.0051,0.0070999999999999,-0.0046,0.0007,0.0,0.0070999999999999
2009-12-17,-0.0116,0.0013,-0.0034,0.0033,-0.0027,0.0,-0.003
2009-12-18,0.0067,0.0026,0.0019,-0.006,-0.0055,0.0,-0.0009
2009-12-21,0.0102,0.0029,0.0029,0.0014,0.002,0.0,0.0040999999999999
2009-12-22,0.0043,0.0056,-0.001,-0.0007,0.004,0.0,0.0032
2009-12-23,0.0038,0.0086,-0.0039,0.0044,-0.0019,0.0,0.0075
2009-12-24,0.005,-0.0007,0.0019,-0.0016,-0.0003,0.0,0.0025
2009-12-28,0.0009,-0.0016,-0.0029,0.0017,-0.0015,0.0,-0.0018
2009-12-29,-0.0009,0.0007,-0.0009,-0.0003,0.0,0.0,-0.0038
2009-12-30,-0.0001,-0.0006,-0.001,-0.0018,0.0023,0.0,-0.0008
2009-12-31,-0.0101,-0.0017,0.0039,-0.0045,0.0018,0.0,0.0003
2010-01-04,0.0169,0.0079,0.0113999999999999,-0.0017,0.0019,0.0,0.0058
2010-01-05,0.0031,-0.0042,0.0121999999999999,-0.0018,0.0018,0.0,0.0062
2010-01-06,0.0013,-0.0014,0.0055,-0.0005,0.002,0.0,-0.0005
2010-01-07,0.004,0.0025,0.0096,-0.0066,0.0022,0.0,-0.0087
2010-01-08,0.0033,0.0031,0.0002,0.0023,-0.0039,0.0,0.002
2010-01-11,0.0013,-0.0014,-0.0026,0.0018,0.0058,0.0,-0.0048
2010-01-12,-0.01,-0.0036,-0.0128,0.0052,-0.0003,0.0,-0.0124
2010-01-13,0.0085,0.0032,0.0031,-0.0034,0.0009,0.0,0.0038
2010-01-14,0.0024,0.0025,0.0008,-0.003,-0.0001,0.0,-0.0012
2010-01-15,-0.0111,-0.0019,-0.0039,0.0062,-0.0015,0.0,-0.0052
2010-01-19,0.0126,0.0046,-0.002,-0.0015,-0.0003,0.0,0.0005
2010-01-20,-0.0098,-0.0053,0.0022,-0.0055,-0.0014,0.0,-0.0054
2010-01-21,-0.0174,0.0013,-0.0109,-0.0003,-0.0045,0.0,-0.01
2010-01-22,-0.0213,0.0049,-0.009,0.0046999999999999,-0.0001,0.0,-0.0158
2010-01-25,0.0037,-0.0022,0.0034,0.0008,0.0011,0.0,0.0054
2010-01-26,-0.0045,-0.0024,-0.0045,0.003,-0.0007,0.0,-0.0001
2010-01-27,0.0053,0.0027,0.002,-0.0088,-0.0001,0.0,-0.0016
2010-01-28,-0.0118,-0.0051,0.0042,-0.0003,0.0005,0.0,-0.0065
2010-01-29,-0.0097,-0.0009,-0.0042,-0.0021,0.0019,0.0,-0.0123
2010-02-01,0.0139,-0.0014,0.0089,-0.0014,0.0068,0.0,0.0137
2010-02-02,0.0121,-0.0028,0.0064,0.0029,0.0068,0.0,0.0046
2010-02-03,-0.0049,0.0001,-0.0037,0.0017,-0.0009,0.0,0.0023
2010-02-04,-0.0314,-0.0032,-0.0118999999999999,0.0045,-0.0005,0.0,-0.0156
2010-02-05,0.0029,-0.0003,0.0001,-0.0065,-0.0015,0.0,0.0006
2010-02-08,-0.0079,-0.0006,-0.0038,0.0015,0.0014,0.0,0.0
2010-02-09,0.0133,0.0036,0.0056999999999999,0.0031,0.004,0.0,0.0088
2010-02-10,-0.0017,0.003,0.003,-0.005,-0.0007,0.0,0.0023
2010-02-11,0.0113,0.0067,0.0006,0.0004,-0.0018,0.0,0.009
2010-02-12,-0.0007,0.0096,0.0014,-0.0021,0.0025,0.0,0.0051
2010-02-16,0.0175,-0.0013,0.0102,0.0001,0.0009,0.0,0.009
2010-02-17,0.0049,0.0016,0.001,0.0021,-0.0006,0.0,0.0001
2010-02-18,0.0062,0.0009,0.0002,0.0024,-0.0013,0.0,0.0009
2010-02-19,0.0028,0.0009,0.0048,-0.0024,-0.0001,0.0,-0.002
2010-02-22,-0.0005,0.0001,0.006,-0.0075,-0.0012,0.0,0.0015
2010-02-23,-0.0124,0.0018,-0.0093999999999999,0.0033,-0.0002,0.0,-0.0103
2010-02-24,0.0093999999999999,-0.0027,0.0055,-0.0025,0.0001,0.0,0.0052
2010-02-25,-0.0013,0.0025,0.0027,0.0014,0.0004,0.0,0.0049
2010-02-26,0.0012,-0.0042,0.004,0.001,-0.0004,0.0,0.0042
2010-03-01,0.012,0.0118999999999999,0.0005,0.0008,0.0051,0.0,0.0118
2010-03-02,0.0032,0.0062,0.0017,-0.0018,-0.0007,0.0,0.0012
2010-03-03,0.0009,0.0014,0.0009,0.0006,0.0029,0.0,0.0007
2010-03-04,0.0037,0.0017,0.002,-0.0001,0.0024,0.0,0.0038
2010-03-05,0.0143,0.0052,0.0062,-0.0018,0.0026,0.0,0.0087
2010-03-08,0.0002,0.0014,0.003,-0.0017,0.0012,0.0,0.0012
2010-03-09,0.0021,0.0026,-0.0009,-0.0001,0.0002,0.0,0.0039
2010-03-10,0.0054,0.0017,0.0070999999999999,-0.0049,0.0029,0.0,0.0040999999999999
2010-03-11,0.0043,-0.0006,-0.0009,-0.0019,0.0013,0.0,-0.0008
2010-03-12,-0.0002,0.0001,-0.0025,0.0052,-0.0005,0.0,0.0028
2010-03-15,-0.0002,-0.0036,-0.005,0.0017,-0.0013,0.0,-0.0066
2010-03-16,0.0078,-0.0008,0.0056999999999999,-0.0017,0.0019,0.0,0.0032
2010-03-17,0.0056999999999999,0.0008,0.0037,-0.0012,0.0007,0.0,0.0009
2010-03-18,-0.001,-0.0025,-0.0059,0.0011,0.0007,0.0,-0.0052
2010-03-19,-0.0060999999999999,-0.0065,-0.0062,0.0005,-0.0048,0.0,-0.0153
2010-03-22,0.0067,0.0084,0.0003,0.0012,0.0009,0.0,0.0086
2010-03-23,0.008,0.0038,0.0034,-0.0002,0.0012,0.0,0.0084
2010-03-24,-0.006,-0.0049,0.0079,-0.0039,0.0006,0.0,0.0042
2010-03-25,-0.0026,-0.0048,-0.0026,-0.0013,-0.0004,0.0,-0.0016
2010-03-26,0.0006,-0.0008,0.0027,0.0004,0.0013,0.0,0.0034999999999999
2010-03-29,0.0059,-0.0005,0.002,0.0026,0.0013,0.0,0.0016
2010-03-30,0.0004,0.0022,-0.0043,0.0032,-0.0022,0.0,-0.0012
2010-03-31,-0.0036,-0.0045,0.002,-0.0023,-0.0008,0.0,-0.0014
2010-04-01,0.0075,0.0007,0.0079,0.0013,0.0037,0.0,0.0063
2010-04-05,0.0095,0.0113,0.0085,-0.0015,0.0032,0.0,0.0102
2010-04-06,0.0019,0.0034999999999999,0.0046999999999999,-0.0025,-0.0012,0.0,0.0024
2010-04-07,-0.0048,0.002,0.0027,-0.0009,0.0018,0.0,-0.0043
2010-04-08,0.0031,-0.0023,0.0034999999999999,-0.0005,0.0022,0.0,0.0026
2010-04-09,0.0066,-0.0016,0.0017,0.0024,0.0021,0.0,0.0008
2010-04-12,0.0023,0.0033,0.0007,0.0001,0.0021,0.0,-0.0014
2010-04-13,0.0007,0.0011,-0.0006,0.0012,0.0004,0.0,0.0016
2010-04-14,0.0124,0.0104,0.0143,-0.0112,0.0052,0.0,0.0088
2010-04-15,0.0011,0.0054,-0.0003,0.0019,-0.0021,0.0,0.0021
2010-04-16,-0.0153,0.0049,-0.0187,0.0104,-0.0024,0.0,-0.008
2010-04-19,0.0028,-0.0089,-0.0004,-0.0009,0.0021,0.0,-0.0060999999999999
2010-04-20,0.0088,0.0075,0.0059,-0.0017,-0.0003,0.0,0.0040999999999999
2010-04-21,-0.0006,0.0070999999999999,0.0019,0.004,-0.0017,0.0,0.0060999999999999
2010-04-22,0.0037,0.0085,0.0053,-0.0009,0.0013,0.0,0.0098999999999999
2010-04-23,0.0069999999999999,0.0037,0.006,-0.0006,0.0016,0.0,0.0024
2010-04-26,-0.0043,0.0038,-0.0038,0.0075,0.0029,0.0,0.0033
2010-04-27,-0.0233999999999999,-0.0005,-0.0136,0.0046999999999999,-0.0066,0.0,-0.0129
2010-04-28,0.0056,-0.0059,0.0069999999999999,-0.0056999999999999,0.0034,0.0,0.0003
2010-04-29,0.0134,0.0053,0.0054,-0.0053,0.0048,0.0,0.0092
2010-04-30,-0.0172,-0.0109,-0.0086,0.0037,-0.0054,0.0,-0.0111
2010-05-03,0.0136,0.0076,0.0059,-0.0021,0.0039,0.0,0.0077
2010-05-04,-0.025,-0.0063,-0.0092,0.0026,-0.0021,0.0,-0.0095
2010-05-05,-0.0075,-0.0081999999999999,-0.006,0.0008,-0.0046,0.0,-0.0059
2010-05-06,-0.0327,-0.0038,-0.0091,0.008,-0.0034,0.0,-0.0086
2010-05-07,-0.0175,-0.0134,-0.0051,0.0022,-0.0018,0.0,-0.0115
2010-05-10,0.0447,0.0104,0.0123,-0.0054,0.0019,0.0,0.026
2010-05-11,-0.0017,0.0112,-0.0016,-0.0011,0.0003,0.0,0.0028
2010-05-12,0.0163,0.0144999999999999,0.0015,0.0009,0.0021,0.0,0.0129
2010-05-13,-0.0112,0.0032,-0.0033,0.0017,-0.0018,0.0,-0.0051
2010-05-14,-0.0191,-0.0034,-0.0075,0.0039,-0.0029,0.0,-0.0129
2010-05-17,0.0011,0.0003,-0.0059,0.0016,0.0013,0.0,-0.006
2010-05-18,-0.0141,-0.0031,-0.0096,0.0062,-0.003,0.0,-0.0086
2010-05-19,-0.0063,-0.0087,0.0004,-0.0022,0.0017,0.0,-0.0064
2010-05-20,-0.0399,-0.0107,-0.012,0.0051,-0.0031,0.0,-0.0125
2010-05-21,0.0143,-0.0021,0.0157,-0.0077,0.0012,0.0,0.0149
2010-05-24,-0.0118999999999999,0.0019,-0.0089,0.0064,-0.0007,0.0,0.0039
2010-05-25,-0.0003,-0.0040999999999999,0.0056,-0.0051,0.0016,0.0,0.0045
2010-05-26,-0.0034999999999999,0.0092,0.004,-0.0028,0.0015,0.0,0.0056
2010-05-27,0.0344,0.0083,0.0163,-0.0038,0.0072,0.0,0.0197
2010-05-28,-0.0118,0.0004,-0.0069,0.0034,-0.0004,0.0,-0.0033
2010-06-01,-0.0189,-0.0126,-0.0163,0.0009,-0.003,0.0,-0.0032
2010-06-02,0.0263,0.0027,0.0042,-0.0036,0.0,0.0,0.0060999999999999
2010-06-03,0.0054,0.0067,-0.0028,0.0027,-0.0026,0.0,0.0001
2010-06-04,-0.0362,-0.0129,-0.0068,0.001,-0.0026,0.0,-0.013
2010-06-07,-0.0152,-0.0118999999999999,-0.01,0.005,-0.0067,0.0,-0.0127
2010-06-08,0.0091,-0.0137,0.0012,-0.0012,0.0022,0.0,-0.0037
2010-06-09,-0.0046,0.0073,-0.002,0.0044,0.0024,0.0,0.0037
2010-06-10,0.0295,0.0046999999999999,0.0089,0.0012,0.0037,0.0,0.0095
2010-06-11,0.0060999999999999,0.0095,0.0003,-0.001,0.0005,0.0,0.0067
2010-06-14,-0.0006,0.0062,-0.0001,0.0022,0.0022,0.0,0.0054
2010-06-15,0.0236,0.0019,0.0091,-0.0029,0.0011,0.0,0.0046999999999999
2010-06-16,-0.0011,-0.0025,-0.0032,-0.0001,-0.0032,0.0,0.0015
2010-06-17,0.0008,-0.0022,-0.005,-0.0021,-0.0004,0.0,0.0001
2010-06-18,0.0013,0.0,0.0022,-0.002,-0.0014,0.0,-0.0009
2010-06-21,-0.0046999999999999,-0.0055,-0.0005,0.002,0.001,0.0,-0.0021
2010-06-22,-0.0163,-0.0046999999999999,-0.0074,-0.0024,-0.003,0.0,-0.0062
2010-06-23,-0.0029,0.0,0.0023,-0.0015,0.0003,0.0,0.0001
2010-06-24,-0.0165,0.0,-0.0089,-0.0003,-0.002,0.0,-0.0056
2010-06-25,0.0048,0.0121999999999999,0.0106,-0.0118999999999999,-0.0024,0.0,0.0062
2010-06-28,-0.0023,-0.0012,-0.0077,0.0031,0.0003,0.0,-0.0027
2010-06-29,-0.0323,-0.008,-0.0128,0.0046,-0.0024,0.0,-0.0197
2010-06-30,-0.0098,0.0,-0.0033,-0.0001,-0.0002,0.0,-0.0034
2010-07-01,-0.004,-0.0037,-0.004,0.0046999999999999,0.0016,0.0,-0.0015
2010-07-02,-0.0049,-0.0033,-0.0045,0.0012,-0.0036,0.0,-0.0069
2010-07-06,0.0034,-0.0194,0.0008,0.0004,-0.0045,0.0,-0.0043
2010-07-07,0.0317,0.0006,0.0036,-0.0075,0.0092,0.0,0.0158
2010-07-08,0.01,0.0055,0.0003,0.0004,0.0011,0.0,0.0017
2010-07-09,0.0081,0.0069,0.0058,-0.0063,0.005,0.0,0.0056999999999999
2010-07-12,-0.0011,-0.0115,0.0007,0.0027,-0.0015,0.0,-0.0060999999999999
2010-07-13,0.0177,0.0162,0.0058,-0.0069,0.0093,0.0,0.0049
2010-07-14,-0.0004,-0.002,-0.0083,0.005,-0.0033,0.0,0.0001
2010-07-15,0.0002,-0.0086,-0.0016,0.0031,-0.0008,0.0,-0.0052
2010-07-16,-0.0294,-0.0060999999999999,-0.0096,0.0097,-0.0070999999999999,0.0,-0.0108
2010-07-19,0.0054,-0.0021,-0.0018,0.0004,0.002,0.0,-0.0034
2010-07-20,0.0123,0.006,0.0003,-0.0004,0.0053,0.0,0.0056
2010-07-21,-0.013,-0.0040999999999999,-0.0036,0.0031,-0.0005,0.0,0.0029
2010-07-22,0.0237,0.0124,0.0059,-0.0074,0.0075,0.0,0.0056
2010-07-23,0.0105,0.0139999999999999,-0.0033,-0.0028,0.005,0.0,0.0055
2010-07-26,0.0123,0.009,0.0015,-0.0052,0.0025,0.0,0.0011
2010-07-27,-0.0023,-0.0029,0.0031,0.0043,-0.0034,0.0,-0.0062
2010-07-28,-0.0083,-0.0087,0.0004,0.0038,-0.0026,0.0,-0.0006
2010-07-29,-0.0036,0.0038,0.0067,-0.0014,-0.001,0.0,0.0026
2010-07-30,0.0006,0.0006,-0.0022,-0.0005,0.0006,0.0,0.0018
2010-08-02,0.0209,-0.0051,0.0008,-0.0031,0.004,0.0,-0.0024
2010-08-03,-0.0055,-0.0037,-0.0046999999999999,0.0017,-0.0063,0.0,-0.0018
2010-08-04,0.0074,0.0037,-0.0009,-0.0027,0.002,0.0,0.0017
2010-08-05,-0.0022,-0.0087,0.0012,0.0002,0.0014,0.0,0.0
2010-08-06,-0.0036,-0.0019,-0.0031,0.0009,-0.0022,0.0,-0.0007
2010-08-09,0.0062,0.0060999999999999,0.0018,-0.0015,0.0001,0.0,0.0011
2010-08-10,-0.0078,-0.0126,-0.0019,0.0037,-0.0027,0.0,0.0019
2010-08-11,-0.0291,-0.0108,-0.0062,0.0101,-0.0058,0.0,-0.0037
2010-08-12,-0.005,0.0003,-0.0008,0.0055,-0.0017,0.0,-0.0009
2010-08-13,-0.0046,-0.0078,0.0027,-0.0018,0.0003,0.0,-0.0007
2010-08-16,0.001,0.0088,-0.002,-0.0011,0.0007,0.0,0.0019
2010-08-17,0.0131,0.0048,-0.0018,-0.0025,0.0015,0.0,0.0034
2010-08-18,0.0021,0.0009,0.0004,0.0004,0.0033,0.0,0.002
2010-08-19,-0.0174,-0.0088,-0.004,0.0037,-0.0040999999999999,0.0,0.0005
2010-08-20,-0.0028,0.0025,-0.0025,-0.0015,-0.0018,0.0,0.0015
2010-08-23,-0.005,-0.0091,-0.004,0.0024,-0.004,0.0,-0.0045
2010-08-24,-0.0148,0.0018,0.0022,0.0014,-0.0009,0.0,-0.0033
2010-08-25,0.0045,0.0102,0.0001,-0.002,0.0001,0.0,0.0004
2010-08-26,-0.0076,-0.0011,-0.0022,0.0015,-0.0017,0.0,0.0036
2010-08-27,0.0182,0.0093999999999999,0.0034999999999999,-0.0089,0.0022,0.0,0.0044
2010-08-30,-0.0154,-0.0085,-0.004,0.0032,-0.0034,0.0,-0.0007
2010-08-31,0.0001,-0.0019,0.0078,-0.0044,0.0028,0.0,0.0046
2010-09-01,0.0305,0.0069999999999999,0.0045,-0.0032,0.0043,0.0,0.0055
2010-09-02,0.0097,0.0023,-0.0037,-0.0014,0.0054,0.0,0.0028
2010-09-03,0.0135,0.0037,0.0017,-0.0023,0.0015,0.0,0.0014
2010-09-07,-0.0123,-0.0087,-0.0075,0.0045,-0.005,0.0,0.002
2010-09-08,0.0065,0.0007,0.0011,-0.0033,-0.0002,0.0,0.0005
2010-09-09,0.0044,-0.004,0.005,-0.0001,0.0003,0.0,-0.0068
2010-09-10,0.0045,-0.0009,-0.0011,0.0017,-0.0001,0.0,0.0007
2010-09-13,0.013,0.0116999999999999,0.0015,-0.0037,0.003,0.0,-0.0021
2010-09-14,-0.0006,-0.003,-0.005,0.0022,-0.0014,0.0,0.0015
2010-09-15,0.0036,0.0011,-0.0019,0.0021,-0.0028,0.0,-0.0005
2010-09-16,-0.0007,-0.0054,-0.0069,0.0022,-0.0024,0.0,0.0021
2010-09-17,0.0015,0.0054,-0.0049,0.0018,-0.0022,0.0,0.0037
2010-09-20,0.016,0.0116,0.0018,-0.0025,0.003,0.0,-0.001
2010-09-21,-0.0031,-0.0034,-0.0026,0.0006,-0.0028,0.0,0.001
2010-09-22,-0.0052,-0.0059,-0.0058,0.0062,-0.0021,0.0,0.0046
2010-09-23,-0.0078,-0.0017,-0.0066,0.0025,-0.0018,0.0,0.0006
2010-09-24,0.0219,0.0096,0.0055,-0.0068,0.0053,0.0,-0.0001
2010-09-27,-0.0046,0.0017,-0.0046,0.0015,-0.0009,0.0,0.0011
2010-09-28,0.0056999999999999,0.0051,0.0015,-0.0023,0.0019,0.0,-0.0003
2010-09-29,-0.0017,0.0063,-0.002,-0.001,0.0007,0.0,0.0002
2010-09-30,-0.0026,0.001,0.0033,-0.001,0.0,0.0,-0.0055
2010-10-01,0.0043,0.0005,0.0016,0.0011,0.0029,0.0,-0.0029
2010-10-04,-0.0088,-0.0070999999999999,-0.001,0.0003,0.0001,0.0,0.0038
2010-10-05,0.0210999999999999,0.0078,0.0018,-0.002,0.0012,0.0,0.0023
2010-10-06,-0.0011,-0.0036,0.0042,0.0021,0.0022,0.0,-0.0062
2010-10-07,-0.0016,0.0006,-0.0026,0.0002,0.0002,0.0,0.0023
2010-10-08,0.0074,0.0085,-0.0015,-0.003,0.0040999999999999,0.0,-0.0001
2010-10-11,0.0004,0.0008,-0.0025,0.0034999999999999,0.0004,0.0,-0.0014
2010-10-12,0.0039,0.0,0.0019,-0.0019,-0.0002,0.0,-0.0027
2010-10-13,0.0078,0.0081999999999999,-0.0026,-0.0006,-0.0007,0.0,0.001
2010-10-14,-0.0038,0.0027,-0.0032,0.0023,-0.0016,0.0,0.0084
2010-10-15,0.0018,-0.0022,-0.0113,0.0059,-0.0065,0.0,0.0023
2010-10-18,0.0069,0.0015,0.0085,-0.0025,0.0019,0.0,-0.0083
2010-10-19,-0.0167,-0.0073,0.0024,0.0025,-0.0018,0.0,-0.0007
2010-10-20,0.0106,0.0004,0.0007,0.0023,0.0023,0.0,-0.0004
2010-10-21,0.0011,-0.0058,-0.0048,0.0044,-0.0021,0.0,0.0046
2010-10-22,0.0029,0.0042,-0.004,-0.0025,-0.0025,0.0,0.0022
2010-10-25,0.0031,0.0040999999999999,-0.0045,-0.0004,-0.0007,0.0,0.0034
2010-10-26,0.0002,0.0,-0.0022,0.003,-0.0014,0.0,-0.0007
2010-10-27,-0.0024,-0.0026,-0.0028,-0.0045,-0.0009,0.0,0.0007
2010-10-28,0.0008,-0.0060999999999999,-0.0008,0.001,-0.0022,0.0,0.0007
2010-10-29,0.0007,0.0032,-0.0013,0.0009,0.0019,0.0,0.0015
2010-11-01,-0.0001,-0.0066,-0.0019,0.0028,0.0001,0.0,0.0016
2010-11-02,0.009,0.0125,-0.0015,0.0009,0.0007,0.0,0.0007
2010-11-03,0.0038,-0.0005,0.0015,-0.002,0.001,0.0,0.0011
2010-11-04,0.0194,0.0053,0.0093,-0.0078,0.0091,0.0,-0.003
2010-11-05,0.0040999999999999,-0.0002,0.0055,-0.0032,0.0049,0.0,-0.0059
2010-11-08,-0.0012,0.0042,-0.0046,0.0024,-0.0016,0.0,0.0014
2010-11-09,-0.0078,-0.0046999999999999,-0.0046999999999999,0.0069,-0.0019,0.0,-0.0026
2010-11-10,0.0053,0.0065,0.0056,-0.0043,0.0038,0.0,-0.0008
2010-11-11,-0.0034999999999999,-0.0007,-0.0012,0.0016,0.0023,0.0,0.003
2010-11-12,-0.0129,-0.0046,-0.0006,0.0016,-0.0006,0.0,-0.0023
2010-11-15,-0.0009,0.0023,0.0026,-0.0003,0.0016,0.0,0.001
2010-11-16,-0.0157,-0.0034,-0.0011,0.0034,-0.0014,0.0,-0.002
2010-11-17,0.0007,0.0032,-0.0026,0.0019,0.0022,0.0,0.0052
2010-11-18,0.0158,0.0031,-0.003,-0.0027,-0.0004,0.0,0.0058
2010-11-19,0.0031,0.0015,-0.0019,-0.0011,0.0015,0.0,0.0054
2010-11-22,-0.0002,0.005,-0.009,0.0015,-0.0028,0.0,0.011
2010-11-23,-0.0138,0.005,-0.0024,0.0038,-0.0038,0.0,0.0001
2010-11-24,0.016,0.0063,0.0005,-0.0038,0.0024,0.0,0.0069999999999999
2010-11-26,-0.0067,0.0027,-0.0033,0.0021,-0.0011,0.0,0.0039
2010-11-29,-0.0013,0.0007,0.0039,-0.0012,0.0013,0.0,-0.0029
2010-11-30,-0.006,-0.0021,0.0005,-0.0002,0.0006,0.0,0.0007
2010-12-01,0.0212,-0.0011,0.0002,-0.0040999999999999,0.0042,0.0,0.0022
2010-12-02,0.0123,-0.0024,0.0058,-0.0044,0.0073,0.0,-0.0038
2010-12-03,0.0034999999999999,0.0038,0.0004,-0.0008,0.0027,0.0,0.0007
2010-12-06,-0.0003,0.0076,-0.0009,-0.0009,0.0015,0.0,0.0024
2010-12-07,0.001,0.0034,0.0012,-0.0003,-0.0008,0.0,-0.0001
2010-12-08,0.0032,-0.0044,0.0060999999999999,-0.0033,0.0016,0.0,-0.0069
2010-12-09,0.0042,0.0004,0.0059,-0.0036,0.0049,0.0,-0.0001
2010-12-10,0.0067,0.0046999999999999,0.0018,-0.0018,0.0019,0.0,-0.0014
2010-12-13,-0.0008,-0.0056999999999999,0.0004,-0.0017,-0.0005,0.0,-0.0026
2010-12-14,0.0009,-0.0007,-0.0005,0.0036,-0.0008,0.0,-0.0046999999999999
2010-12-15,-0.0049,0.0015,-0.0054,0.0019,-0.001,0.0,-0.0002
2010-12-16,0.0069999999999999,0.0040999999999999,-0.0008,-0.0025,0.0002,0.0,0.0009
2010-12-17,0.0015,0.0014,-0.0012,-0.0033,0.0025,0.0,-0.0005
2010-12-20,0.0023,0.0005,0.003,-0.0028,0.002,0.0,0.0006
2010-12-21,0.0068,0.004,0.0069999999999999,-0.0056,0.003,0.0,0.0014
2010-12-22,0.0029,-0.003,0.0072,-0.0023,0.0021,0.0,-0.0095
2010-12-23,-0.0016,0.0005,-0.0032,0.0021,-0.0018,0.0,-0.0012
2010-12-27,0.0008,0.0027,0.0043,-0.0034999999999999,0.0016,0.0,-0.0024
2010-12-28,0.0,-0.0043,0.0019,-0.0001,-0.0014,0.0,-0.0023
2010-12-29,0.0017,0.0009,-0.0012,0.0004,-0.0007,0.0,0.0023
2010-12-30,-0.0011,0.0013,-0.0004,0.002,0.0003,0.0,-0.0002
2010-12-31,-0.001,-0.006,0.0022,-0.0014,0.0013,0.0,-0.0015
2011-01-03,0.0118,0.0056999999999999,0.0072,-0.0043,0.0018,0.0,-0.0001
2011-01-04,-0.0026,-0.013,-0.0002,0.0001,0.0002,0.0,-0.0058
2011-01-05,0.006,0.0062,0.0012,-0.0044,0.0004,0.0,0.0011
2011-01-06,-0.0015,-0.0012,-0.0033,-0.0011,-0.0011,0.0,-0.0051
2011-01-07,-0.0021,-0.0026,-0.0021,0.0018,-0.0015,0.0,0.0036
2011-01-10,-0.0002,0.0046999999999999,-0.0014,-0.0040999999999999,0.0008,0.0,0.0068
2011-01-11,0.0039,0.0011,0.0019,-0.0026,0.0009,0.0,-0.0022
2011-01-12,0.0087,-0.0003,0.0021,-0.0034999999999999,0.0032,0.0,-0.0031
2011-01-13,-0.0018,0.0013,-0.0033,0.0052,0.001,0.0,0.0031
2011-01-14,0.0069,0.0004,0.006,-0.0070999999999999,0.0014,0.0,-0.0019
2011-01-18,0.0018,-0.0001,-0.0053,0.0038,-0.0013,0.0,-0.0031
2011-01-19,-0.0124,-0.0135,-0.0049,0.0092,-0.0045,0.0,-0.0014
2011-01-20,-0.0029,-0.0093,0.0058,0.0060999999999999,0.0034,0.0,-0.0126
2011-01-21,0.0011,-0.0084,0.0056,-0.0013,0.0033,0.0,-0.0015
2011-01-24,0.0066,0.0019,-0.0023,-0.0018,0.0034999999999999,0.0,0.0019
2011-01-25,0.0002,0.0001,0.0013,0.0034,-0.0012,0.0,-0.0016
2011-01-26,0.006,0.0135,-0.0022,-0.0024,0.0011,0.0,0.0125
2011-01-27,0.0027,-0.0005,0.0036,-0.0015,0.0003,0.0,0.0003
2011-01-28,-0.0187999999999999,-0.0081,-0.0007,0.001,-0.0037,0.0,-0.0017
2011-01-31,0.0072,0.0002,-0.0029,-0.0033,0.0007,0.0,0.0063
2011-02-01,0.0175,0.0055,0.005,-0.003,0.0016,0.0,0.0051
2011-02-02,-0.0026,-0.001,-0.0037,-0.0007,-0.0004,0.0,-0.0002
2011-02-03,0.0026,-0.0001,-0.0003,0.0012,0.0031,0.0,0.0007
2011-02-04,0.0029,-0.0005,-0.0043,-0.0022,-0.0003,0.0,0.0003
2011-02-07,0.0069999999999999,0.0031,0.0056,-0.0032,0.0023,0.0,0.0025
2011-02-08,0.0048,0.0023,-0.0002,0.0009,0.001,0.0,0.0013
2011-02-09,-0.0031,-0.002,-0.0004,0.0032,-0.0012,0.0,-0.0005
2011-02-10,0.0012,0.0032,-0.0034999999999999,-0.0016,0.0008,0.0,0.0079
2011-02-11,0.0067,0.0039,0.0045,-0.0037,0.0038,0.0,0.0045
2011-02-14,0.003,0.0025,-0.0014,-0.001,-0.0007,0.0,0.0053
2011-02-15,-0.0038,-0.003,0.0025,0.0015,-0.0011,0.0,-0.0029
2011-02-16,0.0068,0.0039,0.0018,-0.0015,0.0028,0.0,0.0014
2011-02-17,0.0037,0.0034,0.0022,-0.0043,0.0031,0.0,0.0014
2011-02-18,0.0012,-0.0009,0.0005,0.0017,-0.0002,0.0,-0.005
2011-02-22,-0.0219,-0.0051,-0.0022,0.0074,-0.0055,0.0,-0.0081
2011-02-23,-0.0078,-0.0107,0.0039,-0.0012,-0.0019,0.0,-0.0022
2011-02-24,0.0004,0.0064,-0.0036,-0.0023,-0.0016,0.0,0.0037
2011-02-25,0.0121999999999999,0.0097,0.0024,-0.0072,0.0046999999999999,0.0,0.0067
2011-02-28,0.0042,-0.0040999999999999,0.0028,-0.0022,-0.0019,0.0,-0.0021
2011-03-01,-0.0158,-0.0029,-0.0005,0.0042,-0.0046,0.0,-0.0023
2011-03-02,0.0028,0.0027,-0.0025,-0.0004,0.0021,0.0,0.0054
2011-03-03,0.0176,0.0046,-0.0005,-0.0032,0.0011,0.0,0.008
2011-03-04,-0.0067,0.0025,-0.0053,0.0018,-0.0021,0.0,0.0033
2011-03-07,-0.0096,-0.0065,0.0009,0.0036,-0.0024,0.0,-0.0033
2011-03-08,0.0097,0.0053,0.0063,-0.0006,0.0031,0.0,-0.0042
2011-03-09,-0.0018,-0.0021,0.0032,0.005,-0.0026,0.0,-0.008
2011-03-10,-0.0192999999999999,-0.0072,-0.003,0.0067,-0.0056999999999999,0.0,-0.0076
2011-03-11,0.0069,-0.0032,0.0013,-0.0032,0.0022,0.0,0.0032
2011-03-14,-0.0059,0.0008,-0.0039,0.0016,-0.0003,0.0,0.0029
2011-03-15,-0.0105,0.0027,-0.0014,0.0034,0.0,0.0,0.0024
2011-03-16,-0.0177,0.0063,-0.0011,-0.0004,0.0019,0.0,-0.0005
2011-03-17,0.0112,-0.0076,0.0056999999999999,-0.0029,0.0015,0.0,0.0058
2011-03-18,0.0049,0.006,0.0009,0.0006,0.0032,0.0,-0.0046999999999999
2011-03-21,0.0158,0.0085,-0.0017,-0.0039,0.0,0.0,0.0125
2011-03-22,-0.0034,-0.0007,-0.0005,0.0014,-0.0023,0.0,-0.0018
2011-03-23,0.0031,0.0013,-0.0046999999999999,0.0008,0.0009,0.0,0.0049
2011-03-24,0.0096,-0.0019,-0.004,-0.0026,0.0034,0.0,0.0027
2011-03-25,0.0040999999999999,0.0046,-0.0002,0.0011,0.0003,0.0,0.0062
2011-03-28,-0.0034999999999999,0.0007,-0.0026,0.0034999999999999,-0.0016,0.0,-0.0015
2011-03-29,0.0073,0.0021,-0.0023,-0.0017,0.0016,0.0,0.0053
2011-03-30,0.0079,0.0045,0.0007,0.0003,0.0008,0.0,0.0023
2011-03-31,-0.0011,0.0056,-0.0028,0.0015,-0.0007,0.0,0.0022
2011-04-01,0.0052,-0.0008,0.0021,0.0013,0.0008,0.0,0.0002
2011-04-04,0.0009,0.0024,-0.0015,0.0016,-0.0006,0.0,0.0016
2011-04-05,0.0008,0.0048,-0.0026,0.0011,0.003,0.0,-0.0006
2011-04-06,0.002,-0.0014,0.0056999999999999,-0.0015,0.0019,0.0,-0.0121
2011-04-07,-0.002,-0.0021,-0.002,0.0023,-0.0014,0.0,-0.0007
2011-04-08,-0.0046999999999999,-0.0053,-0.0025,0.0009,-0.0021,0.0,0.0008
2011-04-11,-0.0039,-0.0060999999999999,-0.0008,0.0042,-0.0025,0.0,-0.0053
2011-04-12,-0.0084,-0.0065,0.0006,0.0051,-0.0017,0.0,-0.0070999999999999
2011-04-13,0.0011,0.0007,-0.0069,-0.0006,-0.0015,0.0,0.0091
2011-04-14,0.0,0.0032,-0.0023,-0.0003,-0.0018,0.0,0.0029
2011-04-15,0.0044,0.0051,-0.0008,-0.0002,0.0029,0.0,0.0019
2011-04-18,-0.0115,-0.0039,-0.0028,0.0027,-0.0031,0.0,-0.0037
2011-04-19,0.0051,-0.0034999999999999,-0.0025,0.0002,0.0023,0.0,0.0034
2011-04-20,0.0146,0.0049,-0.0051,-0.0038,0.0006,0.0,0.0069
2011-04-21,0.0056,0.0032,-0.0006,-0.0004,0.0008,0.0,0.0079
2011-04-25,-0.0015,-0.0004,-0.0004,0.0007,-0.0028,0.0,-0.0019
2011-04-26,0.0089,0.0006,-0.0003,-0.0026,0.0043,0.0,-0.0037
2011-04-27,0.0066,-0.0007,-0.0025,0.0019,-0.0034,0.0,-0.001
2011-04-28,0.0032,-0.0009,0.0016,0.0001,-0.0023,0.0,-0.0023
2011-04-29,0.0029,0.002,-0.0003,-0.0022,-0.0016,0.0,0.0066
2011-05-02,-0.0028,-0.009,-0.0016,0.0046999999999999,-0.003,0.0,-0.0065
2011-05-03,-0.005,-0.0092,0.0033,0.0055,-0.0002,0.0,-0.0132
2011-05-04,-0.0074,-0.0056999999999999,-0.0007,0.0055,-0.0032,0.0,-0.0086
2011-05-05,-0.0081999999999999,0.0046,-0.0034,0.0026,0.0022,0.0,-0.0028
2011-05-06,0.0045,0.0007,-0.0013,-0.0025,-0.001,0.0,0.0054
2011-05-09,0.0055,0.0066,-0.0048,-0.0001,-0.0004,0.0,0.0118
2011-05-10,0.0086,0.0068,0.0028,0.0003,-0.0007,0.0,0.0006
2011-05-11,-0.0109,-0.0064,-0.0038,0.0067,-0.0042,0.0,-0.0108
2011-05-12,0.0052,0.003,-0.004,0.0005,-0.0008,0.0,-0.0022
2011-05-13,-0.0088,-0.0048,-0.0027,0.0025,-0.002,0.0,-0.0009
2011-05-16,-0.0077,-0.0097,0.0043,0.0017,0.0005,0.0,-0.0070999999999999
2011-05-17,-0.0011,-0.0037,0.0007,0.0006,-0.0028,0.0,-0.004
2011-05-18,0.0102,0.0062,-0.0029,-0.0034,0.0024,0.0,0.0115
2011-05-19,0.0022,-0.0002,-0.0007,0.0015,-0.0008,0.0,0.0029
2011-05-20,-0.0073,0.0003,-0.0015,-0.0022,0.0,0.0,0.003
2011-05-23,-0.0129,-0.0052,0.0002,0.0031,-0.003,0.0,-0.0058
2011-05-24,-0.0015,-0.0027,-0.0003,0.0011,-0.0001,0.0,0.0033
2011-05-25,0.0045,0.0098999999999999,-0.0034,-0.0045,0.0017,0.0,0.0118999999999999
2011-05-26,0.0052,0.0067,-0.0012,-0.0007,0.0002,0.0,0.0052
2011-05-27,0.0049,0.002,0.0023,-0.0017,0.0014,0.0,0.0011
2011-05-31,0.0104,0.0038,-0.0004,-0.0019,-0.0002,0.0,0.0027
2011-06-01,-0.0233,-0.0074,-0.0025,0.006,-0.0067,0.0,-0.0025
2011-06-02,-0.001,-0.0004,0.0014,-0.0046,-0.0008,0.0,0.0002
2011-06-03,-0.011,-0.0049,0.0012,0.0016,-0.0006,0.0,-0.0016
2011-06-06,-0.0118,-0.0036,-0.0026,0.0051,-0.0021,0.0,-0.0067
2011-06-07,-0.0005,0.0032,-0.0014,-0.0008,-0.0002,0.0,0.0052
2011-06-08,-0.0054,-0.0066,0.0007,0.0056999999999999,-0.0038,0.0,-0.0026
2011-06-09,0.0075,0.0,-0.0003,0.0006,0.0015,0.0,0.0044
2011-06-10,-0.0137,-0.0018,0.0038,-0.0005,-0.0012,0.0,-0.006
2011-06-13,0.0001,-0.0043,0.0034999999999999,0.0033,-0.0046999999999999,0.0,-0.0059
2011-06-14,0.0136,0.0096,-0.0036,0.0015,0.003,0.0,0.0092
2011-06-15,-0.0171,-0.0004,-0.0013,0.0034,-0.0027,0.0,-0.0045
2011-06-16,0.0013,-0.0001,0.0053,0.0037,-0.0013,0.0,-0.0081
2011-06-17,0.0025,-0.0037,0.0066,-0.0002,0.0017,0.0,-0.0024
2011-06-20,0.0058,0.0034999999999999,-0.0005,0.0016,-0.0001,0.0,0.005
2011-06-21,0.0152,0.0093999999999999,-0.004,-0.0029,0.0017,0.0,0.0113
2011-06-22,-0.0062,-0.0012,0.0002,-0.0009,0.0012,0.0,0.0021
2011-06-23,-0.0014,0.0059,-0.0077,0.0023,-0.0006,0.0,0.0045
2011-06-24,-0.0111,0.0048,0.0011,0.0013,-0.0026,0.0,-0.003
2011-06-27,0.0089,0.001,-0.0003,0.0019,-0.0029,0.0,0.0021
2011-06-28,0.0136,0.0038,-0.0046,-0.0015,-0.0004,0.0,0.012
2011-06-29,0.0077,-0.0062,0.0063,-0.0039,0.0042,0.0,-0.0001
2011-06-30,0.0098999999999999,0.0009,-0.0028,0.0004,0.0034999999999999,0.0,0.0039
2011-07-01,0.0144999999999999,0.0,0.0013,0.0005,0.0016,0.0,0.0033
2011-07-05,-0.0007,0.002,-0.0085,0.0043,-0.0052,0.0,0.0124
2011-07-06,0.0017,0.0036,-0.0058,0.0029,-0.0001,0.0,0.0034
2011-07-07,0.011,0.0046999999999999,0.0016,-0.0018,-0.0033,0.0,-0.0026
2011-07-08,-0.0067,0.0,-0.0042,0.0033,-0.0012,0.0,0.0036
2011-07-11,-0.019,-0.0013,-0.0033,0.0078,0.0003,0.0,-0.0014
2011-07-12,-0.0045,0.0005,0.0040999999999999,0.0012,0.0023,0.0,-0.0058
2011-07-13,0.0045,0.0055,-0.0014,-0.002,-0.0014,0.0,0.0034
2011-07-14,-0.0081,-0.0078,0.0012,0.0029,0.0016,0.0,-0.002
2011-07-15,0.0056999999999999,0.0007,-0.005,0.0011,-0.0063,0.0,0.0053
2011-07-18,-0.0093999999999999,-0.0055,-0.0042,0.0063,-0.0038,0.0,0.0034
2011-07-19,0.0171,0.0055,-0.0065,0.0016,-0.0034,0.0,0.0045
2011-07-20,-0.001,-0.0022,0.0079,-0.0006,0.0044,0.0,-0.0058
2011-07-21,0.0129,-0.003,0.011,-0.0046999999999999,0.003,0.0,-0.0056
2011-07-22,0.001,-0.0013,-0.0069,-0.001,-0.006,0.0,0.0026
2011-07-25,-0.0068,-0.0055,0.0015,0.0026,-0.0013,0.0,-0.0016
2011-07-26,-0.0046999999999999,-0.0032,0.0032,0.0007,-0.0017,0.0,-0.0054
2011-07-27,-0.0215,-0.0072,0.004,0.0059,0.0037,0.0,-0.0060999999999999
2011-07-28,-0.0031,0.0011,0.0001,-0.0015,-0.0036,0.0,0.0011
2011-07-29,-0.0056999999999999,0.0025,0.0007,-0.0019,0.0023,0.0,0.0012
2011-08-01,-0.004,-0.0012,0.0015,0.0002,-0.0006,0.0,0.0001
2011-08-02,-0.0268,-0.0044,0.0018,0.0018,-0.0021,0.0,-0.0084
2011-08-03,0.0059,0.002,-0.0037,0.0016,-0.0024,0.0,-0.0006
2011-08-04,-0.0503,-0.0076,0.0037,0.0096,0.0003,0.0,-0.0136
2011-08-05,-0.0036,-0.0115,-0.0062,0.012,0.0012,0.0,-0.005
2011-08-08,-0.0696,-0.0151,-0.0162,0.0179,-0.004,0.0,-0.0112
2011-08-09,0.0496999999999999,0.0093,0.0073,-0.018,-0.0001,0.0,0.0157
2011-08-10,-0.043,-0.0058,-0.0161,0.0149,-0.0045,0.0,0.0146
2011-08-11,0.0472,0.0031,0.008,-0.0084,-0.0006,0.0,0.0058
2011-08-12,0.0054,-0.0033,-0.0151,0.0058,-0.0032,0.0,0.0116999999999999
2011-08-15,0.0225,0.0046,0.0102,-0.0116,0.003,0.0,-0.0023
2011-08-16,-0.0107,-0.008,-0.0014,0.0066,0.0034999999999999,0.0,-0.0068
2011-08-17,-0.0001,-0.0025,0.0065,-0.0002,0.0043,0.0,-0.006
2011-08-18,-0.0464,-0.0093999999999999,0.0054,0.009,0.0046,0.0,-0.0200999999999999
2011-08-19,-0.0154,0.0011,-0.0036,0.0022,0.0008,0.0,-0.0058
2011-08-22,-0.0003,0.0004,-0.009,0.006,-0.0003,0.0,-0.0001
2011-08-23,0.036,0.0116,-0.0079,-0.0018,-0.0064,0.0,0.021
2011-08-24,0.0135,-0.0007,0.01,-0.0046999999999999,0.0055,0.0,-0.0032
2011-08-25,-0.0167,-0.0091,0.0049,-0.0009,0.0005,0.0,-0.0043
2011-08-26,0.0174,0.0079,-0.01,0.0007,-0.0052,0.0,0.0132
2011-08-29,0.0311,0.0152,0.0093,-0.0127,0.0037,0.0,0.0005
2011-08-30,0.0032,0.0026,-0.0078,0.0027,-0.0006,0.0,0.0073
2011-08-31,0.0042,-0.0074,0.0048,-0.0013,-0.0006,0.0,-0.0034999999999999
2011-09-01,-0.0133,-0.0108,-0.0078,0.0060999999999999,-0.0017,0.0,0.0060999999999999
2011-09-02,-0.0264,-0.0081999999999999,-0.0075,0.0062,-0.0008,0.0,0.0037
2011-09-06,-0.0072,0.0038,-0.0064,0.0022,-0.0013,0.0,0.0109
2011-09-07,0.0306,0.009,0.0103,-0.0129,0.001,0.0,-0.0139
2011-09-08,-0.0118,-0.0079,-0.0060999999999999,0.0044,-0.0019,0.0,0.0075
2011-09-09,-0.0265,-0.0019,-0.0004,0.0025,-0.0001,0.0,0.0017
2011-09-12,0.0068,0.0,0.0037,-0.0046999999999999,-0.0016,0.0,-0.0015
2011-09-13,0.0112,0.0073,-0.0037,-0.0017,-0.0006,0.0,0.0007
2011-09-14,0.0144999999999999,0.0036,-0.0038,-0.0008,-0.0022,0.0,0.0005
2011-09-15,0.0163999999999999,-0.0052,0.0056999999999999,-0.0034,0.0009,0.0,-0.006
2011-09-16,0.0046999999999999,-0.0039,-0.0033,0.0022,-0.0011,0.0,0.0056
2011-09-19,-0.0098999999999999,-0.0054,-0.0125,0.0112,-0.0027,0.0,0.0185
2011-09-20,-0.0045,-0.0143,0.002,0.0023,0.0022,0.0,0.003
2011-09-21,-0.0292,-0.0045,-0.0124,0.0051,-0.0036,0.0,0.0107
2011-09-22,-0.0329,0.0017,0.0045,0.0055,0.0051,0.0,0.0026
2011-09-23,0.0074,0.0069999999999999,-0.0002,-0.0023,0.0017,0.0,-0.0087
2011-09-26,0.0227999999999999,-0.0054,0.0128,-0.0060999999999999,0.0006,0.0,-0.0106
2011-09-27,0.0121999999999999,0.01,-0.0063,-0.0001,-0.0019,0.0,0.0005
2011-09-28,-0.0229,-0.0167,-0.0024,0.0075,0.0001,0.0,0.0036
2011-09-29,0.0077,0.0065,0.0210999999999999,-0.0085,0.0077,0.0,-0.0181
2011-09-30,-0.025,-0.0015,-0.0021,0.0046999999999999,0.0016,0.0,0.0067
2011-10-03,-0.0318,-0.0199,-0.0058,0.011,0.0003,0.0,0.0118
2011-10-04,0.0268,0.0361,0.0044,-0.0089,-0.0022,0.0,-0.016
2011-10-05,0.0192,-0.0029,-0.0045,-0.0063,-0.0036,0.0,-0.0044
2011-10-06,0.0194,0.0023,0.006,-0.0042,0.0015,0.0,-0.0106
2011-10-07,-0.0097,-0.0132,-0.0147,0.0139,0.0,0.0,0.0178
2011-10-10,0.0344,0.0054,0.0062,-0.0053,-0.002,0.0,-0.005
2011-10-11,0.0015,0.0063,-0.0012,-0.0001,-0.0022,0.0,-0.0033
2011-10-12,0.0107,0.005,0.0093999999999999,-0.0069,0.0021,0.0,-0.0131
2011-10-13,-0.0021,0.0017,-0.0126,0.0036,-0.0031,0.0,0.0089
2011-10-14,0.0172,0.0016,-0.0033,-0.0002,-0.0056999999999999,0.0,0.002
2011-10-17,-0.0206,-0.0129,-0.005,0.0065,-0.0004,0.0,0.009
2011-10-18,0.0210999999999999,0.0069999999999999,0.0167,-0.0148,0.0040999999999999,0.0,-0.0206
2011-10-19,-0.0138,-0.0073,0.0032,0.0033,0.0053,0.0,0.0046999999999999
2011-10-20,0.0042,-0.0022,0.0075,-0.0024,0.0021,0.0,-0.0048
2011-10-21,0.0192,0.0016,0.0008,-0.0024,0.0002,0.0,-0.0046999999999999
2011-10-24,0.0158,0.0171,-0.0034999999999999,-0.0045,-0.0052,0.0,-0.0137
2011-10-25,-0.0213,-0.0085,-0.0032,0.0076,0.0004,0.0,0.0098999999999999
2011-10-26,0.0112,0.0069999999999999,0.0076,-0.0068,0.0032,0.0,-0.0065
2011-10-27,0.0354,0.0144999999999999,0.0091,-0.016,-0.001,0.0,-0.0266
2011-10-28,-0.0002,-0.0052,-0.0054,-0.0015,-0.0026,0.0,-0.004
2011-10-31,-0.025,0.0002,-0.0087,0.0108,0.0018,0.0,0.0227
2011-11-01,-0.0286,-0.0056,-0.0113,0.0098,0.0,0.0,0.0183
2011-11-02,0.0173,0.0077,0.0093999999999999,-0.0063,-0.0005,0.0,-0.0097
2011-11-03,0.0197,0.0059,-0.0014,-0.0007,-0.0005,0.0,-0.0040999999999999
2011-11-04,-0.0053,-0.0004,-0.0062,0.0011,-0.0002,0.0,-0.0012
2011-11-07,0.0048,-0.0067,0.0039,0.0024,0.0038,0.0,-0.0006
2011-11-08,0.0121999999999999,0.0003,0.0051,-0.0019,-0.0005,0.0,-0.0046
2011-11-09,-0.0378,-0.0081,-0.0069,0.0103,0.0028,0.0,0.0186
2011-11-10,0.0083,0.0007,0.0054,0.0012,0.0049,0.0,-0.0009
2011-11-11,0.0197999999999999,0.0051,-0.0018,-0.0006,-0.0017,0.0,-0.0037
2011-11-14,-0.0092,-0.0048,-0.0087,0.0045,-0.0024,0.0,0.0084
2011-11-15,0.0056,0.0085,-0.0025,0.0013,-0.002,0.0,0.0037
2011-11-16,-0.0163999999999999,-0.0017,-0.0016,0.0011,0.0008,0.0,0.0036
2011-11-17,-0.0165,0.0022,0.0015,0.0028,0.004,0.0,0.0118999999999999
2011-11-18,-0.0008,0.0008,0.0089,0.0,0.0059,0.0,-0.0009
2011-11-21,-0.0186,-0.0053,-0.0004,0.001,-0.0005,0.0,0.0089
2011-11-22,-0.0042,-0.0034999999999999,-0.0055,0.0019,-0.0026,0.0,0.0093999999999999
2011-11-23,-0.0227,-0.0069999999999999,-0.0028,0.0066,0.0015,0.0,0.0072
2011-11-25,-0.0034,-0.0098999999999999,0.005,-0.0022,0.0036,0.0,-0.0003
2011-11-28,0.0311,0.0152,-0.0062,-0.0063,-0.0054,0.0,-0.0038
2011-11-29,0.0018,-0.0053,0.0011,0.0034999999999999,0.0034,0.0,0.0058
2011-11-30,0.0444,0.0113,0.0113,-0.0118999999999999,-0.0002,0.0,-0.0203
2011-12-01,-0.0022,-0.0053,-0.0065,0.0033,-0.002,0.0,0.0028
2011-12-02,0.0005,0.0055,0.0063,-0.0039,0.0028,0.0,-0.0059
2011-12-05,0.011,0.003,0.0025,-0.0067,-0.0043,0.0,-0.0092
2011-12-06,0.0005,-0.0007,0.0005,0.0007,0.0021,0.0,0.0007
2011-12-07,0.0016,-0.0022,0.0075,0.0004,0.0042,0.0,-0.0046
2011-12-08,-0.0223,-0.0078,-0.0102,0.0097,0.0,0.0,0.0178
2011-12-09,0.0183,0.0132,0.0014,-0.0033,-0.0022,0.0,-0.0065
2011-12-12,-0.0148,0.0005,-0.0048,0.0066,0.0026,0.0,0.0103
2011-12-13,-0.0105,-0.0098999999999999,0.0008,0.0027,0.0012,0.0,0.0115
2011-12-14,-0.0121,-0.0028,0.0091,-0.0009,0.0073,0.0,0.0017
2011-12-15,0.004,0.0067,0.0014,0.003,0.0056999999999999,0.0,0.0028
2011-12-16,0.0046,0.0028,-0.0005,0.0011,-0.0013,0.0,0.0034
2011-12-19,-0.013,-0.0046999999999999,-0.0072,0.0077,-0.0009,0.0,0.0179
2011-12-20,0.031,0.008,0.0034,-0.0078,-0.0014,0.0,-0.0116999999999999
2011-12-21,0.002,0.0004,0.0127,-0.002,0.0093999999999999,0.0,-0.0012
2011-12-22,0.0083,-0.0018,0.0063,-0.0081,-0.0003,0.0,-0.0183
2011-12-23,0.0084,-0.0056,-0.0012,0.003,-0.0001,0.0,0.0037
2011-12-27,0.0004,0.0046999999999999,-0.0055,0.0042,-0.0025,0.0,0.01
2011-12-28,-0.0134,-0.0069999999999999,-0.0007,0.0023,0.0026,0.0,0.0085
2011-12-29,0.011,0.0024,0.0029,-0.0019,0.0009,0.0,-0.0065
2011-12-30,-0.0040999999999999,-0.0008,-0.002,-0.0003,0.0003,0.0,-0.0065
2012-01-03,0.015,-0.0012,0.009,-0.0074,-0.0019,0.0,-0.0258
2012-01-04,0.0,-0.0060999999999999,0.0001,0.0033,-0.0004,0.0,0.0012
2012-01-05,0.0039,0.0019,0.0018,-0.004,0.0004,0.0,-0.0060999999999999
2012-01-06,-0.0019,-0.0003,-0.003,0.0,-0.0007,0.0,-0.0008
2012-01-09,0.0028,0.0026,-0.0007,-0.0023,0.0024,0.0,-0.0034999999999999
2012-01-10,0.0097,0.0036,0.0039,-0.0081999999999999,-0.0001,0.0,-0.0111
2012-01-11,0.0013,0.0016,0.0031,-0.0081,0.0023,0.0,-0.0133
2012-01-12,0.0031,0.0026,0.0003,-0.0022,0.0007,0.0,-0.0055
2012-01-13,-0.0052,-0.0023,-0.0043,0.0063,0.0008,0.0,0.0107
2012-01-17,0.0036,-0.0012,-0.0075,0.0060999999999999,-0.0033,0.0,0.0078
2012-01-18,0.0121,0.0058,0.0019,-0.0067,-0.0014,0.0,-0.0173
2012-01-19,0.0051,-0.0014,-0.0022,-0.0016,-0.0023,0.0,-0.0113999999999999
2012-01-20,0.0003,0.0029,0.0064,0.0,0.0008,0.0,-0.0060999999999999
2012-01-23,0.0002,-0.0023,0.0017,0.0028,-0.0039,0.0,-0.0044
2012-01-24,0.0,0.0073,-0.0031,-0.0042,-0.002,0.0,-0.0026
2012-01-25,0.0091,0.0007,-0.0077,0.0028,-0.0019,0.0,-0.0004
2012-01-26,-0.006,0.0022,-0.0045,0.0025,-0.0003,0.0,0.0024
2012-01-27,0.0001,0.0081,-0.0013,-0.0032,-0.0017,0.0,-0.0058
2012-01-30,-0.0031,-0.0046999999999999,-0.0029,0.0046,0.0003,0.0,0.0072
2012-01-31,-0.0005,-0.0003,0.0003,-0.0006,-0.0018,0.0,0.0025
2012-02-01,0.011,0.0108,0.0036,-0.005,0.0028,0.0,-0.0081999999999999
2012-02-02,0.0017,0.0037,0.0003,-0.0048,0.0,0.0,-0.0051
2012-02-03,0.0158,0.0060999999999999,0.0038,-0.0069999999999999,-0.0023,0.0,-0.0149
2012-02-06,-0.0005,-0.0026,-0.0023,-0.0001,-0.0022,0.0,-0.0028
2012-02-07,0.0016,-0.0027,-0.0008,0.0015,0.0001,0.0,0.0031
2012-02-08,0.0025,-0.001,0.0046,-0.0019,0.0003,0.0,-0.0046999999999999
2012-02-09,0.0015,-0.0039,-0.0031,0.0023,0.0004,0.0,0.0028
2012-02-10,-0.0075,-0.0059,-0.0006,0.0029,0.0014,0.0,0.0102
2012-02-13,0.0075,0.0058,-0.0008,-0.002,0.0001,0.0,0.002
2012-02-14,-0.0009,-0.0038,-0.0034999999999999,0.0053,-0.002,0.0,0.0060999999999999
2012-02-15,-0.005,-0.0027,0.001,-0.0011,0.0004,0.0,-0.0044
2012-02-16,0.0127,0.0068,0.0034,-0.003,-0.0016,0.0,-0.0095
2012-02-17,0.0016,-0.0026,0.005,0.0008,0.003,0.0,-0.0013
2012-02-21,-0.0005,-0.0060999999999999,0.0028,0.0018,-0.0032,0.0,0.0013
2012-02-22,-0.0039,-0.0038,-0.0063,0.0046,-0.0015,0.0,0.006
2012-02-23,0.0056,0.0092,-0.0002,-0.0044,0.0021,0.0,-0.0016
2012-02-24,0.0015,-0.0046999999999999,-0.0064,0.0023,-0.0021,0.0,0.0018
2012-02-27,0.0014,-0.0015,0.0036,0.0005,0.0009,0.0,0.0011
2012-02-28,0.0028,-0.0059,-0.0013,0.0017,-0.0004,0.0,0.0022
2012-02-29,-0.0055,-0.0105,0.0015,0.0019,0.0032,0.0,0.0065
2012-03-01,0.0064,-0.0017,0.0005,-0.0003,-0.0007,0.0,-0.0032
2012-03-02,-0.0046,-0.0124,-0.0006,0.0016,0.0032,0.0,0.0036
2012-03-05,-0.004,0.0046999999999999,0.0029,0.0017,0.0036,0.0,0.0123
2012-03-06,-0.0162,-0.0032,-0.0034999999999999,0.0052,-0.0018,0.0,0.011
2012-03-07,0.008,0.003,0.0029,-0.0038,0.0006,0.0,-0.0044
2012-03-08,0.0107,0.0034999999999999,-0.0024,-0.0018,0.0004,0.0,-0.001
2012-03-09,0.0049,0.0089,0.0018,-0.0024,-0.0001,0.0,-0.0036
2012-03-12,-0.0007,-0.0021,-0.0004,0.0027,0.0007,0.0,0.0078
2012-03-13,0.0186,0.0016,0.0096,-0.0070999999999999,-0.0007,0.0,-0.0121
2012-03-14,-0.0023,-0.0063,-0.0019,0.0040999999999999,0.0013,0.0,0.0038
2012-03-15,0.0067,0.003,0.0052,-0.0055,0.0013,0.0,-0.0115
2012-03-16,0.0006,-0.0029,0.0039,-0.0044,-0.0019,0.0,-0.0084
2012-03-19,0.0040999999999999,0.0051,-0.0004,-0.0014,-0.0034,0.0,0.0012
2012-03-20,-0.0039,-0.0060999999999999,0.003,0.0006,0.0012,0.0,0.0009
2012-03-21,-0.001,0.0028,-0.0040999999999999,0.0013,0.0009,0.0,0.0029
2012-03-22,-0.0074,-0.0013,-0.0046,0.0058,-0.0003,0.0,0.0123
2012-03-23,0.0039,0.0058,0.0037,-0.0034999999999999,-0.0022,0.0,-0.0052
2012-03-26,0.0144999999999999,0.0048,-0.0022,0.0011,-0.0017,0.0,0.0005
2012-03-27,-0.003,-0.0038,-0.0033,0.0005,-0.0008,0.0,0.0045
2012-03-28,-0.0052,-0.0001,0.0049,-0.0026,0.004,0.0,0.0046999999999999
2012-03-29,-0.0017,-0.0005,-0.0026,0.0017,0.0012,0.0,0.0011
2012-03-30,0.0028,-0.0067,-0.0004,-0.0003,0.0013,0.0,-0.0015
2012-04-02,0.0078,0.0036,0.0006,0.0016,-0.0032,0.0,-0.0001
2012-04-03,-0.0034,-0.0032,-0.0028,0.0017,0.0019,0.0,0.0097
2012-04-04,-0.0111,-0.006,-0.0004,0.003,0.0034999999999999,0.0,0.0085
2012-04-05,-0.0003,-0.0011,-0.0042,0.0024,-0.0018,0.0,0.0091
2012-04-09,-0.0121,-0.0044,-0.0009,0.0053,0.0016,0.0,0.0072
2012-04-10,-0.0185,-0.0043,0.0008,0.0024,0.0007,0.0,0.0018
2012-04-11,0.0085,0.0078,0.0028,-0.0033,0.0016,0.0,-0.0034999999999999
2012-04-12,0.0143,0.0005,0.003,-0.0053,-0.0017,0.0,-0.0133
2012-04-13,-0.0125,-0.0019,-0.0075,0.0073,0.0011,0.0,0.0138
2012-04-16,-0.0009,0.002,0.008,-0.0019,0.0042,0.0,-0.0004
2012-04-17,0.0155,0.0004,-0.0022,-0.0013,-0.0034999999999999,0.0,-0.0042
2012-04-18,-0.0042,-0.0048,-0.0045,0.0038,-0.001,0.0,0.0059
2012-04-19,-0.0056999999999999,-0.0003,0.0024,-0.0027,0.0028,0.0,-0.005
2012-04-20,0.0011,0.0051,-0.0009,0.0037,0.0064,0.0,0.0107
2012-04-23,-0.0095,-0.005,0.0015,0.0007,-0.0003,0.0,0.0009
2012-04-24,0.0029,0.0029,0.0091,-0.0062,0.0069999999999999,0.0,-0.0056
2012-04-25,0.0144,0.0037,-0.0098,0.0027,-0.0074,0.0,0.0042
2012-04-26,0.0075,-0.0003,-0.0003,-0.0024,-0.0021,0.0,0.0004
2012-04-27,0.0034999999999999,0.0069999999999999,-0.0027,0.0014,-0.0018,0.0,0.0034
2012-04-30,-0.0048,-0.006,0.0,-0.0001,-0.0014,0.0,-0.0025
2012-05-01,0.0048,-0.0077,0.0039,-0.0005,0.0006,0.0,-0.0056999999999999
2012-05-02,-0.0015,0.0069,-0.0066,0.0043,0.0027,0.0,0.0116
2012-05-03,-0.0092,-0.0063,0.0,0.0042,0.0031,0.0,0.0093
2012-05-04,-0.0162,-0.0024,0.0018,0.0015,0.0016,0.0,0.0025
2012-05-07,0.0005,0.0015,0.0044,-0.0037,0.0029,0.0,-0.0001
2012-05-08,-0.0040999999999999,0.0033,0.0032,0.0011,0.0024,0.0,0.0017
2012-05-09,-0.0063,0.0013,-0.0022,-0.0002,-0.0009,0.0,0.0011
2012-05-10,0.003,0.0009,0.0056,-0.0012,0.0052,0.0,0.0079
2012-05-11,-0.0029,0.0012,-0.0105,0.0002,-0.0004,0.0,0.0056
2012-05-14,-0.0113999999999999,-0.0015,-0.0017,0.001,0.0007,0.0,0.0025
2012-05-15,-0.0052,0.0051,-0.0018,0.0034999999999999,0.0002,0.0,0.0116999999999999
2012-05-16,-0.0045,-0.0017,-0.0045,0.0068,0.0026,0.0,0.009
2012-05-17,-0.0163999999999999,-0.005,0.0039,0.001,-0.0005,0.0,-0.0012
2012-05-18,-0.008,-0.0016,0.0007,0.0013,0.0034999999999999,0.0,0.0060999999999999
2012-05-21,0.0171,0.0054,-0.011,-0.0026,-0.0064,0.0,-0.0060999999999999
2012-05-22,0.0001,-0.0084,0.0038,-0.0013,0.0001,0.0,0.0044
2012-05-23,0.0026,0.005,-0.0024,-0.0002,-0.0011,0.0,-0.004
2012-05-24,0.0016,0.0002,0.002,0.0037,0.0056,0.0,0.0075
2012-05-25,-0.0015,0.0024,-0.0013,0.0018,0.0012,0.0,-0.0054
2012-05-29,0.0116,0.0017,0.0,-0.0036,-0.0006,0.0,-0.0077
2012-05-30,-0.0146,-0.0029,-0.0032,0.0060999999999999,-0.0004,0.0,0.0121
2012-05-31,-0.0023,0.002,0.0054,-0.0016,0.0024,0.0,0.0017
2012-06-01,-0.026,-0.0056999999999999,0.0005,0.002,0.0005,0.0,-0.0001
2012-06-04,-0.0005,0.0012,-0.0059,0.0031,-0.0042,0.0,0.0044
2012-06-05,0.0068,0.0026,0.0019,-0.0063,-0.0003,0.0,-0.0098
2012-06-06,0.0232,0.001,0.0027,-0.0045,-0.0011,0.0,-0.0098999999999999
2012-06-07,-0.0009,-0.0046,0.0021,0.0008,0.0024,0.0,0.0042
2012-06-08,0.0085,0.0022,0.0005,-0.0009,0.001,0.0,0.0036
2012-06-11,-0.0141,-0.0081999999999999,-0.001,0.0046999999999999,0.0033,0.0,0.0097
2012-06-12,0.0116,0.0014,0.001,-0.003,0.0001,0.0,-0.0037
2012-06-13,-0.0077,-0.0042,0.0026,0.0024,0.0008,0.0,0.0028
2012-06-14,0.0104,0.0022,0.0033,-0.0009,0.0038,0.0,0.0003
2012-06-15,0.0106,0.001,-0.0003,-0.0022,-0.0044,0.0,-0.0073
2012-06-18,0.0021,0.0011,-0.0087,0.0021,-0.0016,0.0,0.0077
2012-06-19,0.0109,0.0069,0.0028,-0.0042,-0.0033,0.0,-0.0111
2012-06-20,-0.0014,-0.0008,0.0016,0.0003,-0.0005,0.0,-0.0043
2012-06-21,-0.0226,-0.002,0.0017,0.0019,0.0067,0.0,0.013
2012-06-22,0.0079,0.0063,0.0017,-0.0027,-0.0009,0.0,-0.0019
2012-06-25,-0.0163,0.0009,-0.0027,0.0048,0.0021,0.0,0.0113999999999999
2012-06-26,0.0052,-0.001,0.0002,-0.002,0.0002,0.0,0.004
2012-06-27,0.0093,0.0042,0.0043,-0.0053,-0.0001,0.0,-0.0092
2012-06-28,-0.0024,0.002,0.0033,0.0018,0.005,0.0,-0.0056
2012-06-29,0.0255,0.003,-0.0062,-0.0029,-0.0058,0.0,-0.0116
2012-07-02,0.0033,0.0070999999999999,-0.0005,-0.0021,0.002,0.0,0.0083
2012-07-03,0.0076,0.0067,0.0008,0.0017,-0.0060999999999999,0.0,-0.0128
2012-07-05,-0.0036,0.0044,-0.0084,0.0056999999999999,-0.0027,0.0,0.0065
2012-07-06,-0.0098999999999999,-0.0034,0.0038,0.0014,0.0065,0.0,0.0107
2012-07-09,-0.0023,-0.0023,-0.0023,0.0024,-0.0002,0.0,0.0107
2012-07-10,-0.0084,-0.0036,0.0032,0.0005,0.0026,0.0,0.0096
2012-07-11,-0.0009,-0.0028,0.0078,-0.0012,0.0006,0.0,-0.0049
2012-07-12,-0.005,0.0015,-0.0069,-0.0016,0.0008,0.0,0.009
2012-07-13,0.0162,-0.003,0.0058,-0.0017,0.0,0.0,-0.0028
2012-07-16,-0.0031,-0.0038,-0.0021,0.0003,-0.0002,0.0,0.0032
2012-07-17,0.0067,-0.0054,0.0027,-0.0011,0.0017,0.0,-0.0016
2012-07-18,0.0070999999999999,0.0019,-0.0083,0.0039,-0.0070999999999999,0.0,-0.0034999999999999
2012-07-19,0.0027,-0.0049,-0.0092,0.0034999999999999,-0.008,0.0,-0.0037
2012-07-20,-0.0106,-0.0037,0.0007,-0.0006,0.0033,0.0,0.0029
2012-07-23,-0.0101,-0.0067,0.0019,0.0008,0.0037,0.0,0.0051
2012-07-24,-0.0098999999999999,-0.0056,0.0029,-0.0028,0.0004,0.0,0.0093999999999999
2012-07-25,-0.0001,0.0025,-0.0001,-0.0046999999999999,0.0005,0.0,-0.0019
2012-07-26,0.0154,-0.0081,0.0034,0.0008,0.0025,0.0,-0.0064
2012-07-27,0.0196,0.0055,0.0006,-0.002,-0.0038,0.0,-0.0096
2012-07-30,-0.0012,-0.0040999999999999,0.0023,0.0021,0.0031,0.0,0.0006
2012-07-31,-0.0046999999999999,-0.0001,0.0018,0.0053,0.0001,0.0,-0.0014
2012-08-01,-0.0051,-0.0155,0.0036,0.0007,0.0015,0.0,-0.0001
2012-08-02,-0.0069,0.0019,-0.0036,-0.0007,0.0003,0.0,0.0123
2012-08-03,0.0199,0.0062,0.0051,-0.0025,-0.0017,0.0,-0.0073
2012-08-06,0.0034,0.0056999999999999,0.0001,-0.0034999999999999,-0.0016,0.0,-0.0087
2012-08-07,0.0064,0.0039,0.0009,0.0004,-0.0054,0.0,-0.0139999999999999
2012-08-08,0.0009,-0.0018,0.0063,0.0019,0.0042,0.0,-0.0015
2012-08-09,0.0012,0.0033,0.0005,-0.0017,-0.0039,0.0,-0.0079
2012-08-10,0.0017,-0.0036,-0.0004,0.0013,0.0007,0.0,-0.0024
2012-08-13,-0.0014,-0.0018,0.0002,-0.0013,0.0004,0.0,0.0048
2012-08-14,-0.0003,-0.0044,-0.0004,0.0032,0.0021,0.0,0.0074
2012-08-15,0.0027,0.0072,-0.0006,-0.0011,-0.0009,0.0,-0.0019
2012-08-16,0.0074,0.0046,-0.0014,-0.0006,-0.0021,0.0,-0.006
2012-08-17,0.0027,0.0060999999999999,0.0011,-0.0003,-0.0014,0.0,0.0008
2012-08-20,-0.0006,-0.0044,0.0056,-0.0018,0.0014,0.0,-0.0013
2012-08-21,-0.0031,0.0018,0.0043,-0.0002,-0.0005,0.0,-0.0059
2012-08-22,0.0,-0.005,-0.0034,-0.0026,-0.0032,0.0,0.0038
2012-08-23,-0.0078,-0.0006,-0.0034999999999999,-0.0016,0.001,0.0,0.0048
2012-08-24,0.0060999999999999,-0.0029,-0.0001,-0.0011,0.0017,0.0,0.0023
2012-08-27,-0.0006,0.0012,-0.0011,0.0002,-0.0017,0.0,0.0056999999999999
2012-08-28,0.0001,0.0056,-0.0012,-0.0005,-0.0002,0.0,0.0008
2012-08-29,0.0015,0.0027,0.0008,-0.0021,0.0011,0.0,0.0006
2012-08-30,-0.008,-0.0043,-0.0004,0.0003,0.0024,0.0,0.0043
2012-08-31,0.0052,-0.001,-0.0002,-0.0012,-0.0027,0.0,-0.0042
2012-09-04,0.0008,0.0095,-0.002,-0.0023,0.0007,0.0,0.0074
2012-09-05,-0.0005,-0.0007,0.0037,-0.0012,0.0007,0.0,-0.0043
2012-09-06,0.0207,-0.0006,0.0033,-0.0015,0.0011,0.0,-0.0064
2012-09-07,0.0045,0.0007,0.0075,-0.0004,0.0008,0.0,-0.0138
2012-09-10,-0.0056999999999999,0.0032,-0.0008,0.0019,0.0034,0.0,-0.0016
2012-09-11,0.0028,0.0007,0.0052,-0.0007,0.002,0.0,-0.0063
2012-09-12,0.0027,0.0014,0.0028,-0.0043,0.0,0.0,-0.0006
2012-09-13,0.0156,-0.0032,0.0053,-0.0031,0.0001,0.0,-0.0029
2012-09-14,0.0054,0.0055,0.0046,-0.0011,-0.0037,0.0,-0.0116999999999999
2012-09-17,-0.0042,-0.0029,-0.0072,0.0018,-0.002,0.0,0.0081
2012-09-18,-0.0015,-0.0004,-0.0021,0.0,0.0006,0.0,0.0017
2012-09-19,0.0018,-0.0016,0.0004,-0.0013,0.0028,0.0,0.0042
2012-09-20,-0.0013,-0.0043,-0.0012,0.0012,0.0016,0.0,0.0017
2012-09-21,0.0004,0.0046999999999999,-0.0002,-0.0019,0.0016,0.0,0.0029
2012-09-24,-0.0026,-0.0013,0.0036,-0.0009,0.0040999999999999,0.0,0.0013
2012-09-25,-0.0111,-0.0037,-0.0034,0.0005,0.0032,0.0,0.0062
2012-09-26,-0.0056999999999999,-0.0005,0.0002,0.0016,0.0012,0.0,-0.0037
2012-09-27,0.0098999999999999,0.0021,-0.0013,-0.0014,-0.0032,0.0,0.0037
2012-09-28,-0.0046,-0.0029,-0.0022,0.0003,0.0001,0.0,-0.0008
2012-10-01,0.0025,0.0011,0.0022,0.0005,0.0014,0.0,-0.0009
2012-10-02,0.001,-0.0015,0.0023,-0.0017,0.0005,0.0,0.0009
2012-10-03,0.0036,-0.0067,-0.0004,-0.004,0.0037,0.0,0.012
2012-10-04,0.0076,-0.0008,0.0069999999999999,-0.0016,0.0022,0.0,-0.0028
2012-10-05,-0.0003,-0.0016,0.0022,-0.0011,0.0064,0.0,0.0017
2012-10-08,-0.0036,-0.0019,0.0019,0.0006,0.001,0.0,-0.0045
2012-10-09,-0.0105,-0.0025,0.0033,0.0017,0.0008,0.0,-0.0039
2012-10-10,-0.0058,0.004,0.0029,-0.004,0.0027,0.0,0.0048
2012-10-11,0.0011,0.0034,0.0062,-0.002,0.0012,0.0,-0.0083
2012-10-12,-0.0034999999999999,-0.004,-0.0088,0.0048,-0.0022,0.0,0.0012
2012-10-15,0.0079,-0.0019,0.0013,-0.0019,0.0028,0.0,0.002
2012-10-16,0.01,-0.0027,-0.0021,0.0019,-0.0058,0.0,-0.0027
2012-10-17,0.0049,0.0024,0.0106,-0.0058,0.0039,0.0,0.0016
2012-10-18,-0.0031,-0.0051,0.0024,-0.0015,0.0042,0.0,-0.0027
2012-10-19,-0.0168,-0.0034999999999999,0.0046,-0.0013,0.0044,0.0,0.0027
2012-10-22,0.0,-0.0009,0.0018,0.0013,-0.0016,0.0,0.0011
2012-10-23,-0.0129,0.0092,-0.005,-0.0002,-0.0003,0.0,-0.0026
2012-10-24,-0.0028,-0.0016,0.0040999999999999,-0.0042,0.002,0.0,0.0095
2012-10-25,0.0027,0.0025,0.0003,0.0004,-0.0009,0.0,-0.0060999999999999
2012-10-26,-0.0007,-0.002,-0.0044,0.0031,-0.002,0.0,-0.0001
2012-10-31,0.0013,0.0056,0.0037,0.0008,0.0013,0.0,-0.002
2012-11-01,0.0118999999999999,0.0021,0.0015,0.0023,0.0003,0.0,-0.0081
2012-11-02,-0.0104,-0.005,0.0027,0.0028,0.0049,0.0,0.0004
2012-11-05,0.0028,0.0037,-0.0022,-0.0015,-0.0021,0.0,-0.0008
2012-11-06,0.008,0.0003,0.0054,0.0024,0.002,0.0,-0.0048
2012-11-07,-0.0231,-0.0021,-0.0134,0.0019,0.0002,0.0,0.0056
2012-11-08,-0.0124,-0.0023,0.0043,-0.0029,0.004,0.0,0.0009
2012-11-09,0.0015,0.0,-0.001,0.0004,-0.0008,0.0,0.0028
2012-11-12,0.0,-0.0016,0.0002,0.0009,0.0,0.0,0.0001
2012-11-13,-0.0039,-0.0022,-0.0028,-0.0001,0.0024,0.0,0.0054
2012-11-14,-0.0139999999999999,-0.0037,-0.0018,0.0011,-0.0027,0.0,-0.0053
2012-11-15,-0.0024,-0.0033,0.0022,0.0014,0.0004,0.0,-0.0052
2012-11-16,0.0056999999999999,0.0004,0.0004,-0.0036,0.0019,0.0,0.0084
2012-11-19,0.0197999999999999,0.0023,-0.0005,0.0044,-0.0017,0.0,0.0023
2012-11-20,0.0011,-0.0006,0.0016,-0.0038,0.0017,0.0,0.0081999999999999
2012-11-21,0.0031,0.0034,-0.0015,-0.0005,0.0007,0.0,-0.0021
2012-11-23,0.0128,-0.0014,0.0008,0.0013,-0.0002,0.0,-0.0023
2012-11-26,-0.0014,0.005,-0.0019,-0.0019,-0.003,0.0,0.0004
2012-11-27,-0.0043,0.004,-0.002,0.0,0.0002,0.0,-0.0027
2012-11-28,0.0083,0.0002,-0.003,0.0029,-0.0016,0.0,-0.0028
2012-11-29,0.0054,0.0069,0.0002,-0.0019,-0.0018,0.0,0.0004
2012-11-30,0.0002,-0.0017,0.0028,-0.0017,0.0031,0.0,0.0007
2012-12-03,-0.0046,0.0029,0.0026,-0.0001,0.0006,0.0,0.0009
2012-12-04,-0.0016,0.0036,-0.0003,0.0003,0.0005,0.0,-0.0052
2012-12-05,0.0017,-0.006,0.0088,-0.005,0.0063,0.0,-0.009
2012-12-06,0.0031,-0.0017,-0.0013,0.0015,-0.0017,0.0,-0.0004
2012-12-07,0.0028,-0.0033,0.0029,-0.0005,0.004,0.0,-0.0031
2012-12-10,0.0011,0.0042,-0.0004,-0.0007,-0.0001,0.0,-0.0031
2012-12-11,0.0068,0.004,-0.0006,-0.0034,-0.0024,0.0,-0.0029
2012-12-12,-0.0002,-0.0064,0.0052,-0.003,0.0018,0.0,-0.0019
2012-12-13,-0.0056999999999999,0.001,0.0008,0.0012,0.0016,0.0,-0.0021
2012-12-14,-0.0034,0.0031,0.0025,-0.0015,0.0034999999999999,0.0,-0.0046999999999999
2012-12-17,0.0116,0.0,0.0060999999999999,-0.0044,0.0003,0.0,0.0074
2012-12-18,0.0121,0.0038,0.0006,0.0012,-0.006,0.0,-0.0040999999999999
2012-12-19,-0.006,0.0060999999999999,0.0026,-0.0001,-0.0026,0.0,-0.0008
2012-12-20,0.0053,-0.0015,0.0074,-0.0044,0.002,0.0,0.0019
2012-12-21,-0.0088,0.0046,-0.0028,0.0023,-0.0015,0.0,-0.0021
2012-12-24,-0.0024,-0.0021,-0.0003,-0.0013,0.0016,0.0,0.0040999999999999
2012-12-26,-0.0054,-0.0013,0.0033,-0.001,0.0019,0.0,-0.0042
2012-12-27,-0.0011,-0.0003,-0.0014,0.0017,-0.0004,0.0,0.0029
2012-12-28,-0.01,0.0048,0.0002,-0.001,0.001,0.0,0.0036
2012-12-31,0.0171,0.0036,-0.0011,0.001,-0.0025,0.0,0.0022
2013-01-02,0.0262,0.001,0.0040999999999999,-0.0067,-0.0001,0.0,0.002
2013-01-03,-0.0013,0.0014,0.0005,0.0022,0.0024,0.0,-0.0044
2013-01-04,0.0055,0.0019,0.0037,-0.0036,0.0023,0.0,-0.0037
2013-01-07,-0.0031,-0.0012,-0.0034999999999999,-0.0015,-0.0017,0.0,0.0019
2013-01-08,-0.0026,0.0004,0.0,-0.0014,0.0007,0.0,0.0085
2013-01-09,0.0034999999999999,0.0024,-0.004,-0.0005,-0.0018,0.0,0.0007
2013-01-10,0.0066,-0.0059,0.0051,-0.0018,0.0007,0.0,-0.0021
2013-01-11,0.0001,0.0006,-0.0044,0.002,-0.0019,0.0,-0.0019
2013-01-14,-0.0007,0.0004,-0.0007,-0.0008,0.0034,0.0,-0.0026
2013-01-15,0.0018,0.0029,0.0001,-0.0007,0.0008,0.0,-0.003
2013-01-16,-0.0006,-0.0025,0.0024,-0.0002,-0.0002,0.0,0.0021
2013-01-17,0.0060999999999999,0.0038,-0.0011,0.0018,0.0,0.0,-0.0019
2013-01-18,0.0028,0.0005,-0.0011,0.0018,0.0026,0.0,0.0005
2013-01-22,0.0049,0.0021,0.0045,-0.0021,0.0012,0.0,-0.0022
2013-01-23,0.0009,-0.0036,-0.0009,-0.0015,-0.0011,0.0,0.004
2013-01-24,0.0009,0.0036,0.0004,0.0002,0.0049,0.0,-0.0084
2013-01-25,0.0058,-0.0014,-0.0031,-0.0019,-0.0014,0.0,-0.0017
2013-01-28,-0.0014,0.0037,0.0016,-0.0001,-0.0001,0.0,-0.0034
2013-01-29,0.0036,-0.0044,0.0032,-0.0012,0.003,0.0,0.0004
2013-01-30,-0.0038,-0.0086,0.0016,-0.001,0.0,0.0,0.0013
2013-01-31,-0.0007,0.0069999999999999,0.0016,-0.0021,0.0005,0.0,-0.0036
2013-02-01,0.0098999999999999,0.0008,0.0023,-0.0027,-0.0006,0.0,0.003
2013-02-04,-0.0118999999999999,-0.001,-0.0018,0.0002,-0.0001,0.0,0.0
2013-02-05,0.0107,-0.0005,0.0016,-0.0002,-0.0008,0.0,0.0014
2013-02-06,0.0015,0.0031,0.0014,-0.0017,0.0004,0.0,-0.0032
2013-02-07,-0.0016,-0.0007,0.0002,0.0017,0.0,0.0,-0.0013
2013-02-08,0.0058,0.0004,-0.0018,0.0011,-0.0044,0.0,-0.0017
2013-02-11,-0.0008,-0.0002,0.0038,-0.0018,0.003,0.0,-0.0003
2013-02-12,0.0016,0.0025,0.0074,-0.0053,0.0046,0.0,0.0
2013-02-13,0.0014,0.0007,0.0003,-0.0004,-0.0002,0.0,0.0015
2013-02-14,0.0011,0.0027,0.0014,-0.0032,-0.0019,0.0,-0.0006
2013-02-15,-0.0011,0.0001,-0.0007,-0.0002,0.0017,0.0,0.0040999999999999
2013-02-19,0.0074,0.0027,0.0017,-0.0006,0.0034,0.0,-0.0004
2013-02-20,-0.0136,-0.0059,-0.0060999999999999,0.0029,0.001,0.0,-0.0002
2013-02-21,-0.0066,-0.0029,-0.0004,0.0007,0.0028,0.0,-0.0005
2013-02-22,0.0093999999999999,0.0022,-0.0003,-0.0016,-0.001,0.0,0.0023
2013-02-25,-0.0182,-0.0024,-0.0073,0.0063,-0.0039,0.0,-0.0013
2013-02-26,0.0058,-0.0017,0.0004,0.0003,0.0021,0.0,0.004
2013-02-27,0.0129,-0.0032,0.0015,-0.0018,0.0,0.0,0.0051
2013-02-28,-0.0006,0.001,-0.0014,0.0003,-0.0002,0.0,0.003
2013-03-01,0.0022,0.0013,-0.003,-0.001,-0.0002,0.0,0.0097
2013-03-04,0.0046999999999999,-0.0034,0.001,-0.0037,0.0042,0.0,0.0121
2013-03-05,0.01,0.0016,-0.0016,0.0006,0.0,0.0,0.001
2013-03-06,0.0018,0.0014,0.0046999999999999,-0.0014,0.0016,0.0,-0.0028
2013-03-07,0.0027,0.0022,0.0043,-0.0019,-0.0001,0.0,-0.0040999999999999
2013-03-08,0.0052,0.0038,-0.0017,0.0001,0.0001,0.0,-0.0002
2013-03-11,0.003,-0.0027,0.0026,0.0003,0.0004,0.0,-0.0025
2013-03-12,-0.0022,0.0002,-0.0017,0.0025,0.0007,0.0,-0.002
2013-03-13,0.002,0.0024,0.001,0.0014,0.0026,0.0,0.0007
2013-03-14,0.0058,0.004,0.0040999999999999,-0.0007,0.0001,0.0,-0.0044
2013-03-15,-0.0019,0.0012,0.0040999999999999,0.0025,0.0003,0.0,-0.0059
2013-03-18,-0.005,0.0012,-0.0029,0.0033,-0.0002,0.0,-0.0001
2013-03-19,-0.0023,-0.0004,0.0001,0.0008,0.0039,0.0,0.0029
2013-03-20,0.0076,0.002,-0.0001,-0.0027,0.0022,0.0,0.0040999999999999
2013-03-21,-0.0085,0.0014,-0.0027,-0.0002,0.0008,0.0,0.0008
2013-03-22,0.0062,-0.0048,-0.0025,0.0016,-0.0012,0.0,0.0017
2013-03-25,-0.0029,0.0032,0.0003,0.0015,-0.0003,0.0,-0.0002
2013-03-26,0.0076,-0.004,-0.0022,0.0009,-0.0008,0.0,0.0043
2013-03-27,-0.0002,0.001,-0.0029,0.0009,-0.0011,0.0,0.0016
2013-03-28,0.0039,-0.0031,-0.0029,-0.0024,0.0006,0.0,0.0049
2013-04-01,-0.0056999999999999,-0.0089,0.0001,0.0007,0.0023,0.0,0.0034999999999999
2013-04-02,0.0033,-0.0089,-0.0028,-0.0008,0.0001,0.0,0.0033
2013-04-03,-0.0116,-0.0039,-0.0012,0.0055,-0.0013,0.0,-0.0063
2013-04-04,0.0042,0.0025,0.0026,-0.0008,0.0029,0.0,0.0016
2013-04-05,-0.0040999999999999,0.0008,0.0033,-0.0011,0.0026,0.0,0.0015
2013-04-08,0.0069999999999999,0.0011,0.0027,-0.0034,0.0013,0.0,0.0026
2013-04-09,0.0031,-0.0042,0.0018,-0.0002,-0.0037,0.0,-0.0038
2013-04-10,0.0128,0.0063,-0.001,-0.001,-0.0006,0.0,-0.0003
2013-04-11,0.0034999999999999,-0.002,-0.0018,0.0013,0.0044,0.0,0.0046999999999999
2013-04-12,-0.0028,-0.0014,-0.0045,0.0,0.0004,0.0,0.0024
2013-04-15,-0.0248,-0.0144,-0.0029,0.001,-0.0006,0.0,-0.0022
2013-04-16,0.0147,0.0015,0.0009,-0.0034999999999999,-0.0007,0.0,0.0077
2013-04-17,-0.0146,-0.0033,-0.0053,0.0011,0.0026,0.0,0.0032
2013-04-18,-0.0069999999999999,0.0021,-0.0003,0.006,0.0012,0.0,-0.0023
2013-04-19,0.0097,0.0008,0.0011,-0.0031,0.0018,0.0,0.0126
2013-04-22,0.0045,-0.0019,-0.0012,0.0026,-0.0027,0.0,-0.0004
2013-04-23,0.0111,0.0054,0.0060999999999999,-0.005,0.0026,0.0,0.0012
2013-04-24,0.0006,0.0048,0.0116,-0.0008,-0.0018,0.0,-0.0088
2013-04-25,0.0049,0.0019,-0.001,-0.0002,-0.0009,0.0,-0.0025
2013-04-26,-0.002,-0.0037,-0.0023,0.001,0.001,0.0,-0.0006
2013-04-29,0.0067,0.0007,-0.001,0.0023,-0.0034,0.0,-0.0059
2013-04-30,0.0029,0.0036,-0.0001,0.0021,-0.0032,0.0,-0.0083
2013-05-01,-0.0108,-0.0144999999999999,-0.0018,-0.0004,-0.0011,0.0,-0.0002
2013-05-02,0.0104,0.0055,0.001,-0.0052,-0.0025,0.0,0.0039
2013-05-03,0.0112,0.0059,0.0019,-0.002,-0.0027,0.0,-0.0037
2013-05-06,0.0023,0.0026,0.0084,-0.0056,0.0008,0.0,-0.0006
2013-05-07,0.0054,0.0018,0.0015,0.0024,0.0023,0.0,0.0016
2013-05-08,0.0044,-0.002,0.0014,-0.0003,-0.0016,0.0,-0.0058
2013-05-09,-0.0031,0.0005,-0.0025,-0.0001,-0.0022,0.0,0.0003
2013-05-10,0.0054,0.004,-0.0017,-0.0028,-0.0002,0.0,0.0016
2013-05-13,-0.0002,-0.0023,-0.0003,-0.0042,0.0009,0.0,0.0038
2013-05-14,0.011,0.0018,0.0025,-0.0023,0.0013,0.0,0.0046
2013-05-15,0.0051,-0.001,0.0023,-0.0004,0.0033,0.0,0.0046999999999999
2013-05-16,-0.0051,0.0016,-0.0024,0.0013,-0.0034999999999999,0.0,-0.008
2013-05-17,0.0104,0.0007,0.0033,0.0007,-0.0019,0.0,-0.0008
2013-05-20,-0.0006,0.0040999999999999,0.0046999999999999,0.0026,-0.0022,0.0,-0.01
2013-05-21,0.0016,-0.0009,-0.0007,0.0023,0.002,0.0,-0.0001
2013-05-22,-0.0092,-0.0069999999999999,-0.0014,0.0028,0.0034,0.0,0.0008
2013-05-23,-0.0019,0.0048,-0.001,-0.0003,0.0006,0.0,0.001
2013-05-24,-0.0006,0.0017,0.0008,-0.0007,0.0002,0.0,0.0014
2013-05-28,0.0077,0.0067,0.0023,-0.0017,-0.0016,0.0,0.0044
2013-05-29,-0.0069999999999999,-0.0024,0.0056,-0.0027,-0.003,0.0,-0.0059
2013-05-30,0.005,0.0038,0.0048,-0.005,0.0001,0.0,0.0015
2013-05-31,-0.0132,0.0048,-0.0026,0.002,-0.0014,0.0,-0.0023
2013-06-03,0.0049,0.0014,0.001,0.0027,-0.0005,0.0,-0.0037
2013-06-04,-0.0055,-0.0026,-0.0018,0.0037,-0.0006,0.0,-0.0044
2013-06-05,-0.0138,0.0006,-0.0028,0.0018,-0.0018,0.0,-0.0051
2013-06-06,0.0089,0.002,0.002,-0.0052,0.0034,0.0,0.0084
2013-06-07,0.013,-0.0044,0.0006,-0.0022,-0.0005,0.0,0.0056999999999999
2013-06-10,0.0007,0.0066,0.0021,-0.0031,-0.0015,0.0,0.0012
2013-06-11,-0.0104,-0.0001,-0.0058,0.0045,0.0001,0.0,-0.003
2013-06-12,-0.0081999999999999,0.0006,-0.0006,0.0029,0.0013,0.0,-0.0034999999999999
2013-06-13,0.0147,0.0013,0.0033,-0.002,0.0029,0.0,0.0051
2013-06-14,-0.0059,-0.0027,-0.0056,0.0018,-0.0003,0.0,0.0024
2013-06-17,0.0073,-0.0006,0.0012,-0.0026,-0.0034,0.0,0.003
2013-06-18,0.008,0.0037,-0.0005,-0.0003,0.0003,0.0,0.0012
2013-06-19,-0.0128,0.0019,0.0015,-0.001,-0.003,0.0,0.001
2013-06-20,-0.0245,0.0007,0.0039,0.0005,-0.0011,0.0,-0.0067
2013-06-21,0.0013,0.0023,-0.001,-0.0013,0.0013,0.0,-0.0064
2013-06-24,-0.0118999999999999,0.0002,-0.0066,0.0024,-0.0014,0.0,-0.0036
2013-06-25,0.0096,0.0005,0.0084,-0.0037,0.0027,0.0,0.0053
2013-06-26,0.0092,-0.0069999999999999,-0.0017,0.0008,0.0017,0.0,0.0063
2013-06-27,0.0077,0.0083,0.0037,-0.0046,0.0028,0.0,0.0049
2013-06-28,-0.0034,0.0029,-0.0013,0.0015,-0.0028,0.0,-0.0043
2013-07-01,0.0070999999999999,0.0069999999999999,-0.0013,-0.0033,0.0002,0.0,0.0048
2013-07-02,-0.001,0.0002,0.0007,0.0009,-0.0007,0.0,-0.0009
2013-07-03,0.0012,0.0016,-0.0021,0.0014,-0.0006,0.0,0.0003
2013-07-05,0.0111,0.004,0.0046,-0.0034999999999999,0.0017,0.0,0.0056999999999999
2013-07-08,0.0053,-0.0014,0.0005,0.0018,0.0007,0.0,0.0021
2013-07-09,0.0074,0.0005,0.003,0.0,0.0003,0.0,0.0013
2013-07-10,0.0006,0.0029,-0.0037,-0.0008,-0.0012,0.0,-0.0036
2013-07-11,0.0133,-0.0016,-0.0067,-0.0009,-0.0019,0.0,0.0008
2013-07-12,0.0034,-0.0004,0.0021,-0.0068,0.0006,0.0,0.0049
2013-07-15,0.002,0.0054,0.0034,0.0001,0.001,0.0,-0.0013
2013-07-16,-0.0040999999999999,0.0003,0.0009,0.0014,0.0026,0.0,-0.0062
2013-07-17,0.003,-0.0003,0.0019,-0.0044,0.0003,0.0,0.0033
2013-07-18,0.0055,0.0012,0.0095,-0.0019,0.002,0.0,0.002
2013-07-19,0.0009,-0.0012,0.0027,-0.0034,0.0049,0.0,0.0007
2013-07-22,0.0023,0.0012,0.0033,-0.001,0.0008,0.0,0.0017
2013-07-23,-0.0015,0.0013,0.0031,-0.0006,0.0029,0.0,-0.0025
2013-07-24,-0.0039,-0.0029,-0.0028,0.0067,-0.001,0.0,0.0007
2013-07-25,0.0042,0.005,-0.004,-0.0046,-0.0027,0.0,-0.0001
2013-07-26,0.0002,-0.0063,-0.0028,0.0015,-0.0021,0.0,0.0002
2013-07-29,-0.0037,-0.0032,-0.0031,0.0033,-0.0014,0.0,-0.0043
2013-07-30,0.0011,0.0016,-0.005,0.0013,-0.0005,0.0,0.0011
2013-07-31,0.001,0.0019,0.0015,-0.0002,-0.0005,0.0,0.0062
2013-08-01,0.0139999999999999,0.001,0.0008,-0.0017,-0.0016,0.0,0.0062
2013-08-02,0.002,-0.0024,-0.0033,-0.0002,-0.0006,0.0,0.005
2013-08-05,-0.0007,0.0048,-0.0017,-0.0005,-0.0008,0.0,-0.0012
2013-08-06,-0.0068,-0.0034999999999999,-0.001,0.0033,-0.0004,0.0,-0.0042
2013-08-07,-0.0042,-0.0037,-0.0002,0.0032,0.0006,0.0,-0.0039
2013-08-08,0.0046999999999999,0.0,0.0004,0.0,0.0016,0.0,0.0011
2013-08-09,-0.0029,0.0012,-0.0019,0.0015,-0.0018,0.0,0.0011
2013-08-12,-0.0002,0.0056999999999999,-0.0022,0.0016,-0.0008,0.0,-0.0023
2013-08-13,0.002,-0.0029,-0.0005,0.0001,-0.001,0.0,0.0001
2013-08-14,-0.005,0.0013,0.0027,-0.0004,0.0003,0.0,-0.0029
2013-08-15,-0.0147,-0.0037,0.0028,-0.0004,0.0003,0.0,-0.0088
2013-08-16,-0.0026,0.0005,0.0013,-0.0016,-0.0012,0.0,0.0042
2013-08-19,-0.0062,-0.0026,-0.0074,0.0059,-0.0033,0.0,-0.0018
2013-08-20,0.0052,0.0088,0.0009,-0.0032,0.0007,0.0,0.0048
2013-08-21,-0.0059,-0.0007,-0.0043,-0.0008,-0.0031,0.0,0.0025
2013-08-22,0.0092,0.005,0.0007,-0.003,-0.0021,0.0,0.0036
2013-08-23,0.0037,-0.0026,-0.0016,0.0012,-0.0025,0.0,-0.0031
2013-08-26,-0.0029,0.0046,-0.0048,-0.0014,-0.0027,0.0,0.001
2013-08-27,-0.0175,-0.0074,-0.0034,0.0066,0.0003,0.0,-0.0097
2013-08-28,0.003,0.0011,0.0009,0.0,-0.0008,0.0,0.003
2013-08-29,0.0034,0.0074,-0.0044,-0.0036,-0.0025,0.0,0.0075
2013-08-30,-0.0046999999999999,-0.0115,-0.0019,0.0002,-0.0011,0.0,-0.0044
2013-09-03,0.0046,0.0005,0.0015,-0.0049,-0.0023,0.0,0.0096
2013-09-04,0.0083,0.0,-0.0018,-0.0012,0.0006,0.0,0.0046
2013-09-05,0.0019,0.0019,0.004,-0.0017,-0.0006,0.0,0.0008
2013-09-06,0.0,-0.0001,0.0003,-0.0017,-0.0009,0.0,-0.0022
2013-09-09,0.0109,0.0042,-0.0021,-0.0018,-0.0015,0.0,-0.0002
2013-09-10,0.008,0.0006,0.002,-0.0012,0.0005,0.0,0.0072
2013-09-11,0.0028,-0.0024,0.0003,0.002,0.0014,0.0,-0.0004
2013-09-12,-0.0032,-0.0029,-0.0036,0.0016,-0.0012,0.0,0.0005
2013-09-13,0.0029,0.0027,-0.0004,0.0015,0.0025,0.0,-0.0003
2013-09-16,0.0049,-0.0038,0.004,-0.0001,0.0037,0.0,0.0027
2013-09-17,0.0054,0.0042,-0.0012,-0.0033,-0.0021,0.0,0.0007
2013-09-18,0.011,-0.0023,-0.0046999999999999,0.0005,-0.0018,0.0,-0.0054
2013-09-19,-0.0013,0.0009,-0.0062,0.0011,-0.0028,0.0,0.0009
2013-09-20,-0.0063,0.0052,0.0019,-0.001,-0.0016,0.0,0.0032
2013-09-23,-0.0045,0.0040999999999999,-0.0040999999999999,0.0066,-0.0022,0.0,-0.0054
2013-09-24,-0.0013,0.005,0.0002,-0.0012,0.0001,0.0,0.0058
2013-09-25,-0.0023,0.0011,0.0058,-0.0040999999999999,0.0003,0.0,0.0019
2013-09-26,0.0040999999999999,0.0014,-0.0073,0.0018,-0.0032,0.0,0.0038
2013-09-27,-0.0039,-0.0002,-0.0001,0.0006,-0.0011,0.0,0.0034999999999999
2013-09-30,-0.0049,0.0053,0.0001,0.0012,-0.0001,0.0,0.0022
2013-10-01,0.009,0.0038,-0.001,-0.0011,-0.0023,0.0,0.0046999999999999
2013-10-02,-0.001,-0.0034,-0.0007,-0.0009,-0.0009,0.0,-0.0014
2013-10-03,-0.0089,-0.0016,0.0018,0.0003,0.0023,0.0,-0.0011
2013-10-04,0.0075,0.0,0.001,-0.0028,-0.0015,0.0,0.0053
2013-10-07,-0.0095,-0.0029,0.0,0.001,0.0016,0.0,-0.0077
2013-10-08,-0.0135,-0.004,0.008,0.0059,0.0058,0.0,-0.0109
2013-10-09,-0.0005,-0.0034999999999999,0.0062,0.0046,0.0034,0.0,-0.0023
2013-10-10,0.0222,0.0019,-0.0004,-0.0033,-0.0026,0.0,0.0118999999999999
2013-10-11,0.0070999999999999,0.0077,0.0,0.0012,-0.001,0.0,0.0024
2013-10-14,0.0043,0.002,-0.001,0.0008,-0.0013,0.0,0.0026
2013-10-15,-0.0073,-0.0019,0.0003,0.0025,-0.0015,0.0,0.0008
2013-10-16,0.0137,-0.0031,0.0015,-0.0056999999999999,-0.0008,0.0,0.0060999999999999
2013-10-17,0.0069999999999999,0.001,-0.0006,-0.0015,0.0004,0.0,0.0021
2013-10-18,0.0072,0.0026,0.0012,-0.0005,-0.0046,0.0,0.0032
2013-10-21,-0.0002,-0.0012,0.0001,0.0028,0.0003,0.0,-0.0015
2013-10-22,0.0051,-0.0028,0.0004,0.0025,0.0034999999999999,0.0,-0.0039
2013-10-23,-0.0051,0.0017,-0.0032,0.0062,0.002,0.0,-0.0054
2013-10-24,0.0042,0.0037,-0.003,-0.0001,-0.0019,0.0,0.0016
2013-10-25,0.0033,-0.0032,0.0008,0.0015,0.0003,0.0,-0.0025
2013-10-28,0.0009,-0.0007,0.0005,0.0036,0.0019,0.0,-0.0056999999999999
2013-10-29,0.0054,-0.0015,-0.0006,0.001,0.0028,0.0,0.0025
2013-10-30,-0.0059,-0.0075,0.005,0.0054,0.0007,0.0,-0.0040999999999999
2013-10-31,-0.0033,-0.0011,-0.0045,0.0031,0.0017,0.0,0.0039
2013-11-01,0.002,-0.0063,0.0022,0.0023,0.0027,0.0,-0.0007
2013-11-04,0.0046999999999999,0.0075,-0.0006,0.0012,-0.0008,0.0,0.0005
2013-11-05,-0.0023,-0.0003,-0.0024,0.0021,-0.0007,0.0,0.0060999999999999
2013-11-06,0.0027,-0.0081,0.0033,0.0028,0.0019,0.0,-0.0129
2013-11-07,-0.0144999999999999,-0.003,0.0014,0.0014,0.0031,0.0,-0.0115
2013-11-08,0.0146,0.0059,0.0044,-0.0052,-0.0002,0.0,0.013
2013-11-11,0.0011,0.0003,-0.0014,0.0001,0.0,0.0,0.0023
2013-11-12,-0.0018,0.0036,-0.0069999999999999,0.0054,0.0013,0.0,-0.0008
2013-11-13,0.009,0.0008,-0.0011,-0.0036,-0.0019,0.0,0.0064
2013-11-14,0.0042,-0.0059,0.003,-0.0012,0.0002,0.0,-0.0008
2013-11-15,0.0044,0.0008,-0.0029,0.0004,-0.0007,0.0,-0.0006
2013-11-18,-0.0049,-0.0037,0.0046,0.0039,0.0028,0.0,-0.0092
2013-11-19,-0.0027,-0.0026,0.0025,0.0001,0.0,0.0,-0.0049
2013-11-20,-0.0033,0.0028,0.0002,0.0003,-0.0001,0.0,0.0009
2013-11-21,0.0096,0.008,-0.0003,-0.0044,-0.0029,0.0,0.0091
2013-11-22,0.0049,-0.0006,0.0007,-0.0007,-0.0006,0.0,0.0048
2013-11-25,-0.0011,0.0017,0.0013,0.0003,0.0024,0.0,-0.0038
2013-11-26,0.0017,0.0079,-0.0040999999999999,-0.0034999999999999,-0.0039,0.0,0.0064
2013-11-27,0.003,0.0032,-0.0004,0.0006,0.0,0.0,-0.0019
2013-11-29,-0.0002,0.0026,-0.0015,-0.0001,-0.0019,0.0,-0.0021
2013-12-02,-0.0032,-0.0092,0.0014,0.0003,0.0004,0.0,0.0024
2013-12-03,-0.0034,-0.0012,-0.0009,0.0016,-0.0001,0.0,-0.0060999999999999
2013-12-04,-0.0008,-0.0022,0.0029,-0.0037,-0.0012,0.0,0.0009
2013-12-05,-0.0034,0.006,-0.0064,0.0004,-0.0046999999999999,0.0,0.003
2013-12-06,0.0102,-0.0029,0.0018,-0.0001,0.0046999999999999,0.0,0.0024
2013-12-09,0.0017,-0.0040999999999999,0.0002,-0.0005,0.0,0.0,-0.0026
2013-12-10,-0.0034,-0.0055,0.0023,-0.0008,-0.0005,0.0,0.0014
2013-12-11,-0.0116,-0.0032,0.0007,0.0052,0.001,0.0,-0.0046
2013-12-12,-0.0024,0.004,0.0023,-0.0029,-0.0009,0.0,0.0058
2013-12-13,0.0009,0.0024,0.0001,-0.0026,0.002,0.0,0.0042
2013-12-16,0.0067,0.0058,-0.0013,0.0016,-0.0002,0.0,0.0004
2013-12-17,-0.0025,0.0019,-0.0008,-0.0013,-0.0008,0.0,-0.0013
2013-12-18,0.0155,-0.0042,0.0005,-0.0006,0.0025,0.0,0.0015
2013-12-19,-0.001,-0.0051,0.0024,-0.0008,0.0009,0.0,-0.0012
2013-12-20,0.0069,0.0126,-0.003,-0.0024,-0.004,0.0,0.004
2013-12-23,0.0062,0.0049,-0.0001,-0.0021,-0.0018,0.0,-0.0012
2013-12-24,0.0034,0.001,0.0009,-0.0005,0.0016,0.0,-0.0018
2013-12-26,0.0044,-0.0033,-0.0032,0.0022,0.0008,0.0,0.002
2013-12-27,-0.0005,-0.0002,0.0024,0.0008,0.0023,0.0,-0.0084
2013-12-30,0.0,0.0002,-0.003,0.0011,0.0007,0.0,-0.0007
2013-12-31,0.0043,-0.0017,0.0008,-0.0006,-0.0022,0.0,0.0005
2014-01-02,-0.0088,-0.0025,0.0017,-0.0032,0.0011,0.0,-0.0005
2014-01-03,0.0003,0.0040999999999999,0.0003,-0.0034999999999999,0.0015,0.0,0.0024
2014-01-06,-0.0034,-0.0054,0.003,-0.0031,0.0005,0.0,-0.001
2014-01-07,0.0068,0.0032,-0.0038,-0.0008,-0.003,0.0,0.0052
2014-01-08,0.0004,-0.0001,-0.001,-0.0046999999999999,-0.0007,0.0,0.0062
2014-01-09,0.0002,0.0018,-0.0045,-0.0052,-0.0042,0.0,0.0078
2014-01-10,0.0027,0.0045,-0.0081,-0.0028,-0.0036,0.0,-0.0015
2014-01-13,-0.0132,-0.001,0.001,-0.001,0.0046,0.0,-0.0054
2014-01-14,0.0115,0.001,-0.003,-0.0009,-0.0034999999999999,0.0,0.0056
2014-01-15,0.0053,0.0023,0.0021,-0.0042,-0.0002,0.0,-0.003
2014-01-16,-0.0007,0.0025,-0.0069999999999999,-0.0002,-0.0027,0.0,-0.0005
2014-01-17,-0.0039,0.0,0.0003,-0.0019,0.0002,0.0,-0.0001
2014-01-21,0.003,0.0043,0.0,-0.0025,-0.0033,0.0,-0.0004
2014-01-22,0.0015,0.0031,0.0021,-0.0017,-0.0018,0.0,0.0029
2014-01-23,-0.0086,0.0009,-0.0052,0.0018,-0.001,0.0,-0.0054
2014-01-24,-0.0218,-0.0038,0.0018,0.0022,0.0007,0.0,-0.0098999999999999
2014-01-27,-0.0065,-0.0078,0.0039,0.0045,0.0039,0.0,-0.0056
2014-01-28,0.0073,0.0017,0.0003,-0.0083,0.0015,0.0,0.0081999999999999
2014-01-29,-0.0107,-0.0033,0.0023,0.0015,0.0013,0.0,-0.0054
2014-01-30,0.0121999999999999,0.0021,-0.0038,-0.0088,-0.0053,0.0,0.0127
2014-01-31,-0.0066,-0.001,-0.0032,0.0021,-0.0021,0.0,0.0009
2014-02-03,-0.0248,-0.0084,0.0029,0.0022,0.0005,0.0,-0.0084
2014-02-04,0.0077,-0.0005,-0.0005,-0.0014,0.0022,0.0,0.0044
2014-02-05,-0.0023,-0.0058,0.002,0.0015,0.0024,0.0,-0.0009
2014-02-06,0.0121999999999999,-0.0042,0.0028,0.0004,-0.0005,0.0,0.0018
2014-02-07,0.0133,-0.0023,-0.0065,-0.0042,-0.005,0.0,0.0058
2014-02-10,0.0016,0.0006,-0.0046999999999999,-0.003,-0.0018,0.0,-0.001
2014-02-11,0.0109,-0.0017,0.0024,0.0001,0.0009,0.0,0.0008
2014-02-12,0.0011,0.0025,-0.0005,0.0018,0.0001,0.0,0.0025
2014-02-13,0.0072,0.0067,-0.0008,-0.0019,-0.0033,0.0,0.0036
2014-02-14,0.0042,-0.0033,0.0037,0.0037,0.0034,0.0,-0.0033
2014-02-18,0.0027,0.0093999999999999,-0.0026,-0.0032,-0.0028,0.0,0.0070999999999999
2014-02-19,-0.0073,-0.0033,-0.0044,0.003,0.0001,0.0,-0.0034
2014-02-20,0.0070999999999999,0.0053,-0.0021,-0.0007,-0.0023,0.0,0.0049
2014-02-21,-0.0009,0.0034999999999999,-0.0003,0.0001,-0.0005,0.0,0.0024
2014-02-24,0.0065,0.0021,0.0033,-0.0017,-0.0001,0.0,0.004
2014-02-25,-0.001,0.0005,-0.006,-0.0007,0.0007,0.0,0.001
2014-02-26,0.0013,0.0065,-0.0008,-0.0002,0.0003,0.0,-0.001
2014-02-27,0.0054,0.0009,0.0,-0.0024,-0.0004,0.0,0.0004
2014-02-28,0.0015,-0.0066,0.0084,0.0042,0.0013,0.0,-0.0023
2014-03-03,-0.0069999999999999,0.001,0.0014,0.0004,0.001,0.0,-0.0007
2014-03-04,0.0167,0.0106,-0.0013,-0.0046,-0.0015,0.0,0.008
2014-03-05,0.0001,-0.0021,0.0028,-0.0056999999999999,-0.0011,0.0,0.0036
2014-03-06,0.0016,-0.0023,0.0077,0.0032,0.0036,0.0,-0.0049
2014-03-07,0.0004,-0.0002,0.0052,0.0017,0.0034,0.0,-0.0024
2014-03-10,-0.0009,-0.0007,0.0008,0.0002,-0.0013,0.0,0.0002
2014-03-11,-0.0062,-0.0055,-0.0019,0.0045,-0.0004,0.0,-0.0008
2014-03-12,0.0013,0.0029,-0.0017,-0.0011,-0.0043,0.0,-0.0005
2014-03-13,-0.0121,-0.0006,0.0022,0.0015,0.0004,0.0,-0.0033
2014-03-14,-0.0016,0.0066,-0.001,0.0017,0.0004,0.0,-0.0017
2014-03-17,0.009,-0.0034999999999999,0.0002,0.0014,0.0004,0.0,0.0024
2014-03-18,0.0081999999999999,0.0068,-0.0039,-0.0032,-0.003,0.0,0.005
2014-03-19,-0.0059,-0.0012,0.0062,-0.0039,0.0003,0.0,-0.0012
2014-03-20,0.0052,-0.0036,0.0098999999999999,-0.0017,0.0033,0.0,-0.0016
2014-03-21,-0.0037,-0.0016,0.0087,0.0046999999999999,0.0045,0.0,-0.011
2014-03-24,-0.0064,-0.0078,0.0092,0.0065,0.0038,0.0,-0.01
2014-03-25,0.0029,-0.0034,0.0014,0.0028,0.0014,0.0,-0.0024
2014-03-26,-0.0089,-0.0111,0.0026,0.0065,0.0046,0.0,-0.0084
2014-03-27,-0.0018,-0.0012,-0.0034,0.0014,0.0,0.0,-0.0046
2014-03-28,0.0040999999999999,-0.0037,0.0054,0.0056,0.0031,0.0,-0.0046999999999999
2014-03-31,0.0096,0.0098999999999999,-0.0018,-0.0021,0.0004,0.0,0.0073
2014-04-01,0.0087,0.0065,-0.0037,-0.0019,-0.0028,0.0,0.0098999999999999
2014-04-02,0.003,0.0004,0.0015,0.0007,0.0004,0.0,-0.0009
2014-04-03,-0.0031,-0.0077,0.0081,0.0056,0.004,0.0,-0.0106
2014-04-04,-0.0147,-0.0101,0.0069999999999999,0.0064,0.0048,0.0,-0.017
2014-04-07,-0.0125,-0.0034999999999999,-0.0005,0.002,0.0003,0.0,-0.0102
2014-04-08,0.0049,0.0029,-0.0022,0.0006,-0.0014,0.0,-0.0008
2014-04-09,0.0121,0.0022,-0.0086,-0.0046,-0.0053,0.0,0.0137
2014-04-10,-0.0224,-0.0060999999999999,0.0079,0.0084,0.0076,0.0,-0.0186
2014-04-11,-0.0107,-0.0038,0.0024,0.0043,0.0003,0.0,-0.0053
2014-04-14,0.0070999999999999,-0.0048,0.002,0.0032,-0.002,0.0,-0.0017
2014-04-15,0.006,-0.0034999999999999,0.0019,-0.0004,-0.0017,0.0,0.0
2014-04-16,0.0112,0.0001,-0.0037,-0.0005,-0.0009,0.0,0.0095
2014-04-17,0.0023,0.0032,0.0023,-0.0018,0.0016,0.0,0.0028
2014-04-21,0.0038,0.0016,-0.0043,0.0004,-0.0009,0.0,0.0014
2014-04-22,0.0056999999999999,0.0069,-0.0034999999999999,-0.0069,-0.0009,0.0,0.0072
2014-04-23,-0.0031,-0.0054,0.0091,0.0019,0.0024,0.0,-0.0029
2014-04-24,0.0008,-0.0042,-0.0016,0.0019,-0.0019,0.0,-0.005
2014-04-25,-0.0104,-0.0089,0.0055,0.0081,0.0068,0.0,-0.0125
2014-04-28,0.0012,-0.0065,-0.0058,0.0116,0.0004,0.0,-0.0115
2014-04-29,0.0056999999999999,-0.0024,-0.0013,-0.0056999999999999,-0.0025,0.0,0.0069999999999999
2014-04-30,0.0034999999999999,0.0021,-0.0005,0.0008,0.0003,0.0,0.0052
2014-05-01,0.0004,-0.0016,-0.0017,-0.0048,-0.0019,0.0,0.0007
2014-05-02,-0.0008,0.0027,0.0040999999999999,0.0034,0.0019,0.0,0.0013
2014-05-05,0.0013,-0.0037,-0.0055,0.0014,-0.0028,0.0,0.0040999999999999
2014-05-06,-0.0103,-0.0051,0.0014,0.0085,0.0015,0.0,-0.0044
2014-05-07,0.0045,-0.0072,0.0111,-0.0001,0.0056999999999999,0.0,-0.0019
2014-05-08,-0.0026,-0.0096,0.0038,0.0012,0.0026,0.0,-0.0062
2014-05-09,0.0025,0.0063,-0.0036,-0.0015,-0.0005,0.0,-0.0017
2014-05-12,0.012,0.0136,-0.0027,-0.0046999999999999,-0.0028,0.0,0.0085
2014-05-13,-0.0005,-0.0104,0.0022,0.0002,-0.0002,0.0,-0.0015
2014-05-14,-0.006,-0.0113,-0.0046,0.0017,-0.002,0.0,-0.0044
2014-05-15,-0.009,0.0033,-0.0028,0.0023,-0.0006,0.0,-0.0029
2014-05-16,0.0036,0.0022,-0.0043,0.0018,-0.0016,0.0,-0.0019
2014-05-19,0.005,0.0062,0.0006,-0.0032,-0.0007,0.0,0.0070999999999999
2014-05-20,-0.0078,-0.008,0.0023,0.0009,-0.0009,0.0,0.0008
2014-05-21,0.0081,-0.0028,0.001,-0.0002,-0.0014,0.0,0.004
2014-05-22,0.0036,0.0062,-0.0027,-0.0055,-0.0021,0.0,0.0004
2014-05-23,0.0049,0.0059,-0.0022,-0.001,-0.0006,0.0,0.0040999999999999
2014-05-27,0.0069,0.0066,-0.0014,-0.0055,-0.0028,0.0,0.0051
2014-05-28,-0.0012,-0.0025,0.0022,0.0009,0.0012,0.0,0.002
2014-05-29,0.0054,-0.0022,-0.0011,-0.0006,-0.0022,0.0,0.0028
2014-05-30,0.0006,-0.0062,0.0026,0.0034,0.0008,0.0,-0.0001
2014-06-02,0.0006,-0.0065,0.0037,0.0014,0.0019,0.0,0.0021
2014-06-03,-0.0005,-0.0024,0.002,0.0008,-0.0016,0.0,0.0018
2014-06-04,0.0028,0.0023,-0.0007,-0.0019,-0.0018,0.0,0.0036
2014-06-05,0.0077,0.0129,-0.0017,-0.0018,-0.0011,0.0,-0.0011
2014-06-06,0.0054,0.0048,-0.0002,-0.0011,-0.0009,0.0,-0.0023
2014-06-09,0.0022,0.0102,-0.0031,-0.0043,-0.0005,0.0,-0.004
2014-06-10,-0.0003,-0.0019,-0.0003,-0.0034999999999999,0.0007,0.0,-0.0014
2014-06-11,-0.0034,-0.0017,-0.0025,-0.0013,-0.0017,0.0,0.0022
2014-06-12,-0.0069,0.0011,0.0016,-0.0023,-0.0003,0.0,-0.0025
2014-06-13,0.0031,-0.0005,-0.0018,0.0008,-0.0013,0.0,-0.0009
2014-06-16,0.0013,0.0040999999999999,-0.0069,-0.0007,-0.0028,0.0,0.0011
2014-06-17,0.0034,0.0055,0.0045,-0.0054,0.0004,0.0,-0.0006
2014-06-18,0.0074,-0.0026,-0.001,0.0008,-0.0018,0.0,0.001
2014-06-19,0.0012,-0.0014,-0.0003,0.0015,-0.001,0.0,0.0012
2014-06-20,0.0018,0.002,0.0004,0.0003,0.0002,0.0,0.0034999999999999
2014-06-23,-0.0002,-0.0023,0.0009,-0.0001,-0.0016,0.0,-0.0015
2014-06-24,-0.0072,-0.0037,-0.0025,0.0001,0.0001,0.0,-0.0045
2014-06-25,0.0053,0.0033,0.0015,-0.0012,-0.0022,0.0,0.0036
2014-06-26,-0.0011,-0.0009,0.0,0.0014,-0.0005,0.0,0.0021
2014-06-27,0.0025,0.0049,-0.0022,0.0014,-0.0014,0.0,-0.0012
2014-06-30,0.0007,0.0028,0.0017,-0.0027,-0.0015,0.0,0.0007
2014-07-01,0.0074,0.0043,-0.0038,0.0006,-0.0009,0.0,0.0022
2014-07-02,-0.0003,-0.0046,-0.002,0.0009,0.0019,0.0,-0.0009
2014-07-03,0.0059,0.0021,0.0013,0.0001,0.0024,0.0,0.0006
2014-07-07,-0.0062,-0.012,0.0033,0.0076,0.0029,0.0,-0.0015
2014-07-08,-0.0081999999999999,-0.0055,0.0072,0.0081,0.0046,0.0,-0.0024
2014-07-09,0.0046,-0.004,-0.0012,-0.0004,-0.0008,0.0,0.0031
2014-07-10,-0.0049,-0.006,-0.0002,0.0007,0.0008,0.0,0.0
2014-07-11,0.0012,-0.0031,-0.0036,-0.0039,-0.0018,0.0,0.0012
2014-07-14,0.0046,-0.0001,-0.0015,0.0001,-0.0016,0.0,0.0039
2014-07-15,-0.0032,-0.0081999999999999,0.0098999999999999,0.0021,0.0038,0.0,-0.0051
2014-07-16,0.0033,-0.0059,0.0034999999999999,0.0018,0.0018,0.0,-0.0011
2014-07-17,-0.0121,-0.0036,0.0018,0.004,0.0019,0.0,-0.0055
2014-07-18,0.0112,0.0046,-0.0045,-0.0025,-0.0033,0.0,0.0049
2014-07-21,-0.0025,-0.0023,0.0004,-0.0034,-0.003,0.0,0.0023
2014-07-22,0.0053,0.003,-0.0033,0.0022,-0.0018,0.0,0.0027
2014-07-23,0.0019,0.0011,-0.0078,-0.0023,0.0001,0.0,-0.0022
2014-07-24,0.0005,-0.0031,0.0003,-0.0021,-0.0001,0.0,-0.0013
2014-07-25,-0.0053,-0.0039,0.0016,-0.0001,0.0006,0.0,-0.0021
2014-07-28,-0.0008,-0.0046,0.0027,0.0004,0.0003,0.0,-0.0021
2014-07-29,-0.0033,0.0063,-0.0066,-0.0015,-0.0014,0.0,-0.0023
2014-07-30,0.0012,0.0037,-0.0034999999999999,-0.0068,-0.0034999999999999,0.0,-0.0012
2014-07-31,-0.0203,-0.0016,0.0048,0.004,0.0029,0.0,-0.0068
2014-08-01,-0.0032,-0.0024,-0.0004,0.001,0.0014,0.0,0.003
2014-08-04,0.0074,0.0003,-0.0022,-0.0011,-0.0045,0.0,0.0054
2014-08-05,-0.0084,0.0072,-0.0018,-0.0016,0.0001,0.0,-0.0032
2014-08-06,0.0002,0.0040999999999999,0.0011,-0.0003,0.0028,0.0,-0.005
2014-08-07,-0.0052,-0.0005,-0.0015,0.0007,-0.0004,0.0,0.0012
2014-08-08,0.0113,-0.0016,-0.0017,0.0034,0.0018,0.0,0.0005
2014-08-11,0.004,0.0055,-0.0026,-0.0017,-0.0027,0.0,0.0001
2014-08-12,-0.0023,-0.0056999999999999,0.0025,0.0006,0.0001,0.0,-0.0005
2014-08-13,0.0069999999999999,-0.0015,-0.0024,-0.0039,-0.0023,0.0,0.0079
2014-08-14,0.0044,-0.0027,0.0001,-0.002,-0.0002,0.0,-0.0034
2014-08-15,0.0,-0.0014,-0.0014,0.0018,-0.0024,0.0,0.0040999999999999
2014-08-18,0.0093,0.0058,-0.0018,0.0,0.0003,0.0,0.0011
2014-08-19,0.0049,-0.0012,-0.0009,0.0024,-0.0013,0.0,-0.0005
2014-08-20,0.0019,-0.0065,0.0029,-0.0001,0.0028,0.0,0.0002
2014-08-21,0.0028,-0.0008,0.0081,-0.0012,0.0025,0.0,-0.004
2014-08-22,-0.001,0.0027,-0.0038,-0.0007,-0.0018,0.0,0.0009
2014-08-25,0.0049,-0.0021,0.0001,-0.0002,-0.0011,0.0,0.0031
2014-08-26,0.0019,0.0069,-0.0032,-0.0038,-0.0017,0.0,-0.0021
2014-08-27,0.0,-0.0021,0.0015,0.0013,0.001,0.0,0.0005
2014-08-28,-0.0019,-0.004,0.0008,0.0022,0.0003,0.0,0.0005
2014-08-29,0.0039,0.0028,0.0009,-0.0031,-0.0016,0.0,0.0006
2014-09-02,0.0005,0.0042,-0.0008,-0.0009,-0.0021,0.0,0.0029
2014-09-03,-0.0014,-0.0051,0.0024,0.0005,0.0043,0.0,-0.0011
2014-09-04,-0.0018,-0.0014,-0.0017,0.0018,0.0,0.0,-0.0034999999999999
2014-09-05,0.0045,-0.0029,-0.0003,0.0013,0.0,0.0,0.0028
2014-09-08,-0.0022,0.0046999999999999,-0.0046,-0.0038,-0.0023,0.0,0.0017
2014-09-09,-0.0072,-0.0043,0.0002,0.0029,0.0014,0.0,0.0015
2014-09-10,0.0045,0.0016,-0.004,-0.0029,-0.0017,0.0,0.0
2014-09-11,0.0019,0.005,0.0022,-0.0024,0.0,0.0,-0.0011
2014-09-12,-0.0055,-0.0018,0.0013,-0.0005,0.0012,0.0,-0.0042
2014-09-15,-0.0028,-0.0093,0.0063,0.0046999999999999,0.0070999999999999,0.0,-0.0011
2014-09-16,0.0069999999999999,-0.004,-0.0011,0.0014,-0.0018,0.0,0.0067
2014-09-17,0.0017,0.0008,-0.0023,-0.0023,-0.0021,0.0,0.0007
2014-09-18,0.005,0.0002,0.0001,-0.0011,-0.0003,0.0,0.0007
2014-09-19,-0.0018,-0.0097,0.0003,0.002,-0.0006,0.0,0.0
2014-09-22,-0.0097,-0.0054,0.0009,0.0046,0.0021,0.0,-0.0007
2014-09-23,-0.0062,-0.0031,-0.0006,-0.0002,-0.0028,0.0,0.0026
2014-09-24,0.0081,0.0005,-0.0093,0.0009,-0.0043,0.0,0.0015
2014-09-25,-0.0163,0.0012,0.0012,0.0031,0.0027,0.0,-0.0023
2014-09-26,0.0085,-0.0006,-0.0025,0.001,-0.0049,0.0,0.0059
2014-09-29,-0.0022,0.0016,-0.0044,0.0017,-0.0027,0.0,0.0012
2014-09-30,-0.004,-0.0101,0.0011,0.0003,0.0001,0.0,-0.0017
2014-10-01,-0.0139,-0.0014,0.003,0.002,0.0001,0.0,-0.0039
2014-10-02,0.0016,0.0098,-0.0039,-0.003,-0.0029,0.0,-0.0024
2014-10-03,0.0108,-0.0039,-0.0045,-0.0009,-0.0013,0.0,0.0046
2014-10-06,-0.0026,-0.0076,0.0034999999999999,0.003,0.0024,0.0,-0.0029
2014-10-07,-0.0156,-0.0014,0.0014,0.0026,0.0003,0.0,0.001
2014-10-08,0.017,-0.0001,-0.0007,-0.0005,-0.0005,0.0,0.0027
2014-10-09,-0.0217,-0.0046999999999999,-0.0040999999999999,0.004,-0.0012,0.0,0.0003
2014-10-10,-0.0129,-0.0008,0.005,0.0075,0.0039,0.0,-0.0039
2014-10-13,-0.0159,0.0132,0.0048,-0.003,0.0023,0.0,-0.0087
2014-10-14,0.0027,0.0084,-0.0013,0.0002,0.0009,0.0,-0.0083
2014-10-15,-0.0054,0.0168,-0.0132,-0.0048,-0.0063,0.0,-0.0068
2014-10-16,0.0022,0.0105,0.0024,-0.0044,0.0012,0.0,-0.0032
2014-10-17,0.0113,-0.0157,-0.0011,-0.0002,0.0026,0.0,0.0105
2014-10-20,0.0093999999999999,0.0012,-0.0032,0.001,-0.0032,0.0,0.0004
2014-10-21,0.0197999999999999,-0.0042,0.0007,0.0007,-0.001,0.0,0.0028
2014-10-22,-0.0085,-0.0055,0.0016,0.0013,0.002,0.0,0.0076
2014-10-23,0.0129,0.0045,-0.0044,-0.0034,-0.0007,0.0,0.001
2014-10-24,0.0065,-0.005,-0.0013,-0.0034,0.001,0.0,0.0107
2014-10-27,-0.0017,0.0007,-0.003,0.0012,-0.0002,0.0,0.0033
2014-10-28,0.0137,0.0156,0.0005,-0.004,-0.0018,0.0,-0.0023
2014-10-29,-0.0017,0.0001,0.0044,0.0021,0.0034999999999999,0.0,0.0027
2014-10-30,0.006,0.002,-0.0052,-0.0040999999999999,0.0006,0.0,0.0001
2014-10-31,0.0123,0.0031,0.0021,0.002,-0.0002,0.0,0.0
2014-11-03,-0.0001,-0.003,-0.0006,0.0004,0.0014,0.0,0.0031
2014-11-04,-0.0034,-0.0003,-0.0025,0.0013,0.0007,0.0,0.0051
2014-11-05,0.0048,-0.0044,0.0084,0.003,0.0077,0.0,-0.0017
2014-11-06,0.0049,0.0007,-0.0048,0.0013,-0.0027,0.0,0.0022
2014-11-07,0.0008,0.0001,0.0046999999999999,-0.0022,0.0005,0.0,-0.009
2014-11-10,0.0033,0.0014,-0.005,-0.0028,-0.0042,0.0,0.0063
2014-11-11,0.001,0.0002,-0.0027,0.0012,-0.0029,0.0,-0.0038
2014-11-12,0.0007,0.0069999999999999,-0.0027,0.002,0.0006,0.0,-0.0022
2014-11-13,-0.0003,-0.0091,-0.0036,0.0056999999999999,0.0,0.0,0.0034999999999999
2014-11-14,0.0006,-0.0014,0.0018,-0.0002,-0.0012,0.0,-0.008
2014-11-17,-0.0005,-0.0095,0.0022,0.0003,0.0024,0.0,0.0058
2014-11-18,0.0051,-0.0002,-0.0034999999999999,-0.0015,0.0002,0.0,0.0060999999999999
2014-11-19,-0.0021,-0.0088,-0.0005,0.0039,0.0007,0.0,-0.0011
2014-11-20,0.0031,0.0089,0.0001,-0.0002,-0.0006,0.0,-0.0073
2014-11-21,0.0048,-0.0038,-0.0005,-0.001,0.0002,0.0,-0.0033
2014-11-24,0.004,0.0092,-0.0052,-0.002,-0.001,0.0,0.0011
2014-11-25,-0.0008,0.0004,-0.0002,0.0011,0.0015,0.0,0.0046999999999999
2014-11-26,0.0029,0.0002,-0.0049,-0.0019,-0.002,0.0,0.0093
2014-11-28,-0.0034,-0.0101,-0.0116,0.0068,0.0,0.0,0.0113
2014-12-01,-0.009,-0.009,0.0060999999999999,0.001,0.0052,0.0,0.003
2014-12-02,0.0065,0.0046,0.0008,-0.005,0.0005,0.0,0.0078
2014-12-03,0.0046,0.0044,0.003,-0.0018,0.0006,0.0,-0.0022
2014-12-04,-0.0017,-0.0034,0.0007,0.001,-0.0015,0.0,0.0091
2014-12-05,0.0025,0.0056999999999999,0.0023,-0.0066,0.0016,0.0,0.0040999999999999
2014-12-08,-0.0081999999999999,-0.0055,0.0017,0.0002,0.0009,0.0,0.011
2014-12-09,0.0013,0.017,-0.0012,-0.0046999999999999,-0.003,0.0,-0.0034
2014-12-10,-0.0172,-0.0064,-0.0013,0.0012,0.0016,0.0,0.0064
2014-12-11,0.005,-0.0006,-0.0018,0.0019,0.0002,0.0,0.002
2014-12-12,-0.0155,0.0046,-0.0059,0.002,-0.0032,0.0,0.0003
2014-12-15,-0.0068,-0.0024,0.0007,0.0070999999999999,0.0014,0.0,0.0016
2014-12-16,-0.008,0.0068,0.006,-0.0013,0.0045,0.0,-0.0055
2014-12-17,0.0215,0.009,-0.0008,-0.0046,-0.0046,0.0,-0.0066
2014-12-18,0.0236,-0.009,-0.0019,-0.0040999999999999,-0.0024,0.0,0.0029
2014-12-19,0.0043,-0.0023,0.0024,-0.0046,-0.0003,0.0,-0.0096
2014-12-22,0.0037,0.0019,-0.0009,0.0019,0.001,0.0,0.002
2014-12-23,0.0021,-0.0014,0.011,0.0059,0.0064,0.0,-0.0095
2014-12-24,0.0006,0.0034,-0.0019,-0.0011,-0.0007,0.0,0.0074
2014-12-26,0.0038,0.0034,-0.003,-0.0008,-0.0019,0.0,0.0007
2014-12-29,0.0013,0.0021,0.0056999999999999,0.0019,0.0019,0.0,-0.0019
2014-12-30,-0.0048,0.0008,0.0033,-0.0006,0.0033,0.0,-0.0008
2014-12-31,-0.0093,0.0046999999999999,-0.0044,-0.0011,-0.0026,0.0,-0.0049
2015-01-02,-0.0012,-0.0056,0.0012,-0.0028,0.0015,0.0,-0.0008
2015-01-05,-0.0184,0.0024,-0.0068,0.0017,-0.0008,0.0,0.0115
2015-01-06,-0.0103,-0.0079,-0.0029,0.0052,0.0006,0.0,0.0049
2015-01-07,0.0118999999999999,0.0017,-0.0067,0.0026,-0.0017,0.0,0.0097
2015-01-08,0.0181,-0.001,-0.0029,0.001,-0.0021,0.0,0.0014
2015-01-09,-0.0085,-0.0003,-0.0046999999999999,-0.0012,-0.0016,0.0,-0.0001
2015-01-12,-0.0078,0.0034999999999999,-0.0044,0.0017,0.0019,0.0,0.0088
2015-01-13,-0.0019,0.0024,0.0001,0.0043,0.0,0.0,0.0031
2015-01-14,-0.006,0.0027,-0.005,0.0019,-0.0012,0.0,0.0006
2015-01-15,-0.0108,-0.0096,0.0060999999999999,0.0069999999999999,0.0058,0.0,0.0074
2015-01-16,0.0136,0.0049,-0.0013,-0.003,-0.0007,0.0,-0.0021
2015-01-20,0.0011,-0.0073,-0.0054,0.0002,-0.0052,0.0,0.0074
2015-01-21,0.0042,-0.0092,0.0059,0.0018,-0.0002,0.0,-0.01
2015-01-22,0.0158,0.0045,0.0042,0.0002,-0.0008,0.0,0.0033
2015-01-23,-0.0046999999999999,0.0042,-0.0077,-0.0006,-0.0060999999999999,0.0,0.001
2015-01-26,0.0042,0.0059,-0.0004,-0.0042,-0.0012,0.0,-0.0084
2015-01-27,-0.0121999999999999,0.0072,0.002,-0.0034999999999999,0.0048,0.0,-0.0042
2015-01-28,-0.0139,-0.0018,-0.0081,0.0052,-0.0022,0.0,0.0116999999999999
2015-01-29,0.0098,0.0021,0.0003,0.0001,-0.0034,0.0,0.006
2015-01-30,-0.0131,-0.0083,0.0006,-0.0016,-0.0046999999999999,0.0,-0.0266
2015-02-02,0.0124,-0.0038,0.0101,0.0004,0.0016,0.0,-0.0078
2015-02-03,0.0149,0.0024,0.005,0.0006,0.0042,0.0,-0.0121999999999999
2015-02-04,-0.0034999999999999,-0.0009,-0.0021,0.0032,-0.0012,0.0,0.0074
2015-02-05,0.011,0.0043,-0.0007,-0.0051,-0.0018,0.0,-0.0069999999999999
2015-02-06,-0.002,0.0011,0.0036,-0.0019,-0.001,0.0,-0.0077
2015-02-09,-0.0046,-0.0034,0.0012,-0.0003,-0.0004,0.0,-0.0062
2015-02-10,0.0105,-0.0034999999999999,-0.0073,0.0011,-0.004,0.0,0.0116999999999999
2015-02-11,0.0003,-0.0015,-0.0034,0.0007,-0.001,0.0,0.0046999999999999
2015-02-12,0.01,0.0019,-0.0005,-0.0016,-0.0015,0.0,-0.0046999999999999
2015-02-13,0.0046999999999999,0.0015,-0.0029,-0.003,-0.0024,0.0,-0.0134
2015-02-17,0.0016,-0.0003,-0.0003,-0.0017,-0.0015,0.0,-0.0004
2015-02-18,0.0003,0.0026,-0.0084,0.0028,-0.0019,0.0,0.0069999999999999
2015-02-19,-0.0001,0.0022,-0.0038,-0.0004,-0.0037,0.0,-0.0056
2015-02-20,0.0060999999999999,-0.0043,-0.0027,-0.0007,-0.0011,0.0,0.0054
2015-02-23,-0.0008,0.0003,-0.0037,0.0038,-0.0019,0.0,0.0092
2015-02-24,0.0032,0.0,0.0070999999999999,-0.0024,0.0037,0.0,-0.0005
2015-02-25,0.0001,0.002,-0.0046999999999999,-0.0056,-0.0023,0.0,-0.0103
2015-02-26,-0.0008,0.0056,-0.0049,-0.0013,-0.0032,0.0,0.0028
2015-02-27,-0.0036,-0.0021,0.0022,0.0007,0.003,0.0,-0.002
2015-03-02,0.0062,0.002,-0.0045,0.0005,0.001,0.0,0.0032
2015-03-03,-0.0043,-0.003,0.0032,-0.0007,0.0,0.0,-0.004
2015-03-04,-0.0040999999999999,0.0013,-0.0037,-0.0004,-0.003,0.0,0.0003
2015-03-05,0.0015,0.0022,-0.0043,-0.0051,-0.002,0.0,-0.0004
2015-03-06,-0.0129,0.003,0.0042,-0.0012,-0.0002,0.0,0.001
2015-03-09,0.0037,0.001,0.0,0.0028,-0.0006,0.0,0.0077
2015-03-10,-0.0163,0.0043,-0.0054,0.0012,-0.0015,0.0,0.0045
2015-03-11,-0.0003,0.006,0.0051,-0.0048,-0.0006,0.0,-0.0004
2015-03-12,0.0128,0.004,0.0045,-0.0005,0.0023,0.0,0.0067
2015-03-13,-0.0058,0.0021,-0.0001,-0.0011,-0.0009,0.0,0.0073
2015-03-16,0.0124,-0.0079,-0.0038,-0.0013,-0.0016,0.0,0.0063
2015-03-17,-0.0019,0.0052,-0.0001,-0.0001,-0.0028,0.0,0.0022
2015-03-18,0.0109,-0.005,0.0002,0.0015,-0.0003,0.0,-0.0084
2015-03-19,-0.0036,0.0079,-0.0111,0.0008,-0.0037,0.0,0.0093999999999999
2015-03-20,0.0081,-0.0011,0.0056,0.0044,0.0026,0.0,-0.0040999999999999
2015-03-23,-0.0019,0.0019,0.0024,0.0018,0.0032,0.0,-0.005
2015-03-24,-0.0051,0.0054,-0.0026,0.0011,-0.0021,0.0,-0.0032
2015-03-25,-0.0156,-0.009,0.0103,0.0034999999999999,0.0052,0.0,-0.0118999999999999
2015-03-26,-0.0022,0.001,-0.0004,0.0003,-0.0024,0.0,-0.0001
2015-03-27,0.0032,0.0044,-0.0072,-0.0014,-0.0011,0.0,0.0113999999999999
2015-03-30,0.0124,0.0006,0.0,-0.0029,0.0,0.0,0.0013
2015-03-31,-0.0075,0.0044,0.0039,0.0018,0.0024,0.0,-0.0024
2015-04-01,-0.0038,0.0034999999999999,0.0042,-0.0016,0.0021,0.0,-0.0015
2015-04-02,0.0034999999999999,-0.0011,0.0028,-0.001,0.0022,0.0,-0.0056999999999999
2015-04-06,0.0060999999999999,-0.003,-0.0008,0.002,-0.0018,0.0,-0.0128
2015-04-07,-0.0022,-0.0019,-0.0019,-0.0018,-0.0026,0.0,-0.003
2015-04-08,0.0037,0.0048,-0.0074,-0.0004,-0.003,0.0,0.0128
2015-04-09,0.0040999999999999,-0.0070999999999999,-0.0007,-0.0026,0.0014,0.0,-0.0079
2015-04-10,0.0049,-0.0016,-0.0028,-0.0046999999999999,0.0019,0.0,0.0031
2015-04-13,-0.0038,0.0056,0.0024,-0.0013,-0.0013,0.0,0.0005
2015-04-14,0.001,-0.0015,0.0022,0.0007,0.0009,0.0,-0.0113999999999999
2015-04-15,0.0056999999999999,0.0028,0.0036,-0.0022,-0.0007,0.0,-0.0169
2015-04-16,-0.0008,-0.001,-0.002,-0.0021,-0.0022,0.0,0.0056999999999999
2015-04-17,-0.0123,-0.0044,0.0017,0.0015,0.0008,0.0,0.0006
2015-04-20,0.0095,0.0016,-0.0028,0.0046,-0.0032,0.0,0.003
2015-04-21,-0.001,0.0011,-0.0073,0.001,-0.0025,0.0,0.0123
2015-04-22,0.0046,-0.004,0.0018,-0.0007,0.0001,0.0,-0.0017
2015-04-23,0.0029,0.0029,-0.0025,0.0,-0.0021,0.0,-0.0026
2015-04-24,0.0017,-0.0053,-0.0031,0.0083,-0.0056,0.0,0.004
2015-04-27,-0.0053,-0.0066,0.0056,0.0054,-0.0002,0.0,-0.012
2015-04-28,0.0027,0.0024,0.0106,0.0006,0.0046,0.0,-0.0075
2015-04-29,-0.0039,-0.0072,0.0072,-0.0077,-0.0001,0.0,-0.0123
2015-04-30,-0.0111,-0.0101,0.0070999999999999,0.0025,0.0046999999999999,0.0,-0.0113
2015-05-01,0.0101,-0.0031,-0.0060999999999999,0.0025,-0.0017,0.0,0.01
2015-05-04,0.0032,0.001,0.0021,-0.0015,0.0004,0.0,0.0024
2015-05-05,-0.0118999999999999,-0.0014,0.0053,0.0,0.003,0.0,-0.0043
2015-05-06,-0.0031,0.006,-0.0012,-0.0025,0.0011,0.0,0.0045
2015-05-07,0.0039,0.0001,-0.0037,-0.0026,0.0,0.0,0.0085
2015-05-08,0.0121,-0.0056,-0.0011,-0.0027,-0.0028,0.0,0.0018
2015-05-11,-0.0039,0.0067,-0.0005,-0.0004,-0.0002,0.0,0.0054
2015-05-12,-0.0026,0.0,0.0014,-0.0015,-0.0001,0.0,-0.0032
2015-05-13,0.0001,-0.0001,0.0004,-0.0012,0.0004,0.0,-0.0008
2015-05-14,0.0101,-0.0016,-0.0034,0.0012,-0.0045,0.0,0.0086
2015-05-15,0.0005,-0.0022,-0.002,0.0024,0.0024,0.0,-0.0036
2015-05-18,0.0044,0.0074,-0.0011,-0.0018,-0.0028,0.0,0.0076
2015-05-19,-0.0009,-0.0009,0.0023,-0.001,-0.0003,0.0,0.0084
2015-05-20,-0.0005,0.0017,-0.001,-0.0016,0.0002,0.0,-0.0019
2015-05-21,0.0023,-0.0028,0.0002,0.0009,-0.0017,0.0,-0.005
2015-05-22,-0.0022,-0.0012,-0.0013,-0.0012,-0.0007,0.0,0.0031
2015-05-26,-0.0101,-0.0003,-0.0002,-0.001,0.0014,0.0,0.0037
2015-05-27,0.0093,0.003,-0.0032,-0.0004,-0.003,0.0,0.008
2015-05-28,-0.0011,0.001,0.0015,-0.0022,0.001,0.0,0.0022
2015-05-29,-0.0058,0.0005,0.0005,-0.0027,-0.0004,0.0,0.0013
2015-06-01,0.0017,-0.0005,-0.0023,0.0023,-0.0032,0.0,0.004
2015-06-02,-0.0002,0.0033,0.0036,-0.0019,0.0016,0.0,-0.0084
2015-06-03,0.0039,0.0087,-0.0025,-0.0015,-0.0005,0.0,0.0029
2015-06-04,-0.0088,-0.0009,0.0,0.0018,-0.0002,0.0,0.0015
2015-06-05,0.0006,0.0084,0.001,-0.0053,-0.0037,0.0,-0.0018
2015-06-08,-0.0066,0.0004,0.0001,0.0005,0.0007,0.0,-0.0004
2015-06-09,0.0002,-0.0028,0.0037,0.0015,0.001,0.0,-0.0003
2015-06-10,0.0118999999999999,0.0017,0.0021,-0.0004,0.0006,0.0,-0.0008
2015-06-11,0.0021,-0.0008,-0.001,0.0016,-0.0003,0.0,0.0042
2015-06-12,-0.0063,0.0034999999999999,0.0012,0.0007,0.0012,0.0,0.0009
2015-06-15,-0.0045,0.0016,-0.0014,-0.002,-0.0026,0.0,0.0029
2015-06-16,0.0056999999999999,0.0011,-0.0001,0.0011,-0.0006,0.0,0.0011
2015-06-17,0.0016,-0.0031,-0.0066,0.0016,-0.0012,0.0,0.002
2015-06-18,0.0098999999999999,0.0015,-0.0045,-0.0014,-0.0019,0.0,0.0081
2015-06-19,-0.0043,0.0052,-0.002,0.0008,-0.0006,0.0,0.0038
2015-06-22,0.0063,0.001,-0.0006,-0.0016,-0.0025,0.0,0.0019
2015-06-23,0.0012,0.0025,0.0029,-0.001,-0.0003,0.0,-0.0026
2015-06-24,-0.0079,-0.0014,0.0013,0.0016,0.0,0.0,0.0001
2015-06-25,-0.0025,0.0033,-0.0021,0.0016,-0.0008,0.0,0.0087
2015-06-26,-0.0006,-0.0019,0.004,0.0033,0.0034,0.0,0.0004
2015-06-29,-0.0214,-0.0042,0.0017,0.0033,0.0011,0.0,0.0032
2015-06-30,0.0033,0.003,-0.0066,-0.0031,-0.0066,0.0,0.0068
2015-07-01,0.0060999999999999,-0.0075,-0.0004,0.0021,0.0008,0.0,0.016
2015-07-02,-0.0011,-0.0060999999999999,-0.001,-0.0005,0.0,0.0,-0.0034
2015-07-06,-0.0037,0.001,-0.0056,-0.002,-0.0022,0.0,0.0141999999999999
2015-07-07,0.0053,-0.005,-0.0028,0.0043,0.0002,0.0,-0.0034
2015-07-08,-0.0168,-0.0002,0.0009,0.0015,0.0011,0.0,0.0056
2015-07-09,0.0029,0.0016,0.0002,-0.0033,-0.0029,0.0,0.0002
2015-07-10,0.0123,0.0018,-0.0052,-0.0021,-0.0011,0.0,0.0108
2015-07-13,0.0113999999999999,-0.0011,-0.0043,0.0009,-0.0027,0.0,0.0
2015-07-14,0.0048,0.0015,0.001,-0.0029,-0.0026,0.0,-0.0027
2015-07-15,-0.0018,-0.0079,-0.0006,-0.0022,-0.0029,0.0,0.0128
2015-07-16,0.0077,-0.0025,-0.0064,-0.0025,-0.0066,0.0,0.0077
2015-07-17,0.0005,-0.0068,-0.0066,-0.0024,-0.0095,0.0,-0.0011
2015-07-20,-0.0001,-0.0078,-0.0060999999999999,0.0034999999999999,-0.0029,0.0,0.0139
2015-07-21,-0.0046,0.0007,0.003,-0.0019,0.0,0.0,-0.0039
2015-07-22,-0.0017,0.0027,0.0023,-0.0038,0.0009,0.0,0.0108
2015-07-23,-0.0058,-0.0043,-0.0031,-0.0005,-0.0005,0.0,-0.0014
2015-07-24,-0.0109,-0.0067,0.0004,0.0005,-0.0005,0.0,0.0105
2015-07-27,-0.0074,-0.0024,0.0005,0.001,0.0039,0.0,0.0021
2015-07-28,0.0123,-0.0036,-0.0014,0.0001,0.0014,0.0,-0.0091
2015-07-29,0.0075,-0.0024,0.0053,0.0095,0.0032,0.0,-0.0101
2015-07-30,0.001,0.0017,-0.0027,0.0012,-0.0017,0.0,0.002
2015-07-31,-0.0015,0.0075,-0.0101,0.0026,-0.0003,0.0,0.012
2015-08-03,-0.0034,-0.0033,-0.002,0.0006,0.0006,0.0,0.0098999999999999
2015-08-04,-0.0014,-0.0001,-0.0013,-0.0003,0.0022,0.0,0.0029
2015-08-05,0.0036,-0.0011,-0.0040999999999999,-0.0002,-0.0007,0.0,0.008
2015-08-06,-0.0088,-0.0034,0.0192999999999999,0.0032,0.0081,0.0,-0.021
2015-08-07,-0.0036,-0.0045,-0.003,0.0027,0.0009,0.0,0.0101
2015-08-10,0.0131,0.0018,0.0069999999999999,0.0017,0.0004,0.0,-0.02
2015-08-11,-0.0098,-0.0007,0.0042,0.0015,0.0009,0.0,0.0009
2015-08-12,0.0007,-0.0019,-0.0032,-0.0011,-0.0015,0.0,-0.0098999999999999
2015-08-13,-0.0014,-0.0044,0.0008,0.0013,-0.001,0.0,0.0133
2015-08-14,0.0043,0.0014,0.0044,-0.0008,0.0009,0.0,0.0018
2015-08-17,0.006,0.0034,-0.0086,-0.0021,-0.0046,0.0,0.0072
2015-08-18,-0.0034999999999999,-0.0060999999999999,0.0037,0.0036,0.0007,0.0,0.002
2015-08-19,-0.0085,-0.002,-0.0022,-0.001,-0.0003,0.0,0.012
2015-08-20,-0.0224,-0.002,0.0055,0.0065,0.0063,0.0,-0.0040999999999999
2015-08-21,-0.0295,0.0183,0.0014,-0.0070999999999999,0.0081999999999999,0.0,-0.0013
2015-08-24,-0.0391,0.0028,-0.0043,0.0046,0.0016,0.0,-0.0002
2015-08-25,-0.0116,0.0058,-0.006,-0.0029,-0.0064,0.0,0.0093999999999999
2015-08-26,0.0368,-0.0141999999999999,-0.0033,0.0017,-0.0068,0.0,0.0042
2015-08-27,0.024,-0.0063,0.0060999999999999,-0.003,-0.0022,0.0,-0.0204999999999999
2015-08-28,0.0023,0.0098,0.0008,-0.0025,0.0005,0.0,-0.0149
2015-08-31,-0.0074,0.009,0.0141999999999999,0.0009,0.0051,0.0,-0.0177
2015-09-01,-0.0291,0.0024,-0.005,-0.0003,0.0007,0.0,0.0084
2015-09-02,0.0182,-0.003,-0.0092,0.0018,-0.0069999999999999,0.0,0.01
2015-09-03,0.0017,-0.002,0.0074,0.0033,0.0075,0.0,-0.0072
2015-09-04,-0.0139,0.0083,-0.0056999999999999,-0.0007,-0.0048,0.0,0.0069999999999999
2015-09-08,0.0252,-0.0038,-0.0058,-0.0008,-0.0029,0.0,0.0088
2015-09-09,-0.0134,0.0016,0.0014,0.0021,0.0004,0.0,0.0029
2015-09-10,0.0049,-0.0018,-0.0036,-0.0021,-0.0068,0.0,0.003
2015-09-11,0.0044,-0.0027,-0.0069,-0.0009,-0.0033,0.0,0.0125
2015-09-14,-0.0040999999999999,0.0002,0.0004,-0.0002,-0.0006,0.0,0.0052
2015-09-15,0.0121999999999999,-0.0016,0.0027,0.0001,0.0008,0.0,-0.0040999999999999
2015-09-16,0.0085,0.0005,0.0043,0.0031,0.0024,0.0,-0.017
2015-09-17,-0.0017,0.0077,-0.0149,-0.0026,-0.005,0.0,0.011
2015-09-18,-0.0162,0.0031,-0.0095,-0.0042,-0.005,0.0,0.0123
2015-09-21,0.0036,-0.0084,0.0124,0.0048,0.0023,0.0,-0.0009
2015-09-22,-0.0129,-0.0029,0.0013,0.003,0.0008,0.0,0.004
2015-09-23,-0.0027,-0.0021,-0.0015,-0.0019,-0.0028,0.0,0.0197999999999999
2015-09-24,-0.0036,0.0027,0.0052,-0.0008,0.0003,0.0,-0.0056
2015-09-25,-0.0022,-0.0144999999999999,0.0187,0.0053,0.0068,0.0,-0.0051
2015-09-28,-0.0263,-0.0022,0.0116999999999999,0.0064,0.0069999999999999,0.0,-0.0034999999999999
2015-09-29,-0.0006,-0.0060999999999999,0.0069999999999999,0.0070999999999999,0.0059,0.0,-0.0043
2015-09-30,0.0187999999999999,-0.005,-0.0044,-0.0042,-0.0034999999999999,0.0,0.0027
2015-10-01,0.0013,-0.0052,-0.0006,-0.0015,-0.002,0.0,0.0064
2015-10-02,0.0148,0.0026,-0.0084,-0.0011,-0.0005,0.0,-0.0217
2015-10-05,0.0192999999999999,0.0074,0.0077,0.0011,0.0068,0.0,-0.0196
2015-10-06,-0.0043,-0.0008,0.0163999999999999,0.0034,0.0059,0.0,-0.0306
2015-10-07,0.0093999999999999,0.0077,-0.0024,-0.0012,0.0007,0.0,-0.0033
2015-10-08,0.0085,0.0034,0.0074,0.0052,0.0075,0.0,-0.0161
2015-10-09,0.0012,0.0011,-0.0108,0.0014,-0.0018,0.0,0.0042
2015-10-12,0.0006,-0.0042,-0.0008,0.0011,-0.0011,0.0,0.0183
2015-10-13,-0.0073,-0.0067,0.0066,0.0033,0.0019,0.0,-0.0017
2015-10-14,-0.006,-0.0029,-0.0006,-0.0042,0.0040999999999999,0.0,-0.0077
2015-10-15,0.0156,0.0062,-0.0009,-0.0107,-0.0045,0.0,0.0067
2015-10-16,0.0034999999999999,-0.0053,-0.0032,0.0004,0.0001,0.0,0.0083
2015-10-19,0.0,0.0009,-0.0068,0.0015,-0.0034,0.0,0.0135
2015-10-20,-0.0015,0.0016,0.0121999999999999,0.0046,0.0029,0.0,-0.0104
2015-10-21,-0.0073,-0.0089,-0.002,0.0044,0.0022,0.0,0.0044
2015-10-22,0.015,-0.0077,0.0033,0.0005,0.0059,0.0,-0.0066
2015-10-23,0.0109,-0.0008,-0.0056,0.0021,-0.0081,0.0,0.0091
2015-10-26,-0.002,-0.0045,-0.0072,0.0021,-0.0015,0.0,0.0173
2015-10-27,-0.0042,-0.0106,-0.0093,-0.0042,-0.005,0.0,0.017
2015-10-28,0.0143,0.0151,0.0068,-0.0069,-0.0017,0.0,-0.0072
2015-10-29,-0.002,-0.0084,-0.0006,0.0036,-0.003,0.0,-0.005
2015-10-30,-0.0042,0.0018,-0.0056999999999999,0.0037,0.0007,0.0,-0.0102
2015-11-02,0.0125,0.009,-0.0002,-0.0053,-0.0008,0.0,-0.0101
2015-11-03,0.0033,0.0043,0.0024,0.0004,-0.0011,0.0,-0.0149
2015-11-04,-0.0025,0.0016,-0.0032,-0.0063,-0.0069999999999999,0.0,0.0075
2015-11-05,-0.0007,0.0003,0.0049,0.0002,0.0012,0.0,0.0107
2015-11-06,0.0014,0.0093,0.0033,-0.0053,-0.0011,0.0,0.0033
2015-11-09,-0.0095,-0.0031,-0.0004,-0.0063,-0.0009,0.0,0.0043
2015-11-10,0.0013,0.0,0.0022,-0.0014,0.0021,0.0,0.0086
2015-11-11,-0.0043,-0.0055,-0.0018,-0.0008,0.0007,0.0,0.0139
2015-11-12,-0.0144999999999999,-0.0058,-0.0040999999999999,0.0015,-0.003,0.0,0.0069999999999999
2015-11-13,-0.0106,0.0034,0.0036,-0.0056,0.0045,0.0,-0.0058
2015-11-16,0.0139,-0.0054,0.0048,0.0019,-0.0013,0.0,-0.0102
2015-11-17,-0.0011,-0.0023,-0.0064,0.0,-0.0017,0.0,0.0087
2015-11-18,0.0161,-0.0003,-0.0008,-0.0012,-0.0040999999999999,0.0,-0.0046999999999999
2015-11-19,-0.0013,-0.0028,-0.0017,0.0018,0.0015,0.0,0.0022
2015-11-20,0.0034999999999999,0.0039,-0.0039,0.0029,0.0001,0.0,0.0089
2015-11-23,-0.0001,0.006,-0.0034999999999999,0.0009,-0.0016,0.0,0.0009
2015-11-24,0.0021,0.0073,0.0025,0.0018,0.0008,0.0,-0.0135
2015-11-25,0.0007,0.0085,-0.0054,-0.0009,-0.001,0.0,0.0002
2015-11-27,0.0009,0.0021,-0.0029,-0.0016,0.0009,0.0,0.0079
2015-11-30,-0.0048,0.0019,0.0067,-0.0024,0.0009,0.0,-0.0063
2015-12-01,0.0097,-0.0064,0.0025,-0.0009,-0.0015,0.0,0.0048
2015-12-02,-0.0101,0.0019,-0.0069999999999999,0.0005,-0.0015,0.0,0.0098
2015-12-03,-0.015,-0.0018,0.004,0.0032,0.0025,0.0,-0.0008
2015-12-04,0.0187,-0.0103,-0.0048,0.0013,-0.0031,0.0,0.0202
2015-12-07,-0.0083,-0.0088,-0.0068,0.0069,0.0016,0.0,0.0067
2015-12-08,-0.0058,0.0025,-0.0118999999999999,-0.0016,-0.0078,0.0,0.0111
2015-12-09,-0.0083,-0.0023,0.0039,0.0051,0.0060999999999999,0.0,-0.0143
2015-12-10,0.003,0.0011,-0.0023,0.0015,-0.0021,0.0,-0.0054
2015-12-11,-0.0202,-0.0021,-0.0006,0.0019,0.0034999999999999,0.0,0.0040999999999999
2015-12-14,0.0029,-0.0111,-0.0017,0.001,-0.0039,0.0,0.0144
2015-12-15,0.011,0.0022,0.0078,-0.0077,0.0014,0.0,0.0006
2015-12-16,0.0147,0.0002,-0.0068,-0.0013,-0.0017,0.0,-0.0017
2015-12-17,-0.0146,0.0032,-0.0036,-0.0023,-0.001,0.0,0.0070999999999999
2015-12-18,-0.0169,0.0069,-0.0037,-0.003,0.0021,0.0,-0.0077
2015-12-21,0.0074,-0.0018,-0.0007,-0.0014,0.0008,0.0,-0.0005
2015-12-22,0.0089,0.0001,0.0052,0.0021,0.0052,0.0,-0.0108
2015-12-23,0.0129,0.0021,0.0056999999999999,-0.0001,0.0011,0.0,-0.0186
2015-12-24,-0.0011,0.0027,-0.0002,-0.0022,0.0012,0.0,0.0007
2015-12-28,-0.0028,-0.0054,-0.0036,0.0008,-0.0008,0.0,0.0139
2015-12-29,0.0105,0.0003,-0.0027,0.0001,-0.0034999999999999,0.0,0.0024
2015-12-30,-0.0074,-0.0018,-0.0015,0.0005,0.0016,0.0,0.0049
2015-12-31,-0.0092,-0.0021,0.0023,-0.0012,0.0009,0.0,-0.0096
2016-01-04,-0.0159,-0.0077,0.0052,0.0034999999999999,0.0042,0.0,-0.0192999999999999
2016-01-05,0.0013,-0.0022,0.0,0.0008,0.0028,0.0,0.0068
2016-01-06,-0.0134,-0.0023,0.0001,0.0013,0.0003,0.0,0.0191
2016-01-07,-0.0243999999999999,-0.0028,0.0008,0.005,0.0039,0.0,0.0086
2016-01-08,-0.0111,-0.0052,-0.0003,0.0024,0.0006,0.0,-0.0012
2016-01-11,-0.0006,-0.0062,0.004,0.0064,0.0044,0.0,0.016
2016-01-12,0.0072,-0.0049,-0.0078,-0.001,-0.0034,0.0,0.0104
2016-01-13,-0.0266,-0.0059,0.008,0.0040999999999999,0.0073,0.0,0.0016
2016-01-14,0.0165,-0.0004,-0.0040999999999999,-0.0059,-0.0045,0.0,-0.0064
2016-01-15,-0.0213,0.0040999999999999,-0.0022,0.0036,0.0034999999999999,0.0,0.0037
2016-01-19,-0.0019,-0.0137,-0.0007,0.0034999999999999,0.0026,0.0,0.0161
2016-01-20,-0.0093999999999999,0.017,-0.0126,0.0008,-0.0056,0.0,-0.0012
2016-01-21,0.0045,-0.0048,-0.0001,0.0049,0.0064,0.0,-0.026
2016-01-22,0.0208,0.0012,-0.0019,-0.0048,-0.0074,0.0,-0.0016
2016-01-25,-0.017,-0.0053,-0.0098,0.0034999999999999,-0.0004,0.0,0.0158
2016-01-26,0.0152,0.0062,0.0118,0.0064,0.0070999999999999,0.0,-0.0194
2016-01-27,-0.0111,-0.004,0.017,-0.0019,0.0109,0.0,-0.0046999999999999
2016-01-28,0.0049,-0.0056,0.0126,-0.0029,-0.0048,0.0,0.0043
2016-01-29,0.0256999999999999,0.0060999999999999,0.0042,0.0,0.0049,0.0,-0.012
2016-02-01,-0.0004,-0.003,-0.01,0.0008,-0.0040999999999999,0.0,0.0032
2016-02-02,-0.02,-0.0015,-0.0036,0.0028,0.0036,0.0,0.0124
2016-02-03,0.0046,-0.0024,0.0045,0.0040999999999999,0.0036,0.0,-0.0241
2016-02-04,0.0027,0.0029,0.0034999999999999,0.0023,0.0014,0.0,-0.0203
2016-02-05,-0.0206,-0.0069999999999999,0.0163,0.0101,0.0139,0.0,-0.0069999999999999
2016-02-08,-0.0151,0.0015,0.0083,0.0169,0.0092,0.0,0.011
2016-02-09,-0.0008,-0.0055,-0.0029,-0.0003,0.0003,0.0,0.0176
2016-02-10,0.0001,-0.0021,-0.0055,-0.0029,-0.0077,0.0,0.0064
2016-02-11,-0.0116999999999999,0.0028,-0.0147,0.0038,-0.0038,0.0,0.0048
2016-02-12,0.0197999999999999,-0.0025,0.0109,-0.004,0.0034999999999999,0.0,-0.0129
2016-02-16,0.0178,0.0051,-0.0052,-0.0002,-0.0027,0.0,-0.0136
2016-02-17,0.0174,-0.0015,-0.0065,-0.0039,-0.0046999999999999,0.0,-0.0233
2016-02-18,-0.0051,-0.0002,0.0021,0.0039,0.0053,0.0,0.001
2016-02-19,0.0006,0.0029,-0.0058,-0.0065,-0.0039,0.0,0.0144999999999999
2016-02-22,0.0143,-0.0019,0.0026,0.0025,-0.0026,0.0,-0.0159
2016-02-23,-0.0121,0.0037,-0.005,0.0076,0.0046,0.0,0.0151
2016-02-24,0.0054,0.0065,-0.0029,-0.0003,0.001,0.0,-0.0021
2016-02-25,0.011,-0.0045,0.0022,-0.0006,-0.0026,0.0,0.0043
2016-02-26,-0.0002,0.0086,0.0029,-0.0056,0.0003,0.0,-0.0200999999999999
2016-02-29,-0.0069,0.0069999999999999,0.0025,0.0015,0.0042,0.0,-0.0089
2016-03-01,0.0233999999999999,-0.0066,0.0039,-0.0058,-0.0059,0.0,-0.0015
2016-03-02,0.0054,0.006,0.0068,-0.0070999999999999,-0.0013,0.0,-0.025
2016-03-03,0.005,0.0058,0.0065,0.0028,0.0037,0.0,-0.0192
2016-03-04,0.0037,0.0034,0.0029,0.001,0.0006,0.0,-0.0098
2016-03-07,0.0021,0.0131,0.0055,-0.0048,0.0044,0.0,-0.0239
2016-03-08,-0.0127,-0.0128,-0.0046999999999999,0.0066,0.0014,0.0,0.0361
2016-03-09,0.005,0.001,0.0040999999999999,0.0024,0.0017,0.0,-0.0011
2016-03-10,-0.001,-0.0077,0.0062,0.0031,0.0021,0.0,0.0055
2016-03-11,0.0169,0.0031,0.0023,-0.0042,-0.0034999999999999,0.0,-0.0197
2016-03-14,-0.0012,-0.0016,-0.009,-0.0002,-0.0025,0.0,-0.0008
2016-03-15,-0.0034999999999999,-0.0147,0.0069,0.0043,0.001,0.0,0.0209
2016-03-16,0.0063,0.0011,-0.0009,0.0059,-0.0005,0.0,-0.0116999999999999
2016-03-17,0.0070999999999999,0.0096,0.0059,0.0012,0.0069,0.0,-0.0092
2016-03-18,0.0054,0.0045,-0.0014,-0.0023,0.0019,0.0,-0.0086
2016-03-21,0.001,-0.0029,-0.0033,-0.0009,-0.0034,0.0,-0.0016
2016-03-22,-0.0005,-0.0009,-0.0045,-0.0031,-0.0027,0.0,-0.0007
2016-03-23,-0.0085,-0.012,-0.0015,0.0068,0.0001,0.0,0.0315
2016-03-24,0.0,0.0044,-0.0006,0.0005,0.0,0.0,-0.0051
2016-03-28,0.0004,-0.0003,0.0016,-0.0004,0.0025,0.0,0.0084
2016-03-29,0.0107,0.0167,-0.0118999999999999,0.002,-0.0059,0.0,-0.0017
2016-03-30,0.0040999999999999,-0.0027,0.0016,-0.0007,0.0006,0.0,0.0009
2016-03-31,-0.0011,0.0042,-0.0049,-0.0011,-0.0012,0.0,-0.01
2016-04-01,0.0064,-0.0034,-0.0063,-0.0038,-0.0017,0.0,0.0108
2016-04-04,-0.0040999999999999,-0.0029,-0.0078,-0.0025,-0.0021,0.0,0.0058
2016-04-05,-0.0093999999999999,-0.0018,-0.0038,0.0009,0.0017,0.0,0.0017
2016-04-06,0.0113999999999999,0.0009,-0.0076,-0.0054,-0.0066,0.0,-0.0143
2016-04-07,-0.0123,-0.001,-0.0038,-0.0001,0.0019,0.0,0.003
2016-04-08,0.0029,0.0013,0.0067,0.0037,0.0031,0.0,-0.006
2016-04-11,-0.0028,-0.0001,0.0095,0.0,0.003,0.0,0.0002
2016-04-12,0.0098999999999999,0.0001,0.0087,0.0003,-0.0012,0.0,-0.0146
2016-04-13,0.0123,0.0098,0.0038,-0.0048,-0.0034999999999999,0.0,-0.0136
2016-04-14,0.0003,-0.0024,0.0014,-0.0034999999999999,-0.0013,0.0,-0.0012
2016-04-15,-0.0004,0.003,-0.0034,0.0023,0.0015,0.0,0.0043
2016-04-18,0.0065,0.0015,-0.0019,-0.0016,-0.0007,0.0,-0.0029
2016-04-19,0.0028,-0.0019,0.0148,-0.002,0.0036,0.0,-0.0063
2016-04-20,0.0015,-0.0001,0.0058,-0.0029,-0.0012,0.0,-0.0111
2016-04-21,-0.0048,-0.0002,-0.006,-0.006,-0.0034999999999999,0.0,-0.0093
2016-04-22,0.0012,0.0103,0.0051,-0.0008,0.0093,0.0,-0.0128
2016-04-25,-0.0024,-0.0066,-0.0018,0.001,-0.0017,0.0,0.0137
2016-04-26,0.0029,0.0081999999999999,0.0081,0.003,0.006,0.0,-0.0086
2016-04-27,0.0021,0.0018,0.0069999999999999,-0.0018,0.0075,0.0,-0.0068
2016-04-28,-0.0096,-0.0019,-0.0002,-0.0048,0.0056999999999999,0.0,0.0073
2016-04-29,-0.005,-0.0021,0.0036,0.0006,-0.0025,0.0,0.0070999999999999
2016-05-02,0.0078,0.0,-0.0038,0.0003,-0.0012,0.0,0.0093999999999999
2016-05-03,-0.0105,-0.0073,-0.0045,0.0053,0.0004,0.0,0.0162
2016-05-04,-0.0066,-0.0016,0.0005,0.0051,0.0026,0.0,0.0126
2016-05-05,-0.0008,-0.0052,0.0006,0.0013,-0.0001,0.0,0.0024
2016-05-06,0.0038,0.0006,0.0024,0.0018,0.0025,0.0,0.0023
2016-05-09,0.0005,0.0021,-0.0146,0.0013,-0.0049,0.0,0.0092
2016-05-10,0.0126,-0.0037,0.005,-0.0015,0.0005,0.0,-0.0069999999999999
2016-05-11,-0.0089,-0.0032,0.0079,-0.0039,0.0003,0.0,0.0037
2016-05-12,-0.0011,-0.0062,0.0014,0.0036,0.0008,0.0,0.0118
2016-05-13,-0.0081999999999999,0.0029,-0.0067,-0.0055,-0.0018,0.0,0.002
2016-05-16,0.0098999999999999,0.0021,-0.0023,-0.001,-0.003,0.0,-0.0072
2016-05-17,-0.0095,-0.0070999999999999,0.0060999999999999,-0.0014,-0.0012,0.0,-0.0151
2016-05-18,0.001,0.0018,0.0089,-0.0133,-0.0062,0.0,0.003
2016-05-19,-0.0032,-0.0034,-0.0026,0.0036,-0.0002,0.0,0.0022
2016-05-20,0.0075,0.0085,-0.0026,-0.004,-0.0036,0.0,-0.012
2016-05-23,-0.0019,0.0024,-0.0032,-0.0023,0.001,0.0,-0.0043
2016-05-24,0.0143,0.0063,-0.0034999999999999,-0.001,-0.0038,0.0,0.0008
2016-05-25,0.0070999999999999,-0.0012,0.0056,0.0022,-0.0008,0.0,-0.0158
2016-05-26,-0.0004,-0.0016,-0.0053,0.0015,-0.0022,0.0,0.0051
2016-05-27,0.0048,0.0036,-0.0017,-0.0012,-0.0009,0.0,-0.002
2016-05-31,-0.0001,0.0046,-0.0037,-0.002,-0.0032,0.0,-0.0060999999999999
2016-06-01,0.002,0.0063,-0.0021,-0.0028,0.0006,0.0,-0.0003
2016-06-02,0.0034999999999999,0.0026,-0.0058,-0.002,-0.0005,0.0,-0.006
2016-06-03,-0.0038,-0.0021,-0.0007,0.0052,0.0014,0.0,0.0065
2016-06-06,0.006,0.0072,0.0031,-0.0018,-0.0008,0.0,-0.0135
2016-06-07,0.0012,0.0021,0.001,0.0036,0.0024,0.0,-0.0001
2016-06-08,0.0037,0.0043,-0.0009,0.0003,-0.0009,0.0,0.0056
2016-06-09,-0.0027,-0.0044,-0.0024,0.0033,0.0013,0.0,0.0115
2016-06-10,-0.0105,-0.0039,-0.0018,0.0018,0.0060999999999999,0.0,0.0151
2016-06-13,-0.0084,-0.0036,0.0012,-0.0022,-0.0001,0.0,0.003
2016-06-14,-0.0019,0.0014,-0.0072,0.0033,0.0003,0.0,0.0065
2016-06-15,-0.0011,0.0023,-0.0003,-0.0008,0.0002,0.0,-0.0059
2016-06-16,0.0024,-0.0032,-0.0044,0.0025,0.003,0.0,0.0044
2016-06-17,-0.003,0.0007,0.0095,0.0042,0.0062,0.0,-0.01
2016-06-20,0.0070999999999999,0.006,0.0001,-0.0018,0.001,0.0,-0.0038
2016-06-21,0.0021,-0.0062,0.0051,-0.0019,-0.0001,0.0,0.0058
2016-06-22,-0.002,-0.0031,0.0007,0.001,-0.0001,0.0,0.001
2016-06-23,0.0144999999999999,0.0056,0.0046999999999999,-0.0056,-0.0018,0.0,-0.0109
2016-06-24,-0.0369,0.0002,-0.0121,0.0098,0.0007,0.0,0.0203
2016-06-27,-0.0206,-0.0106,-0.0072,0.0062,0.0043,0.0,0.0278
2016-06-28,0.0176,-0.0037,0.0016,-0.0063,-0.0056999999999999,0.0,-0.0144999999999999
2016-06-29,0.0179,0.0031,-0.0004,-0.0013,-0.0026,0.0,-0.0070999999999999
2016-06-30,0.0141999999999999,0.0039,0.0042,-0.0011,0.0038,0.0,0.0064
2016-07-01,0.0024,0.0046,-0.0043,-0.0007,0.0023,0.0,-0.0095
2016-07-05,-0.0084,-0.0084,-0.0137,0.006,-0.0069999999999999,0.0,0.0192999999999999
2016-07-06,0.0062,0.0018,-0.0012,-0.0005,-0.0016,0.0,-0.0044
2016-07-07,0.0002,0.0033,-0.0018,0.0014,-0.0027,0.0,-0.0055
2016-07-08,0.0159,0.0097,0.0032,0.0003,0.0029,0.0,-0.0060999999999999
2016-07-11,0.0042,0.0069,0.0027,0.0032,-0.0011,0.0,-0.0021
2016-07-12,0.0075,0.0075,0.0098,-0.0056999999999999,0.0065,0.0,-0.0152
2016-07-13,-0.0004,-0.0046,0.0048,0.005,-0.0001,0.0,0.0086
2016-07-14,0.0051,-0.0040999999999999,0.0045,-0.0001,0.0002,0.0,-0.006
2016-07-15,-0.0005,0.0029,0.0001,-0.0029,-0.0002,0.0,-0.0013
2016-07-18,0.0024,0.0001,-0.0014,0.0005,-0.0021,0.0,-0.0069999999999999
2016-07-19,-0.0022,-0.0064,0.0004,0.0045,-0.0024,0.0,0.0063
2016-07-20,0.0048,0.0039,-0.0089,-0.0004,-0.0034999999999999,0.0,-0.008
2016-07-21,-0.0038,-0.0006,-0.0004,0.0015,0.0004,0.0,-0.0032
2016-07-22,0.0048,0.0028,-0.0014,0.0040999999999999,-0.0026,0.0,0.0033
2016-07-25,-0.0027,-0.0005,-0.0023,0.0044,-0.004,0.0,-0.0008
2016-07-26,0.0013,0.0060999999999999,0.0054,-0.0053,0.0075,0.0,-0.0024
2016-07-27,-0.0014,0.005,-0.0043,-0.0014,-0.0056999999999999,0.0,-0.0089
2016-07-28,0.0019,-0.0052,-0.0033,-0.0012,-0.0013,0.0,0.0018
2016-07-29,0.0017,-0.0005,0.0001,-0.0002,0.0034999999999999,0.0,0.0015
2016-08-01,-0.0016,0.0007,-0.009,0.0046999999999999,-0.0075,0.0,-0.0009
2016-08-02,-0.0069999999999999,-0.0060999999999999,0.0017,-0.0043,0.0014,0.0,0.0045
2016-08-03,0.0045,0.006,0.008,-0.0069999999999999,0.0014,0.0,-0.016
2016-08-04,0.0005,0.0007,-0.0039,0.0017,0.0007,0.0,0.0056
2016-08-05,0.0092,0.0055,0.01,-0.0056999999999999,-0.0034,0.0,-0.0134
2016-08-08,-0.0006,0.0012,0.005,0.0007,0.0043,0.0,-0.0044
2016-08-09,0.0005,-0.0007,-0.0028,-0.0021,-0.0024,0.0,0.0044
2016-08-10,-0.0029,-0.0046999999999999,-0.0018,0.0060999999999999,0.0003,0.0,0.0081
2016-08-11,0.0054,0.0015,0.0003,-0.0031,0.0021,0.0,-0.0072
2016-08-12,-0.0006,0.0014,-0.0017,-0.0014,-0.0026,0.0,-0.0027
2016-08-15,0.0038,0.0081999999999999,0.0039,-0.0026,0.0038,0.0,-0.0105
2016-08-16,-0.0056999999999999,-0.0021,0.0058,-0.0013,0.0032,0.0,-0.0034999999999999
2016-08-17,0.0012,-0.005,0.0024,0.0001,0.0007,0.0,0.004
2016-08-18,0.0032,0.0048,0.0034,-0.0046,0.0037,0.0,0.0004
2016-08-19,-0.0011,0.0007,-0.0013,0.0022,-0.0012,0.0,-0.0025
2016-08-22,-0.0002,0.0023,-0.004,0.0001,-0.0039,0.0,0.0018
2016-08-23,0.0026,0.0055,-0.0001,-0.0002,0.0006,0.0,-0.0043
2016-08-24,-0.0055,-0.0045,0.0037,0.0042,-0.0008,0.0,0.0039
2016-08-25,-0.0008,0.0021,0.0046999999999999,-0.0026,0.0028,0.0,0.0040999999999999
2016-08-26,-0.0015,0.0011,-0.0009,-0.0039,-0.0021,0.0,-0.0044
2016-08-29,0.0053,0.0,0.0034,-0.0007,0.0019,0.0,-0.0019
2016-08-30,-0.0014,0.0022,0.0028,-0.0012,-0.0033,0.0,-0.0044
2016-08-31,-0.0024,-0.0034999999999999,0.0014,0.0025,-0.0036,0.0,0.0023
2016-09-01,0.0003,0.0005,-0.0051,0.001,-0.0014,0.0,0.0066
2016-09-02,0.0053,0.0043,0.0037,-0.0015,0.0021,0.0,0.0002
2016-09-06,0.0027,0.0003,-0.0055,-0.006,-0.0004,0.0,-0.0006
2016-09-07,0.0009,0.0062,0.0002,-0.0005,-0.0024,0.0,-0.0066
2016-09-08,-0.0018,0.0004,0.0059,-0.0084,0.0038,0.0,-0.0060999999999999
2016-09-09,-0.0246,-0.0058,0.0042,-0.0001,-0.0044,0.0,-0.0018
2016-09-12,0.0144,-0.0003,-0.0044,-0.0014,-0.002,0.0,-0.0022
2016-09-13,-0.0148,-0.0031,-0.0044,0.0054,-0.0069999999999999,0.0,0.002
2016-09-14,-0.0008,0.0006,-0.0081,0.0009,-0.0049,0.0,0.0037
2016-09-15,0.0107,0.003,-0.0033,0.0007,-0.0019,0.0,0.0008
2016-09-16,-0.0036,0.0029,-0.0044,0.0021,-0.0019,0.0,0.001
2016-09-19,0.0005,0.0051,0.0015,-0.0008,0.0034999999999999,0.0,0.0004
2016-09-20,-0.0001,-0.0034999999999999,-0.0040999999999999,-0.0055,-0.0012,0.0,-0.0003
2016-09-21,0.0112,0.0021,0.0033,-0.0037,0.0053,0.0,0.0059
2016-09-22,0.0069999999999999,0.0081999999999999,-0.0006,0.0009,0.0013,0.0,-0.0019
2016-09-23,-0.0059,-0.0005,-0.002,0.0053,-0.0052,0.0,-0.0036
2016-09-26,-0.0088,-0.003,-0.0036,-0.0016,0.0019,0.0,0.0042
2016-09-27,0.0064,-0.0012,-0.0049,-0.0003,-0.004,0.0,0.0001
2016-09-28,0.0056,0.0023,0.011,-0.0091,0.0115,0.0,0.003
2016-09-29,-0.0098,-0.0039,0.0051,0.0027,0.0068,0.0,0.0040999999999999
2016-09-30,0.0088,0.0040999999999999,0.0034,-0.0023,0.0011,0.0,-0.0037
2016-10-03,-0.0026,-0.0003,-0.0014,0.0005,0.0017,0.0,-0.0009
2016-10-04,-0.0045,0.0006,0.0015,0.0011,-0.0032,0.0,-0.0052
2016-10-05,0.0058,0.0042,0.008,-0.0049,0.0044,0.0,-0.0074
2016-10-06,-0.0006,-0.0022,0.0029,0.0045,0.0024,0.0,0.0076
2016-10-07,-0.0038,-0.0054,0.002,-0.0029,-0.0036,0.0,0.0016
2016-10-10,0.0052,0.0056999999999999,0.0004,-0.0053,-0.002,0.0,0.0011
2016-10-11,-0.013,-0.0056999999999999,0.0043,0.0039,0.0008,0.0,0.0004
2016-10-12,0.0006,-0.0022,0.0034,0.0067,0.0013,0.0,0.0051
2016-10-13,-0.0040999999999999,-0.0075,-0.0062,0.0032,-0.0016,0.0,0.0013
2016-10-14,0.0001,-0.0036,0.0058,0.0006,0.0011,0.0,0.0032
2016-10-17,-0.0029,-0.0002,0.0015,0.001,0.0012,0.0,0.0049
2016-10-18,0.006,-0.0017,0.0004,-0.003,-0.0031,0.0,-0.0032
2016-10-19,0.0024,0.0014,0.0093,-0.0011,0.005,0.0,-0.0033
2016-10-20,-0.0016,-0.0005,-0.0012,-0.0048,-0.0005,0.0,-0.0042
2016-10-21,0.0002,-0.0018,-0.0033,0.0017,-0.0019,0.0,-0.0025
2016-10-24,0.0054,0.0006,-0.0019,0.006,-0.0049,0.0,0.0038
2016-10-25,-0.0046,-0.006,0.0024,0.0,-0.0002,0.0,0.0002
2016-10-26,-0.0023,-0.0073,0.0070999999999999,0.0009,0.0055,0.0,-0.008
2016-10-27,-0.0032,-0.0093999999999999,0.0056,-0.0015,0.0,0.0,-0.0023
2016-10-28,-0.0029,-0.0012,0.0008,-0.0012,0.0037,0.0,0.0040999999999999
2016-10-31,0.0002,0.0011,0.001,0.0048,-0.0033,0.0,0.0077
2016-11-01,-0.0068,-0.004,0.0023,-0.0049,-0.0005,0.0,-0.0025
2016-11-02,-0.0073,-0.0056,0.0026,0.0096,0.0012,0.0,0.0008
2016-11-03,-0.004,-0.0036,0.0105,0.0012,0.0081,0.0,0.0078
2016-11-04,-0.0012,0.0085,-0.0042,-0.0009,-0.001,0.0,-0.0059
2016-11-07,0.0224,0.0016,-0.0011,-0.0029,-0.002,0.0,-0.0024
2016-11-08,0.004,-0.0011,-0.0023,-0.0004,0.0029,0.0,0.0056
2016-11-09,0.0144999999999999,0.0213,0.0107,-0.0078,0.0073,0.0,-0.0197999999999999
2016-11-10,0.0032,0.0147,0.0185,-0.0024,0.0034999999999999,0.0,-0.0197
2016-11-11,0.0018,0.0253,-0.0003,0.0005,-0.003,0.0,-0.0026
2016-11-14,0.002,0.0091,0.0141,-0.002,0.0038,0.0,-0.015
2016-11-15,0.008,-0.0054,0.0015,-0.005,0.0018,0.0,0.0069999999999999
2016-11-16,-0.0012,0.0022,-0.0054,0.0076,-0.0016,0.0,0.0067
2016-11-17,0.0056,0.0016,-0.0015,0.0017,-0.0043,0.0,-0.0013
2016-11-18,-0.0016,0.0056999999999999,0.0038,-0.0021,0.0009,0.0,0.0015
2016-11-21,0.0077,-0.0026,0.0005,-0.0005,0.003,0.0,0.0036
2016-11-22,0.0031,0.0064,0.0054,0.0084,0.0032,0.0,0.0046999999999999
2016-11-23,0.0015,0.0056,0.0019,-0.0024,0.0015,0.0,-0.0046
2016-11-25,0.004,-0.0005,-0.0029,0.0027,-0.0017,0.0,0.0002
2016-11-28,-0.0064,-0.0078,0.0009,0.0065,-0.0033,0.0,0.0066
2016-11-29,0.0012,-0.0039,-0.0005,0.0042,-0.0052,0.0,0.0031
2016-11-30,-0.0025,-0.0016,0.022,-0.0143,0.0197,0.0,-0.0069999999999999
2016-12-01,-0.0036,-0.0038,0.0203,0.0031,0.0062,0.0,-0.0051
2016-12-02,0.0,-0.0001,-0.0032,-0.0011,0.0007,0.0,0.0045
2016-12-05,0.0075,0.0112,0.0027,-0.003,-0.0017,0.0,-0.0027
2016-12-06,0.0046999999999999,0.0064,0.0021,-0.0015,-0.0007,0.0,-0.0046
2016-12-07,0.0126,-0.0049,0.0046999999999999,0.0084,0.0,0.0,0.0009
2016-12-08,0.0036,0.0125,0.006,-0.0021,-0.0012,0.0,-0.0038
2016-12-09,0.0046,-0.0034999999999999,0.0021,-0.0006,-0.0007,0.0,-0.0065
2016-12-12,-0.003,-0.0097,-0.0014,0.0012,0.0003,0.0,0.002
2016-12-13,0.006,-0.0059,-0.0026,0.0004,-0.0017,0.0,-0.001
2016-12-14,-0.0081999999999999,-0.0039,-0.0028,0.0044,-0.005,0.0,0.0003
2016-12-15,0.0046,0.0046,0.0029,0.0005,0.0003,0.0,0.0027
2016-12-16,-0.0022,-0.0002,-0.004,-0.0014,-0.0002,0.0,-0.0087
2016-12-19,0.0022,0.0032,0.0006,0.0023,0.0003,0.0,0.0013
2016-12-20,0.0044,0.005,0.0064,0.0011,0.0007,0.0,0.0043
2016-12-21,-0.0024,-0.0034999999999999,0.002,0.0014,0.0007,0.0,0.0033
2016-12-22,-0.003,-0.0077,0.0025,-0.0021,0.0006,0.0,0.003
2016-12-23,0.0019,0.0053,-0.005,-0.0034,-0.0014,0.0,-0.0039
2016-12-27,0.0027,0.0024,0.0013,0.0017,0.0006,0.0,0.0028
2016-12-28,-0.0087,-0.0029,0.0008,0.0016,-0.0016,0.0,-0.0013
2016-12-29,-0.0004,0.001,-0.0033,0.0027,0.0003,0.0,0.0008
2016-12-30,-0.0052,-0.0006,0.0021,-0.0012,0.0004,0.0,-0.0027
2017-01-03,0.0083,-0.0009,0.0006,-0.002,0.0025,0.0,-0.0062
2017-01-04,0.0079,0.0097,-0.0015,-0.0046999999999999,-0.0005,0.0,-0.0038
2017-01-05,-0.0021,-0.0102,-0.0079,-0.0023,-0.0009,0.0,-0.0060999999999999
2017-01-06,0.0029,-0.0074,-0.0031,-0.0034999999999999,-0.003,0.0,-0.0018
2017-01-09,-0.0037,-0.0034999999999999,-0.0103,0.0014,-0.0049,0.0,-0.0037
2017-01-10,0.0016,0.0093,0.0043,0.0004,0.0005,0.0,0.0072
2017-01-11,0.0031,-0.0015,0.0068,0.0006,0.0026,0.0,0.0066
2017-01-12,-0.003,-0.0065,-0.0087,0.0005,-0.0029,0.0,-0.0054
2017-01-13,0.0029,0.006,-0.0009,-0.0026,-0.0016,0.0,0.0018
2017-01-17,-0.0049,-0.0096,-0.0064,0.0058,0.0039,0.0,-0.0091
2017-01-18,0.0024,0.002,0.0023,-0.001,-0.0008,0.0,0.0052
2017-01-19,-0.0038,-0.0055,-0.0005,-0.001,-0.0003,0.0,0.0034
2017-01-20,0.0033,0.0008,0.0022,0.0013,0.0003,0.0,0.0019
2017-01-23,-0.0029,-0.0007,-0.0033,0.0042,-0.0036,0.0,0.0009
2017-01-24,0.0081999999999999,0.008,0.0081,-0.0024,0.0049,0.0,0.0116999999999999
2017-01-25,0.0084,0.0021,0.0043,-0.0024,-0.0015,0.0,0.005
2017-01-26,-0.001,-0.0058,0.0040999999999999,-0.0008,-0.0015,0.0,0.0055
2017-01-27,-0.0012,-0.0006,-0.0068,0.0011,0.0006,0.0,0.0005
2017-01-30,-0.0068,-0.0074,-0.0046,0.006,-0.0015,0.0,-0.0070999999999999
2017-01-31,0.0,0.0081999999999999,-0.0055,-0.0039,-0.0026,0.0,-0.0064
2017-02-01,0.0003,-0.0008,0.0004,0.0022,-0.0023,0.0,0.0046999999999999
2017-02-02,-0.0002,-0.0029,-0.003,-0.0028,0.0015,0.0,-0.0051
2017-02-03,0.0081999999999999,0.0060999999999999,0.0074,-0.0049,0.0027,0.0,0.0089
2017-02-06,-0.0027,-0.0065,-0.0016,0.0007,-0.0022,0.0,-0.0023
2017-02-07,0.0,-0.0038,-0.0051,0.0038,-0.0023,0.0,-0.0024
2017-02-08,0.0007,-0.0028,-0.0059,0.003,-0.0009,0.0,-0.0063
2017-02-09,0.0070999999999999,0.0069999999999999,0.0008,-0.0026,0.0007,0.0,0.0046999999999999
2017-02-10,0.0037,0.0039,0.0017,-0.0003,0.0014,0.0,-0.0031
2017-02-13,0.0049,-0.0027,0.0034,-0.0004,0.0004,0.0,0.0029
2017-02-14,0.0045,-0.0017,0.0036,-0.0043,-0.0009,0.0,0.0012
2017-02-15,0.0053,0.0014,-0.0043,0.002,-0.0004,0.0,-0.0024
2017-02-16,-0.0016,-0.0022,0.0,0.0027,-0.0021,0.0,-0.0007
2017-02-17,0.002,-0.0006,-0.0054,0.0001,-0.004,0.0,-0.0040999999999999
2017-02-21,0.006,0.0006,0.0013,0.0033,0.0036,0.0,0.0007
2017-02-22,-0.0015,-0.0038,0.001,0.0048,-0.0032,0.0,-0.0006
2017-02-23,-0.0012,-0.0070999999999999,0.0024,-0.0027,-0.0045,0.0,-0.0055
2017-02-24,0.0015,-0.0011,-0.0096,0.0031,-0.0021,0.0,-0.0060999999999999
2017-02-27,0.0021,0.0086,-0.0034,-0.0034999999999999,-0.0013,0.0,0.0014
2017-02-28,-0.0042,-0.0135,0.0014,-0.0002,-0.0019,0.0,0.0014
2017-03-01,0.0147,0.0051,0.0077,-0.0053,0.0053,0.0,0.013
2017-03-02,-0.0069,-0.0054,-0.009,0.0062,-0.0043,0.0,-0.0113999999999999
2017-03-03,0.0008,-0.0017,0.0014,-0.0006,-0.0009,0.0,0.0063
2017-03-06,-0.0037,-0.004,-0.0008,-0.0005,0.0,0.0,0.0002
2017-03-07,-0.0034999999999999,-0.0034999999999999,-0.0007,0.0009,-0.0025,0.0,0.0011
2017-03-08,-0.0019,-0.0019,-0.0083,0.0044,-0.0075,0.0,-0.0070999999999999
2017-03-09,0.0005,-0.0052,-0.0023,-0.0059,-0.0016,0.0,-0.0018
2017-03-10,0.0034,0.0007,-0.0046999999999999,0.0027,0.0003,0.0,-0.002
2017-03-13,0.0013,0.0031,-0.0008,-0.0011,0.0005,0.0,0.0054
2017-03-14,-0.0036,-0.0022,-0.0001,0.0051,-0.0025,0.0,-0.0016
2017-03-15,0.0086,0.0069,-0.0046,-0.001,0.005,0.0,-0.0003
2017-03-16,-0.0007,0.0044,0.0023,-0.0016,-0.0036,0.0,-0.0019
2017-03-17,-0.0008,0.0056999999999999,-0.0033,0.0014,0.0003,0.0,0.0014
2017-03-20,-0.0025,-0.002,-0.0072,-0.0015,-0.0007,0.0,-0.0002
2017-03-21,-0.0149,-0.0139999999999999,-0.0070999999999999,0.0085,0.0029,0.0,-0.0169
2017-03-22,0.0016,-0.0033,-0.0056999999999999,0.0016,-0.0015,0.0,0.0022
2017-03-23,-0.0003,0.0074,0.0049,-0.0003,0.0021,0.0,0.0015
2017-03-24,-0.0005,0.0011,-0.0021,-0.0026,-0.0032,0.0,0.0008
2017-03-27,-0.0005,0.0046,-0.0049,-0.0021,-0.0026,0.0,-0.0031
2017-03-28,0.0073,-0.0005,0.0073,0.0004,0.0040999999999999,0.0,0.0037
2017-03-29,0.0018,0.0033,-0.0008,-0.0025,0.0015,0.0,-0.0046
2017-03-30,0.0036,0.0042,0.0092,-0.0006,-0.0015,0.0,0.0072
2017-03-31,-0.0016,0.0054,-0.0032,0.0004,0.001,0.0,0.0
2017-04-03,-0.0028,-0.0115,-0.0008,-0.0016,-0.0009,0.0,0.0004
2017-04-04,0.0005,-0.0024,0.0031,-0.0008,0.0019,0.0,0.0037
2017-04-05,-0.0044,-0.0081999999999999,-0.003,0.0045,-0.0008,0.0,-0.0045
2017-04-06,0.0031,0.0073,0.0048,-0.0013,0.0036,0.0,0.0007
2017-04-07,-0.0008,0.0008,-0.0026,0.0,-0.0005,0.0,0.0001
2017-04-10,0.0008,0.0015,0.0007,0.0019,0.0044,0.0,-0.0091
2017-04-11,-0.0005,0.0079,0.0023,0.002,0.0019,0.0,0.0014
2017-04-12,-0.0049,-0.0093999999999999,-0.0053,-0.0004,-0.0055,0.0,-0.0059
2017-04-13,-0.0075,-0.0034,-0.0083,-0.0003,-0.0038,0.0,-0.0031
2017-04-17,0.0089,0.0029,0.0024,0.0002,-0.0014,0.0,0.0052
2017-04-18,-0.0025,0.0031,-0.0019,0.0031,0.0012,0.0,-0.0002
2017-04-19,-0.0008,0.0056,-0.0045,0.0043,-0.0084,0.0,0.0019
2017-04-20,0.0083,0.006,0.0026,0.002,-0.0019,0.0,0.0043
2017-04-21,-0.0028,0.0006,-0.0015,0.0034999999999999,-0.002,0.0,0.0019
2017-04-24,0.0118,0.0026,0.005,-0.0008,0.0013,0.0,0.0093999999999999
2017-04-25,0.0066,0.004,-0.0007,-0.0037,0.0031,0.0,0.0012
2017-04-26,0.0004,0.0075,0.0032,0.0023,-0.0001,0.0,-0.0022
2017-04-27,0.0005,-0.002,-0.0098,0.0021,-0.0056,0.0,0.0025
2017-04-28,-0.003,-0.0076,-0.006,0.0009,-0.0022,0.0,-0.0008
2017-05-01,0.0021,0.0023,-0.001,-0.002,-0.0053,0.0,0.0096
2017-05-02,0.0003,-0.0045,-0.0023,0.0043,-0.0029,0.0,-0.0056999999999999
2017-05-03,-0.0019,-0.0051,0.0023,-0.0006,0.001,0.0,-0.0002
2017-05-04,0.0002,-0.0014,-0.0033,0.0032,-0.0073,0.0,-0.0001
2017-05-05,0.0046,0.0009,0.0,-0.0023,0.0064,0.0,-0.0032
2017-05-08,-0.0004,-0.002,0.0025,0.0013,0.0007,0.0,0.0001
2017-05-09,-0.0005,0.004,-0.008,0.0034,-0.0034,0.0,0.0005
2017-05-10,0.002,0.0025,0.0003,-0.0031,0.0038,0.0,0.0003
2017-05-11,-0.0025,-0.0043,-0.0016,-0.0025,-0.0003,0.0,0.0012
2017-05-12,-0.0018,-0.0038,-0.0060999999999999,-0.0027,-0.0033,0.0,0.0031
2017-05-15,0.0053,0.0025,0.002,-0.003,0.0003,0.0,0.0008
2017-05-16,-0.0003,0.001,-0.0009,-0.0024,-0.0012,0.0,0.0083
2017-05-17,-0.0197,-0.0095,-0.006,0.0053,0.0028,0.0,-0.0154
2017-05-18,0.004,0.0,-0.0038,-0.0034999999999999,-0.0059,0.0,0.0058
2017-05-19,0.0069999999999999,-0.0033,0.004,-0.0009,0.008,0.0,-0.0025
2017-05-22,0.0056,0.0025,-0.003,-0.0004,-0.003,0.0,0.0034999999999999
2017-05-23,0.0018,-0.0002,0.0064,-0.0023,0.0006,0.0,0.0056
2017-05-24,0.0024,-0.002,-0.0046,0.0015,-0.0029,0.0,0.0014
2017-05-25,0.0042,-0.0034999999999999,-0.0075,0.0055,-0.0062,0.0,0.0058
2017-05-26,0.0006,-0.0002,0.001,0.0018,0.0021,0.0,0.0017
2017-05-30,-0.0019,-0.0054,-0.0034,0.0063,-0.0001,0.0,0.0007
2017-05-31,-0.0002,-0.0004,-0.0053,0.0027,-0.0007,0.0,-0.0003
2017-06-01,0.0093999999999999,0.0101,0.0004,-0.0022,0.0008,0.0,-0.0042
2017-06-02,0.0034999999999999,0.0043,-0.0076,0.0017,-0.0046,0.0,0.0056
2017-06-05,-0.0017,-0.0045,-0.0003,-0.0017,0.0005,0.0,0.0005
2017-06-06,-0.0028,0.001,-0.0003,-0.0046999999999999,0.0034999999999999,0.0,-0.0012
2017-06-07,0.0015,-0.0012,-0.0004,0.0053,-0.0067,0.0,0.0116
2017-06-08,0.0018,0.0118999999999999,0.0093,-0.0069,-0.0006,0.0,0.0096
2017-06-09,-0.0012,0.003,0.0243999999999999,-0.0016,0.0109,0.0,-0.016
2017-06-12,-0.0012,-0.0017,0.0033,0.0008,0.0058,0.0,-0.0121
2017-06-13,0.0055,0.0005,-0.0014,-0.003,-0.0007,0.0,0.0053
2017-06-14,-0.0017,-0.0055,-0.0052,0.0011,-0.0053,0.0,-0.002
2017-06-15,-0.003,-0.0029,-0.0012,0.0008,-0.001,0.0,0.0027
2017-06-16,-0.0004,-0.0022,-0.0019,-0.0043,0.0012,0.0,0.0012
2017-06-19,0.0086,0.0009,-0.0073,-0.0012,-0.0009,0.0,0.0079
2017-06-20,-0.0073,-0.0044,-0.0048,-0.0022,-0.0025,0.0,0.0018
2017-06-21,-0.0007,-0.0023,-0.0166,-0.0022,-0.0115,0.0,0.0063
2017-06-22,0.0002,0.0046,-0.0040999999999999,-0.0016,-0.0004,0.0,-0.0054
2017-06-23,0.0024,0.0075,-0.0049,-0.0037,0.0007,0.0,-0.0008
2017-06-26,0.0004,0.0008,0.0069999999999999,0.0022,0.0019,0.0,-0.0059
2017-06-27,-0.0085,-0.0021,0.0135,0.0033,0.0034999999999999,0.0,-0.0032
2017-06-28,0.0101,0.008,0.0021,-0.0018,-0.0008,0.0,0.0092
2017-06-29,-0.0083,0.0005,0.0138,-0.0024,0.0036,0.0,-0.0049
2017-06-30,0.0014,-0.001,-0.0029,0.0021,0.0029,0.0,-0.0034999999999999
2017-07-03,0.0023,0.0045,0.0121,-0.0056999999999999,0.0067,0.0,-0.0059
2017-07-05,0.0012,-0.0068,-0.0058,0.0016,-0.0069999999999999,0.0,0.0144
2017-07-06,-0.0095,-0.0044,0.0012,0.0023,-0.0001,0.0,0.0073
2017-07-07,0.0069,0.004,-0.0040999999999999,0.002,-0.0052,0.0,0.0081999999999999
2017-07-10,0.0005,-0.0045,-0.0007,-0.0011,-0.0009,0.0,0.0040999999999999
2017-07-11,0.0,0.0029,-0.0055,-0.0034,0.0016,0.0,0.0001
2017-07-12,0.0072,0.0006,-0.0052,0.0011,-0.0021,0.0,0.0032
2017-07-13,0.0017,-0.0002,0.0039,-0.0005,0.0022,0.0,-0.0037
2017-07-14,0.0042,-0.0022,-0.0052,0.0018,0.0001,0.0,-0.0014
2017-07-17,0.0,0.0022,0.001,0.0016,0.0009,0.0,-0.0017
2017-07-18,0.0004,-0.0036,-0.003,-0.0008,-0.0040999999999999,0.0,0.0046
2017-07-19,0.0059,0.0046999999999999,0.0003,-0.0025,0.0015,0.0,-0.0034
2017-07-20,-0.0001,0.0005,-0.0005,0.0011,-0.0028,0.0,-0.0006
2017-07-21,-0.0008,-0.0043,-0.0024,0.0002,-0.0031,0.0,0.0032
2017-07-24,-0.0003,0.001,-0.0018,-0.0025,-0.0038,0.0,0.0097
2017-07-25,0.0038,0.0043,0.0096,-0.0019,0.0073,0.0,-0.0068
2017-07-26,-0.0006,-0.0046999999999999,-0.0076,-0.0018,0.0007,0.0,-0.002
2017-07-27,-0.0014,-0.0066,0.0044,0.0032,0.0039,0.0,-0.0108
2017-07-28,-0.0017,-0.0006,0.0027,-0.002,0.002,0.0,0.0017
2017-07-31,-0.0011,-0.0025,0.0046,-0.0001,0.0011,0.0,-0.0004
2017-08-01,0.0024,-0.0013,0.0014,0.0026,-0.0048,0.0,0.0060999999999999
2017-08-02,-0.0008,-0.0116,0.0015,0.0004,-0.0036,0.0,0.0064
2017-08-03,-0.0021,-0.0034999999999999,-0.0033,0.0028,-0.0029,0.0,0.003
2017-08-04,0.0025,0.0037,0.004,-0.0009,0.0004,0.0,0.0002
2017-08-07,0.0016,-0.0011,-0.0058,0.0024,-0.0036,0.0,0.0040999999999999
2017-08-08,-0.0023,-0.0008,0.0023,-0.0028,-0.0016,0.0,0.0056999999999999
2017-08-09,-0.0014,-0.008,-0.0008,0.0019,0.0007,0.0,-0.0024
2017-08-10,-0.0149,-0.0031,0.0026,0.0032,0.0013,0.0,-0.0046999999999999
2017-08-11,0.0019,0.0017,-0.0087,0.0036,-0.001,0.0,0.0001
2017-08-14,0.0103,0.0032,0.0012,-0.0002,-0.0046,0.0,0.0111
2017-08-15,-0.0011,-0.0087,-0.0003,-0.0018,-0.0026,0.0,0.0062
2017-08-16,0.0018,-0.0014,-0.0044,0.0034999999999999,-0.0013,0.0,-0.0003
2017-08-17,-0.016,-0.0018,-0.0017,-0.0004,0.0013,0.0,-0.005
2017-08-18,-0.0015,0.0011,0.0024,-0.003,-0.0002,0.0,0.0021
2017-08-21,0.0006,-0.0027,-0.0022,0.0021,-0.0011,0.0,0.0005
2017-08-22,0.0107,-0.0002,-0.0024,-0.0019,0.0013,0.0,0.0046
2017-08-23,-0.0032,0.0011,0.0040999999999999,-0.0053,0.0009,0.0,-0.0024
2017-08-24,-0.0015,0.0058,0.0016,-0.0052,0.0011,0.0,0.0003
2017-08-25,0.0018,0.0016,0.0056,0.0011,0.0023,0.0,-0.0044
2017-08-28,0.0008,0.0031,-0.0074,0.0019,-0.0019,0.0,0.004
2017-08-29,0.001,0.0009,-0.0038,0.0001,0.0009,0.0,0.0023
2017-08-30,0.0053,0.0,-0.0032,0.0008,-0.0040999999999999,0.0,0.0054
2017-08-31,0.0062,0.0040999999999999,-0.0043,-0.0034,-0.0008,0.0,0.0003
2017-09-01,0.0028,0.0042,0.004,-0.0011,0.0034999999999999,0.0,-0.0039
2017-09-05,-0.008,-0.0004,-0.0098999999999999,-0.0006,0.0054,0.0,-0.0069999999999999
2017-09-06,0.0028,-0.0005,0.0012,-0.0037,0.0013,0.0,-0.0077
2017-09-07,-0.0007,0.0001,-0.0091,0.0001,0.0008,0.0,0.0002
2017-09-08,-0.0017,0.0013,0.0038,0.0022,-0.0013,0.0,0.0046
2017-09-11,0.0107,-0.0007,0.0064,-0.0037,-0.001,0.0,0.003
2017-09-12,0.0042,0.0034,0.0072,0.0009,0.0019,0.0,-0.0056999999999999
2017-09-13,0.001,0.0027,0.0032,-0.0033,0.0012,0.0,-0.0059
2017-09-14,-0.0013,-0.0006,-0.0006,-0.0036,0.0021,0.0,0.0001
2017-09-15,0.0019,0.0025,0.0014,0.0027,-0.0002,0.0,-0.0025
2017-09-18,0.0024,0.0040999999999999,0.0021,-0.0049,0.0022,0.0,0.0048
2017-09-19,0.0015,-0.0021,0.004,0.0002,0.0006,0.0,0.0075
2017-09-20,0.0015,0.0027,0.0049,-0.0019,0.0031,0.0,-0.003
2017-09-21,-0.0028,0.0015,0.0037,-0.0006,-0.0007,0.0,0.0005
2017-09-22,0.0013,0.0044,0.0012,0.0039,0.0029,0.0,-0.0034999999999999
2017-09-25,-0.0026,0.0034999999999999,0.0059,-0.0022,0.0063,0.0,-0.0147
2017-09-26,0.0006,0.0046,0.0017,0.0058,-0.0014,0.0,-0.0006
2017-09-27,0.0063,0.0143,0.0023,-0.0028,-0.0051,0.0,0.008
2017-09-28,0.0013,0.0017,-0.0005,-0.0009,-0.0018,0.0,0.0048
2017-09-29,0.0034999999999999,-0.0014,-0.0026,-0.001,-0.0038,0.0,0.0042
2017-10-02,0.005,0.0088,0.0013,-0.0021,0.0026,0.0,0.0002
2017-10-03,0.0026,-0.0003,-0.0005,-0.0001,-0.0008,0.0,0.0
2017-10-04,0.0005,-0.0034,-0.0045,-0.001,0.0001,0.0,0.0022
2017-10-05,0.0055,-0.0031,0.0039,-0.0033,-0.0018,0.0,0.0
2017-10-06,-0.0008,-0.0008,-0.0025,0.0016,-0.0034,0.0,0.0064
2017-10-09,-0.0023,-0.0029,0.0,0.0009,-0.0014,0.0,0.0056999999999999
2017-10-10,0.0024,0.0002,0.0043,0.0012,0.0007,0.0,0.0
2017-10-11,0.0016,-0.0025,-0.0019,-0.0004,-0.0007,0.0,0.0040999999999999
2017-10-12,-0.0018,-0.001,-0.0052,0.0016,0.0013,0.0,0.0062
2017-10-13,0.0004,-0.0027,0.0012,0.0015,0.0002,0.0,-0.0003
2017-10-16,0.0017,-0.0026,0.0036,0.0003,-0.0009,0.0,0.0026
2017-10-17,0.0001,-0.0034999999999999,-0.0031,0.0040999999999999,-0.0019,0.0,-0.0021
2017-10-18,0.0014,0.0034999999999999,0.0023,0.0029,-0.0013,0.0,0.0018
2017-10-19,0.0002,-0.0034999999999999,0.0016,0.0014,0.0009,0.0,-0.0022
2017-10-20,0.0056999999999999,0.0,0.0027,0.0007,0.0004,0.0,0.0013
2017-10-23,-0.0045,-0.0038,0.0017,0.0027,-0.0027,0.0,0.0043
2017-10-24,0.002,-0.001,0.0049,-0.0001,-0.0013,0.0,0.0067
2017-10-25,-0.005,0.0003,0.0015,0.0027,-0.0044,0.0,-0.0009
2017-10-26,0.002,0.0005,0.0028,0.0009,-0.0019,0.0,0.0032
2017-10-27,0.0081999999999999,-0.0008,-0.0098,0.0009,-0.0129,0.0,0.0097
2017-10-30,-0.0046,-0.0078,-0.0005,-0.0059,-0.004,0.0,-0.0017
2017-10-31,0.0023,0.0077,-0.0025,-0.0013,0.0021,0.0,0.0038
2017-11-01,0.0005,-0.008,0.0008,0.0,-0.0005,0.0,-0.0046999999999999
2017-11-02,0.0006,0.0001,0.0051,-0.0024,0.0034,0.0,0.0075
2017-11-03,0.003,-0.0054,-0.0072,-0.0016,-0.0012,0.0,0.005
2017-11-06,0.0006,0.0016,0.0019,-0.0065,0.0007,0.0,-0.0039
2017-11-07,-0.002,-0.0141999999999999,-0.004,0.0046999999999999,-0.0008,0.0,-0.0025
2017-11-08,0.0012,-0.0005,-0.006,0.0055,-0.0003,0.0,-0.0001
2017-11-09,-0.0040999999999999,-0.0001,0.0022,0.0001,0.0006,0.0,-0.0081999999999999
2017-11-10,0.0001,0.0006,-0.0043,0.0023,0.0013,0.0,-0.0011
2017-11-13,0.0009,-0.0029,0.0009,0.0007,-0.0076,0.0,0.0084
2017-11-14,-0.0022,-0.0006,0.0,0.0097,-0.0043,0.0,0.0093
2017-11-15,-0.0052,0.0005,0.0023,-0.0006,0.0013,0.0,-0.0012
2017-11-16,0.0101,0.0081,-0.0053,0.0056999999999999,0.0033,0.0,0.0018
2017-11-17,-0.0014,0.0072,0.0027,-0.0016,0.0034999999999999,0.0,-0.0134
2017-11-20,0.0021,0.0062,0.0003,0.0024,-0.0001,0.0,0.0046
2017-11-21,0.0067,0.0036,-0.0033,0.0003,-0.0063,0.0,0.0093999999999999
2017-11-22,-0.0005,0.0008,-0.0008,-0.0026,0.0019,0.0,-0.0088
2017-11-24,0.0021,0.0,-0.0043,0.0002,-0.0009,0.0,0.005
2017-11-27,-0.0006,-0.0031,0.0001,0.0060999999999999,-0.0012,0.0,0.0014
2017-11-28,0.0106,0.0056999999999999,0.0086,0.0031,-0.0001,0.0,-0.0046999999999999
2017-11-29,0.0002,0.0034,0.0148,0.0084,0.0059,0.0,-0.0227999999999999
2017-11-30,0.0081999999999999,-0.006,-0.0052,-0.0029,0.0005,0.0,0.0048
2017-12-01,-0.0022,-0.0032,0.0038,-0.0039,0.0032,0.0,-0.0046999999999999
2017-12-04,-0.0011,-0.0014,0.0121999999999999,0.0101,0.0056,0.0,-0.0197999999999999
2017-12-05,-0.0042,-0.0046999999999999,-0.0022,0.0021,-0.0012,0.0,0.0095
2017-12-06,-0.0009,-0.0051,-0.0052,0.004,-0.0048,0.0,0.0088
2017-12-07,0.0042,0.0029,-0.002,-0.0026,0.001,0.0,0.0069999999999999
2017-12-08,0.0051,-0.0044,-0.0013,-0.0009,0.0008,0.0,-0.0046999999999999
2017-12-11,0.0027,-0.0043,-0.0018,-0.0004,0.0007,0.0,-0.0029
2017-12-12,0.0007,-0.0044,0.005,0.0004,0.001,0.0,-0.0059
2017-12-13,0.0002,0.0062,-0.0089,0.0026,-0.0007,0.0,0.0056
2017-12-14,-0.0046999999999999,-0.0076,-0.0022,-0.0019,-0.0013,0.0,0.0046999999999999
2017-12-15,0.0092,0.0068,0.0004,0.0031,-0.0048,0.0,0.0026
2017-12-18,0.0066,0.0081999999999999,0.0027,0.002,0.0016,0.0,-0.0009
2017-12-19,-0.003,-0.0034,-0.0024,0.0025,0.0040999999999999,0.0,-0.0006
2017-12-20,0.0001,0.0037,0.0006,-0.0018,0.0028,0.0,-0.0027
2017-12-21,0.0024,0.0031,0.0063,-0.0069999999999999,0.0031,0.0,-0.0074
2017-12-22,-0.0007,-0.0019,-0.0021,-0.001,0.0021,0.0,0.0011
2017-12-26,-0.0007,0.0031,-0.0007,-0.0013,0.0060999999999999,0.0,-0.0038
2017-12-27,0.0005,-0.0016,-0.002,0.0007,-0.0012,0.0,0.0059
2017-12-28,0.0022,0.001,0.0005,-0.0013,-0.0019,0.0,-0.0008
2017-12-29,-0.0056999999999999,-0.0031,0.0001,0.0016,0.0013,0.0,-0.0018
2018-01-02,0.0085,0.0032,-0.0021,-0.0051,0.0022,0.0001,-0.0064
2018-01-03,0.0059,-0.0046999999999999,-0.0019,-0.0070999999999999,-0.0007,0.0001,0.0021
2018-01-04,0.0042,-0.0022,0.0024,-0.0003,0.003,0.0001,-0.002
2018-01-05,0.0066,-0.0037,-0.0025,0.0039,-0.0038,0.0001,0.006
2018-01-08,0.0019,-0.002,0.0004,-0.0006,0.0004,0.0001,0.0016
2018-01-09,0.0015,-0.0037,-0.0004,-0.0013,-0.0006,0.0001,0.0053
2018-01-10,-0.0007,0.0013,0.0056999999999999,-0.0037,-0.0002,0.0001,-0.0023
2018-01-11,0.0086,0.0113,0.003,-0.0022,0.0046999999999999,0.0001,-0.003
2018-01-12,0.0066,-0.0032,0.0016,-0.001,0.0013,0.0001,0.0001
2018-01-16,-0.0049,-0.01,0.0001,0.0049,-0.0034999999999999,0.0001,-0.0019
2018-01-17,0.0095,-0.0005,-0.0009,-0.0008,-0.0004,0.0001,0.01
2018-01-18,-0.0018,-0.0044,-0.0025,0.0031,-0.003,0.0001,0.0040999999999999
2018-01-19,0.0056999999999999,0.0093,-0.0005,0.0009,0.0012,0.0001,0.0055
2018-01-22,0.0077,-0.0034999999999999,-0.0016,-0.0056999999999999,0.0019,0.0001,-0.003
2018-01-23,0.0022,0.0007,-0.0036,-0.004,-0.0028,0.0001,0.0003
2018-01-24,-0.0013,-0.0075,0.0044,0.0002,0.0013,0.0001,-0.0018
2018-01-25,0.0007,0.001,-0.0054,0.0019,-0.0018,0.0001,0.0062
2018-01-26,0.0111,-0.0060999999999999,-0.0051,0.0029,-0.0018,0.0001,0.006
2018-01-29,-0.0062,-0.0003,-0.0028,0.0015,-0.0031,0.0001,-0.0011
2018-01-30,-0.0106,0.0013,-0.0021,0.004,-0.0036,0.0001,0.0032
2018-01-31,-0.0007,-0.0067,0.0011,0.001,-0.0006,0.0001,0.0028
2018-02-01,0.0003,0.0012,0.0053,-0.0055,-0.0001,0.0001,-0.0018
2018-02-02,-0.0213,0.0001,-0.0029,0.0072,-0.0042,0.0001,0.0015
2018-02-05,-0.0403,0.0066,-0.0059,0.0019,-0.0014,0.0001,-0.0023
2018-02-06,0.0167,-0.0048,-0.0019,0.0003,-0.0015,0.0001,0.0078
2018-02-07,-0.0038,0.006,0.0021,0.0032,0.003,0.0001,0.0015
2018-02-08,-0.0366999999999999,0.008,0.0052,0.0040999999999999,0.0005,0.0001,-0.0113
2018-02-09,0.0137,-0.0054,0.0015,0.0017,-0.0044,0.0001,0.0058
2018-02-12,0.0136,-0.0046,-0.003,-0.0024,-0.0018,0.0001,0.0053
2018-02-13,0.0031,0.0011,-0.0024,0.0019,-0.0004,0.0001,0.0060999999999999
2018-02-14,0.0152,0.0029,0.0048,-0.0068,-0.0009,0.0001,0.0021
2018-02-15,0.0121999999999999,-0.0017,-0.0063,0.0021,-0.0033,0.0001,0.0028
2018-02-16,0.0003,0.0036,0.0015,0.0004,0.0008,0.0001,-0.0015
2018-02-20,-0.0062,-0.003,-0.0024,-0.0027,-0.0053,0.0001,0.0031
2018-02-21,-0.0044,0.0081999999999999,0.0023,0.001,-0.0028,0.0001,0.0079
2018-02-22,0.0001,-0.0005,-0.0040999999999999,0.001,0.0048,0.0001,0.0018
2018-02-23,0.0154,-0.0037,-0.0014,-0.0017,-0.0014,0.0001,0.0004
2018-02-26,0.0112,-0.0046999999999999,-0.0006,-0.0018,-0.0025,0.0001,0.001
2018-02-27,-0.0125,-0.0019,0.0003,-0.001,-0.0009,0.0001,0.0027
2018-02-28,-0.0111,-0.0043,-0.0031,0.0022,-0.0027,0.0001,0.0053
2018-03-01,-0.0118999999999999,0.0095,-0.0003,-0.0025,0.0004,0.0001,-0.0085
2018-03-02,0.0069999999999999,0.0111,-0.0048,-0.0045,-0.0039,0.0001,-0.0017
2018-03-05,0.0107,-0.0040999999999999,0.0022,-0.0056,0.0007,0.0001,-0.004
2018-03-06,0.0036,0.0069,0.0013,0.0021,-0.0006,0.0001,0.0038
2018-03-07,0.0005,0.0076,-0.0044,-0.0007,-0.0040999999999999,0.0001,0.008
2018-03-08,0.0037,-0.0058,-0.0034999999999999,0.0003,-0.0017,0.0001,-0.0011
2018-03-09,0.0171,-0.0018,0.0027,-0.0024,-0.0003,0.0001,0.0063
2018-03-12,-0.0009,0.0044,-0.0008,-0.0031,-0.0024,0.0001,-0.0052
2018-03-13,-0.0067,0.0009,0.0003,0.0045,0.0005,0.0001,-0.0006
2018-03-14,-0.0053,0.0014,-0.0056999999999999,-0.0013,-0.0043,0.0001,0.0034
2018-03-15,-0.0017,-0.0039,0.0031,0.0012,-0.0013,0.0001,0.0027
2018-03-16,0.0025,0.0046999999999999,0.0017,0.0007,0.0032,0.0001,-0.0043
2018-03-19,-0.0137,0.0042,0.0040999999999999,0.003,0.001,0.0001,0.0046
2018-03-20,0.0014,-0.0012,-0.0036,-0.0004,-0.0012,0.0001,0.013
2018-03-21,-0.0007,0.0069,0.0044,-0.0112,0.0081999999999999,0.0001,-0.0031
2018-03-22,-0.0254,0.004,-0.0049,0.0022,0.0004,0.0001,-0.0095
2018-03-23,-0.021,0.001,-0.0023,0.0009,0.0075,0.0001,-0.0033
2018-03-26,0.0266999999999999,-0.0063,0.0003,-0.0002,-0.006,0.0001,0.0128
2018-03-27,-0.0187,-0.0022,0.0037,0.0081,0.0055,0.0001,-0.0183
2018-03-28,-0.0034999999999999,0.0019,0.0064,0.0077,0.0005,0.0001,-0.012
2018-03-29,0.0141,-0.0031,-0.0022,-0.0036,-0.0015,0.0001,0.0056
2018-04-02,-0.023,-0.0007,0.0038,0.0014,-0.001,0.0001,-0.0017
2018-04-03,0.0125,-0.0002,0.0018,0.0025,0.0016,0.0001,-0.0016
2018-04-04,0.0116999999999999,0.0034,-0.0032,0.0007,-0.0014,0.0001,0.0008
2018-04-05,0.0075,0.0005,0.0046,0.0011,0.0026,0.0001,-0.0038
2018-04-06,-0.0219,0.0037,-0.0006,0.0013,0.0001,0.0001,-0.0056999999999999
2018-04-09,0.003,-0.0023,-0.0051,-0.0075,-0.0029,0.0001,0.0058
2018-04-10,0.0177,0.0033,-0.0012,-0.0091,0.004,0.0001,0.0039
2018-04-11,-0.0049,0.0079,-0.003,-0.0065,0.0028,0.0001,-0.0053
2018-04-12,0.0084,-0.0016,0.0019,-0.0022,0.0002,0.0001,0.0126
2018-04-13,-0.0037,-0.0011,-0.0025,-0.0008,0.0018,0.0001,-0.0083
2018-04-16,0.0081999999999999,0.0014,-0.0002,0.0081999999999999,0.0004,0.0001,0.0
2018-04-17,0.0109,0.0,-0.0118,-0.0031,-0.0046999999999999,0.0001,0.0108
2018-04-18,0.0013,0.0021,0.0002,-0.0028,0.0042,0.0001,0.0004
2018-04-19,-0.0049,-0.003,0.0108,-0.0048,0.001,0.0001,0.0063
2018-04-20,-0.0081,0.0011,0.0058,-0.0055,0.003,0.0001,0.0005
2018-04-23,-0.0005,-0.0006,0.0019,0.003,0.0007,0.0001,-0.0029
2018-04-24,-0.013,0.0064,0.0102,0.0004,0.002,0.0001,-0.0103
2018-04-25,0.0011,-0.0028,0.0006,0.0040999999999999,0.0021,0.0001,-0.0059
2018-04-26,0.0095,-0.0056,-0.0085,-0.0058,-0.0051,0.0001,0.0097
2018-04-27,0.0001,-0.0026,0.0004,0.0053,0.0011,0.0001,0.003
2018-04-30,-0.0081,-0.0007,-0.0009,-0.004,-0.0003,0.0001,0.0022
2018-05-01,0.0025,0.0025,-0.0053,-0.0002,-0.0102,0.0001,0.0043
2018-05-02,-0.0062,0.0125,-0.0034999999999999,0.0004,-0.0004,0.0001,0.004
2018-05-03,-0.0025,-0.0060999999999999,-0.0015,0.0004,-0.0012,0.0001,0.0089
2018-05-04,0.013,-0.0003,-0.002,-0.004,0.0007,0.0001,-0.004
2018-05-07,0.0040999999999999,0.0038,-0.0033,-0.0055,-0.0032,0.0001,0.0037
2018-05-08,0.0007,0.005,0.0023,-0.0029,0.0008,0.0001,0.0046999999999999
2018-05-09,0.009,-0.0026,0.0025,-0.0092,-0.0003,0.0001,0.0021
2018-05-10,0.0085,-0.0038,-0.0004,0.0024,-0.0031,0.0001,-0.0016
2018-05-11,0.0019,0.0013,-0.0038,0.0026,0.0012,0.0001,0.0015
2018-05-14,0.0005,-0.003,0.0011,-0.0021,0.0051,0.0001,-0.0036
2018-05-15,-0.0055,0.0069999999999999,0.004,-0.0007,0.0042,0.0001,-0.001
2018-05-16,0.005,0.0069,-0.0025,0.0036,0.001,0.0001,-0.0003
2018-05-17,0.0001,0.0087,0.0029,-0.0038,0.003,0.0001,0.0019
2018-05-18,-0.0023,0.0046,-0.0062,0.0014,-0.0022,0.0001,0.0063
2018-05-21,0.0072,-0.0018,0.0044,0.0015,0.0011,0.0001,0.0024
2018-05-22,-0.0042,-0.0065,0.0060999999999999,-0.003,-0.0037,0.0001,-0.0023
2018-05-23,0.0029,-0.0006,-0.0069,0.0,-0.0033,0.0001,0.004
2018-05-24,-0.0016,0.0034,-0.0034999999999999,0.0049,0.0009,0.0001,0.0012
2018-05-25,-0.0022,0.0024,-0.0039,0.0059,-0.0053,0.0001,-0.006
2018-05-29,-0.0103,0.0111,-0.0102,0.0017,-0.0002,0.0001,-0.001
2018-05-30,0.0131,0.0003,0.0036,-0.0074,0.0019,0.0001,0.0028
2018-05-31,-0.0069999999999999,0.0005,-0.0043,-0.005,-0.0017,0.0001,0.0040999999999999
2018-06-01,0.0106,-0.0021,-0.001,-0.0007,-0.002,0.0001,0.0059
2018-06-04,0.0048,0.0017,-0.0045,0.0108,-0.0032,0.0001,0.0014
2018-06-05,0.0016,0.0078,-0.0044,0.002,0.0008,0.0001,0.0034999999999999
2018-06-06,0.0086,-0.0027,0.0021,0.0001,0.0016,0.0001,0.0002
2018-06-07,-0.0014,-0.0025,0.0093,0.0017,0.0062,0.0001,-0.0091
2018-06-08,0.0031,0.0004,-0.004,0.0024,-0.002,0.0001,-0.001
2018-06-11,0.0012,0.0015,-0.0016,0.0022,0.0023,0.0001,-0.0063
2018-06-12,0.0023,0.0018,-0.0063,0.001,-0.0017,0.0001,0.0012
2018-06-13,-0.0033,0.0002,-0.002,-0.0058,-0.0018,0.0001,0.0023
2018-06-14,0.0028,0.002,-0.0101,-0.0002,-0.0060999999999999,0.0001,-0.002
2018-06-15,-0.0007,0.0011,-0.0025,0.0069,-0.0016,0.0001,-0.009
2018-06-18,-0.0009,0.0074,0.0008,-0.0044,0.0004,0.0001,0.0078
2018-06-19,-0.0038,0.0052,-0.0014,-0.0024,-0.0037,0.0001,-0.0067
2018-06-20,0.0023,0.0065,-0.0051,-0.0017,0.0009,0.0001,0.0032
2018-06-21,-0.0073,-0.0056,0.0033,0.005,0.0009,0.0001,-0.0033
2018-06-22,0.0011,-0.0007,0.0046,-0.0052,0.0091,0.0001,-0.0063
2018-06-25,-0.0148,-0.0046,0.0056999999999999,0.0065,0.0017,0.0001,-0.0113999999999999
2018-06-26,0.0027,0.0051,-0.0024,-0.0051,0.0006,0.0001,0.0044
2018-06-27,-0.0102,-0.0101,0.0036,-0.0007,0.0052,0.0001,-0.0034
2018-06-28,0.0058,-0.002,-0.0051,-0.002,-0.0058,0.0001,0.0049
2018-06-29,0.0006,-0.0024,-0.0024,-0.0025,0.0001,0.0001,-0.0001
2018-07-02,0.0036,0.0045,-0.0025,-0.0008,-0.0054,0.0001,0.0056999999999999
2018-07-03,-0.0044,0.0075,-0.0002,-0.0029,0.0045,0.0001,-0.0064
2018-07-05,0.0087,0.0039,-0.0043,0.0034,-0.0017,0.0001,-0.0032
2018-07-06,0.0088,-0.0002,-0.003,-0.0026,-0.0015,0.0001,0.001
2018-07-09,0.0093,-0.0029,0.0086,0.0001,-0.0021,0.0001,0.0048
2018-07-10,0.0021,-0.0083,-0.0017,0.0011,0.0029,0.0001,-0.002
2018-07-11,-0.0069999999999999,-0.0006,-0.0046,-0.0013,-0.0033,0.0001,0.0002
2018-07-12,0.0085,-0.0044,-0.0115,-0.0003,-0.0046999999999999,0.0001,0.0054
2018-07-13,0.0008,-0.0018,-0.0029,0.0033,0.0018,0.0001,0.002
2018-07-16,-0.0016,-0.0060999999999999,0.0097,-0.0021,-0.0014,0.0001,0.0038
2018-07-17,0.0048,0.0017,-0.0075,0.0013,-0.0023,0.0001,0.0040999999999999
2018-07-18,0.0026,-0.0015,0.0067,-0.0017,-0.0015,0.0001,0.0038
2018-07-19,-0.0034,0.0092,-0.0037,0.0022,0.0005,0.0001,-0.0008
2018-07-20,-0.001,-0.0017,0.0012,0.0009,-0.0023,0.0001,0.0026
2018-07-23,0.0016,-0.0019,0.0055,-0.0021,-0.002,0.0001,0.0038
2018-07-24,0.0022,-0.0132,0.004,0.0049,0.0008,0.0001,-0.0037
2018-07-25,0.0083,-0.0059,-0.0105,0.0007,-0.0033,0.0001,0.0113
2018-07-26,-0.0021,0.0077,0.0056999999999999,-0.0004,0.006,0.0001,-0.0098999999999999
2018-07-27,-0.0081999999999999,-0.0121,0.0107,0.0051,0.005,0.0001,-0.0133
2018-07-30,-0.0069999999999999,0.0002,0.0158,0.0031,0.0103,0.0001,-0.0143
2018-07-31,0.0051,0.0072,-0.0111,0.0028,0.0024,0.0001,0.0008
2018-08-01,-0.0013,-0.0001,-0.0021,-0.0017,-0.0076,0.0001,0.0111
2018-08-02,0.0067,0.0021,-0.0065,-0.0004,-0.0056,0.0001,0.0084
2018-08-03,0.0031,-0.0093,0.0051,0.0063,0.0037,0.0001,-0.008
2018-08-06,0.0046,0.0024,-0.0033,-0.0031,-0.0022,0.0001,0.0037
2018-08-07,0.0029,-0.0002,-0.0016,-0.0032,-0.0015,0.0001,0.0029
2018-08-08,-0.0004,-0.0012,0.0028,-0.0003,-0.0007,0.0001,0.0031
2018-08-09,-0.0005,0.0034999999999999,-0.0036,0.0002,-0.0023,0.0001,0.001
2018-08-10,-0.006,0.0031,-0.0021,-0.0027,0.0023,0.0001,0.0073
2018-08-13,-0.0046,-0.0021,-0.0029,0.0031,0.0002,0.0001,-0.0001
2018-08-14,0.0069,0.0032,0.0022,0.0034999999999999,0.002,0.0001,0.0039
2018-08-15,-0.0091,-0.0051,-0.0013,0.0063,-0.0011,0.0001,-0.0111
2018-08-16,0.0086,-0.0003,0.0026,-0.0009,0.004,0.0001,-0.0038
2018-08-17,0.003,0.0013,0.0001,0.0022,0.0016,0.0001,-0.0034
2018-08-20,0.0025,0.0015,0.0014,0.001,0.0014,0.0001,0.0015
2018-08-21,0.0033,0.0091,0.0013,-0.0024,-0.0026,0.0001,0.0015
2018-08-22,0.0005,0.0028,-0.0034999999999999,-0.005,-0.0027,0.0001,0.0097
2018-08-23,-0.0019,-0.001,-0.0033,-0.0001,-0.0018,0.0001,0.0063
2018-08-24,0.0062,-0.0008,-0.0058,-0.0031,-0.0019,0.0001,0.0029
2018-08-27,0.0074,-0.0060999999999999,-0.0016,-0.002,-0.0038,0.0001,0.0001
2018-08-28,-0.0001,-0.0012,-0.0024,0.0011,-0.0005,0.0001,0.0018
2018-08-29,0.0056,-0.0014,-0.0058,-0.0014,-0.0028,0.0001,0.0044
2018-08-30,-0.0040999999999999,0.0023,-0.0040999999999999,-0.0023,-0.0012,0.0001,0.0028
2018-08-31,0.0008,0.0046,-0.0038,0.0016,-0.0014,0.0001,0.0028
2018-09-04,-0.0011,-0.0033,0.0001,-0.0005,-0.0015,0.0001,0.0072
2018-09-05,-0.0040999999999999,-0.0004,0.0066,0.0046999999999999,0.006,0.0001,-0.0148
2018-09-06,-0.0044,-0.0036,-0.0025,0.0043,0.0034,0.0001,0.0007
2018-09-07,-0.0018,0.0008,-0.0022,0.0003,0.0003,0.0001,-0.0024
2018-09-10,0.0023,0.0008,-0.0037,0.0008,-0.0021,0.0001,0.0003
2018-09-11,0.0037,-0.0034999999999999,-0.0024,-0.0012,-0.0042,0.0001,0.0081999999999999
2018-09-12,0.0003,-0.0012,-0.0023,0.0005,0.0055,0.0001,-0.0083
2018-09-13,0.0045,-0.0048,-0.004,0.0005,-0.0004,0.0001,0.0018
2018-09-14,0.0012,0.0032,0.0026,-0.0013,-0.0004,0.0001,-0.0016
2018-09-17,-0.0072,-0.0034999999999999,0.0084,0.0032,0.0074,0.0001,-0.0134
2018-09-18,0.0056999999999999,0.0002,-0.0048,-0.0023,-0.0023,0.0001,0.0036
2018-09-19,0.0005,-0.0051,0.0129,-0.0045,-0.0004,0.0001,-0.0116999999999999
2018-09-20,0.0077,0.0029,-0.0022,0.0006,-0.0008,0.0001,-0.002
2018-09-21,-0.0013,-0.0043,0.003,0.0022,0.0066,0.0001,-0.0034
2018-09-24,-0.0031,-0.0005,-0.0089,-0.0046999999999999,-0.0028,0.0001,0.0133
2018-09-25,-0.0005,0.0019,-0.0038,-0.0034,-0.0006,0.0001,0.0126
2018-09-26,-0.004,-0.0048,-0.0062,0.005,0.0012,0.0001,0.0013
2018-09-27,0.0027,-0.0034,-0.0055,0.001,-0.0033,0.0001,0.0022
2018-09-28,-0.0003,0.0034,-0.002,0.0012,0.0019,0.0001,0.0028
2018-10-01,0.0016,-0.0163,0.0034,-0.001,0.0003,0.0001,-0.0012
2018-10-02,-0.0021,-0.0093,0.0059,0.0012,0.0034999999999999,0.0001,-0.0109
2018-10-03,0.002,0.0089,0.0051,-0.0038,-0.0022,0.0001,0.0013
2018-10-04,-0.0093,-0.0079,0.0159,0.0011,0.0077,0.0001,-0.0084
2018-10-05,-0.0064,-0.004,0.0039,-0.0038,0.0042,0.0001,0.0007
2018-10-08,-0.0018,-0.0023,0.0123,0.005,0.0064,0.0001,-0.0125
2018-10-09,-0.0018,-0.004,0.0029,-0.0051,0.002,0.0001,0.0045
2018-10-10,-0.0333,0.0040999999999999,0.0109,0.0023,0.0081999999999999,0.0001,-0.0158
2018-10-11,-0.0196,0.0037,-0.0093,0.0045,-0.0056999999999999,0.0001,0.0043
2018-10-12,0.0139,-0.0111,-0.0174,0.0008,-0.0044,0.0001,0.0178
2018-10-15,-0.0048,0.0098999999999999,0.0052,0.0037,0.0052,0.0001,-0.0097
2018-10-16,0.0225,0.0056999999999999,-0.0144,-0.0022,-0.0068,0.0001,0.01
2018-10-17,-0.0009,-0.0060999999999999,0.0025,-0.0025,0.0016,0.0001,-0.0016
2018-10-18,-0.0154,-0.0052,0.0042,-0.0037,0.0037,0.0001,-0.0014
2018-10-19,-0.0024,-0.0126,0.0070999999999999,0.0044,0.0058,0.0001,-0.0056
2018-10-22,-0.0038,0.0034999999999999,-0.0126,0.0111,-0.0015,0.0001,0.0126
2018-10-23,-0.0062,-0.0018,-0.0040999999999999,0.001,-0.0009,0.0001,-0.0037
2018-10-24,-0.0333,-0.0081999999999999,0.0076,0.0033,0.0127,0.0001,-0.0040999999999999
2018-10-25,0.0192999999999999,0.0031,-0.006,-0.0017,-0.0108,0.0001,0.0102
2018-10-26,-0.0165,0.006,0.0034999999999999,-0.0034999999999999,0.005,0.0001,-0.0015
2018-10-29,-0.0076,-0.0009,0.0161,-0.0002,0.0098999999999999,0.0001,-0.0113
2018-10-30,0.0166,0.0046,0.0008,0.0034999999999999,0.0033,0.0001,0.0004
2018-10-31,0.0121,-0.0070999999999999,-0.0074,-0.0039,-0.01,0.0001,0.008
2018-11-01,0.0129,0.012,-0.0113,-0.0024,-0.0053,0.0001,-0.0098
2018-11-02,-0.0053,0.0085,0.0067,-0.0046,0.0021,0.0001,-0.0008
2018-11-05,0.004,-0.0088,0.0157,-0.0051,0.0078,0.0001,-0.0013
2018-11-06,0.0056999999999999,-0.0014,0.0003,0.0029,0.0021,0.0001,-0.0015
2018-11-07,0.0212,-0.005,-0.0106,-0.0038,-0.008,0.0001,0.0167
2018-11-08,-0.0028,-0.0015,0.0025,0.004,0.0032,0.0001,0.0039
2018-11-09,-0.0104,-0.0085,0.0040999999999999,0.0063,0.0069,0.0001,0.0004
2018-11-12,-0.0206,0.001,0.0084,0.0053,0.0093,0.0001,-0.002
2018-11-13,-0.0013,-0.0005,0.0016,0.002,-0.003,0.0001,-0.0087
2018-11-14,-0.0078,0.0003,-0.0029,0.006,0.0012,0.0001,-0.0068
2018-11-15,0.0118,0.0031,-0.004,-0.0084,-0.0072,0.0001,0.0054
2018-11-16,0.0015,-0.0002,-0.0005,-0.0077,0.002,0.0001,0.0006
2018-11-19,-0.0187999999999999,-0.0038,0.0232,0.002,0.0123,0.0001,-0.0103
2018-11-20,-0.0185,0.0003,-0.0054,-0.0033,-0.0027,0.0001,-0.0074
2018-11-21,0.0051,0.0093999999999999,-0.0033,-0.0034,-0.0001,0.0001,-0.0018
2018-11-23,-0.0055,0.0076,-0.0060999999999999,0.003,-0.0004,0.0001,0.0006
2018-11-26,0.0162,-0.0069,-0.002,-0.0040999999999999,-0.0076,0.0001,0.001
2018-11-27,0.0011,-0.0106,0.0025,0.0060999999999999,0.0012,0.0001,0.0054
2018-11-28,0.0242,0.003,-0.0116,0.0008,-0.0096,0.0001,0.01
2018-11-29,-0.0022,-0.002,-0.001,-0.0048,0.0003,0.0001,0.0029
2018-11-30,0.0079,-0.0037,-0.0044,0.0025,-0.0022,0.0001,-0.0028
2018-12-03,0.0113,-0.0012,-0.0079,-0.0026,-0.0059,0.0001,0.0023
2018-12-04,-0.0346,-0.0104,-0.0022,-0.0011,0.0096,0.0001,0.0069
2018-12-06,-0.0016,-0.0006,-0.0106,0.0014,-0.0031,0.0001,0.0053
2018-12-07,-0.0236,0.0027,0.0133,-0.0048,0.0063,0.0001,-0.0055
2018-12-10,0.001,-0.0037,-0.0163999999999999,0.0029,-0.0029,0.0001,0.0078
2018-12-11,-0.0008,-0.0015,-0.004,0.0016,-0.0006,0.0001,0.0073
2018-12-12,0.0068,0.005,-0.0018,-0.0023,-0.001,0.0001,-0.0007
2018-12-13,-0.0026,-0.0155,-0.0019,0.0021,0.0007,0.0001,0.0051
2018-12-14,-0.0189,0.001,0.005,-0.0022,0.0062,0.0001,-0.0053
2018-12-17,-0.0213,-0.0011,0.0107,0.0028,0.002,0.0001,-0.0101
2018-12-18,-0.0003,-0.0003,-0.006,0.0091,-0.0046,0.0001,0.0028
2018-12-19,-0.0158,-0.0059,0.0003,-0.0038,0.0043,0.0001,0.0065
2018-12-20,-0.0162,-0.001,0.0098,0.0058,-0.0007,0.0001,-0.0053
2018-12-21,-0.0216,-0.0054,0.0076,0.0016,0.0065,0.0001,0.0040999999999999
2018-12-24,-0.0255,0.0092,-0.005,-0.0033,-0.0034999999999999,0.0001,-0.0021
2018-12-26,0.0507,-0.0019,-0.01,-0.0022,-0.0112,0.0001,0.0006
2018-12-27,0.0078,-0.0069999999999999,-0.0013,-0.0013,0.001,0.0001,0.0023
2018-12-28,-0.0003,0.0075,0.0026,-0.0036,-0.0006,0.0001,0.0014
2018-12-31,0.009,-0.0013,-0.0045,-0.0009,-0.0012,0.0001,0.0063
2019-01-02,0.0022,0.0072,0.0112,-0.0015,0.0025,0.0001,-0.0229
2019-01-03,-0.0245,0.0049,0.0118999999999999,-0.0023,0.0091,0.0001,-0.0074
2019-01-04,0.0355,0.0034999999999999,-0.0069,-0.0011,-0.0060999999999999,0.0001,-0.0095
2019-01-07,0.0093999999999999,0.0086,-0.0075,-0.0072,-0.0044,0.0001,-0.0074
2019-01-08,0.0101,0.0044,-0.0064,0.0034,-0.0012,0.0001,0.0014
2019-01-09,0.0052,0.005,0.0011,0.0008,-0.002,0.0001,-0.0081
2019-01-10,0.004,-0.0001,-0.0046,-0.0006,-0.0006,0.0001,-0.0039
2019-01-11,0.0,0.002,0.0022,0.0023,0.0023,0.0001,-0.002
2019-01-14,-0.006,-0.0045,0.0095,0.0023,0.0,0.0001,-0.0056999999999999
2019-01-15,0.0105,-0.0014,-0.0088,-0.0029,-0.0059,0.0001,0.0115
2019-01-16,0.0028,0.0026,0.0092,-0.0011,-0.0028,0.0001,-0.0075
2019-01-17,0.0078,0.0009,-0.0025,0.0006,-0.0002,0.0001,-0.0021
2019-01-18,0.013,-0.0029,0.0011,0.002,-0.0024,0.0001,-0.0083
2019-01-22,-0.0152,-0.0034999999999999,0.0031,0.0026,0.0034999999999999,0.0001,0.0093999999999999
2019-01-23,0.0016,-0.0040999999999999,-0.0015,0.0034999999999999,0.0027,0.0001,0.0098
2019-01-24,0.0023,0.0046999999999999,0.0,-0.0015,-0.0022,0.0001,-0.0102
2019-01-25,0.009,0.0040999999999999,-0.0034999999999999,-0.0036,-0.0056999999999999,0.0001,-0.0137
2019-01-28,-0.008,-0.0008,0.0063,0.0029,0.0017,0.0001,-0.0009
2019-01-29,-0.0019,0.0002,0.0018,0.0003,0.0049,0.0001,-0.0026
2019-01-30,0.0151,-0.0034999999999999,-0.0095,-0.0022,-0.009,0.0001,0.0009
2019-01-31,0.0091,-0.0005,-0.0109,-0.0036,-0.0002,0.0001,0.0032
2019-02-01,0.0013,-0.0015,0.0043,-0.0078,0.0029,0.0001,-0.0054
2019-02-04,0.0073,0.0040999999999999,-0.0046999999999999,0.0019,-0.002,0.0001,-0.0013
2019-02-05,0.0043,-0.0012,-0.0060999999999999,0.006,-0.0033,0.0001,0.0009
2019-02-06,-0.0021,-0.0002,0.0007,-0.0011,0.0006,0.0001,-0.003
2019-02-07,-0.0093,-0.0013,0.0038,0.0055,0.0032,0.0001,0.0069
2019-02-08,0.001,-0.0008,-0.0069,-0.0033,-0.0011,0.0001,0.0073
2019-02-11,0.0014,0.0067,0.0023,-0.0009,-0.0002,0.0001,-0.0012
2019-02-12,0.0136,0.0003,-0.0017,-0.0012,-0.0028,0.0001,-0.0051
2019-02-13,0.0028,0.0006,0.0007,0.001,0.002,0.0001,-0.0039
2019-02-14,-0.002,0.0051,-0.0059,0.0042,-0.0019,0.0001,0.0019
2019-02-15,0.0113,0.0038,0.0049,-0.0022,0.0,0.0001,-0.0049
2019-02-19,0.0019,0.0032,0.003,0.0002,0.0021,0.0001,-0.0042
2019-02-20,0.0019,0.003,0.0055,0.0001,-0.0026,0.0001,-0.0039
2019-02-21,-0.0037,-0.0004,-0.0023,0.0058,0.0011,0.0001,0.0044
2019-02-22,0.0065,0.0039,-0.0147,0.0031,-0.0060999999999999,0.0001,0.0024
2019-02-25,0.0015,-0.0028,-0.0018,-0.0076,-0.0053,0.0001,-0.0063
2019-02-26,-0.0016,-0.0068,-0.0032,0.0009,-0.0016,0.0001,0.0021
2019-02-27,0.001,0.0015,-0.0012,-0.0065,-0.0012,0.0001,0.0045
2019-02-28,-0.0031,-0.0001,-0.0026,0.0029,0.0017,0.0001,0.0069999999999999
2019-03-01,0.0072,0.0025,-0.0040999999999999,-0.0034999999999999,-0.0019,0.0001,-0.0022
2019-03-04,-0.0052,-0.004,0.0038,0.0014,-0.0007,0.0001,-0.0051
2019-03-05,-0.0017,-0.0032,-0.0023,0.0029,-0.0001,0.0001,0.0048
2019-03-06,-0.0084,-0.0123,0.0005,0.0056,0.0012,0.0001,0.0076
2019-03-07,-0.0081999999999999,-0.0005,-0.0034,-0.0037,0.0012,0.0001,0.005
2019-03-08,-0.0022,0.0007,-0.0017,-0.0011,-0.0026,0.0001,0.0013
2019-03-11,0.0149,0.0027,-0.0053,-0.0028,-0.0046,0.0001,-0.0034999999999999
2019-03-12,0.0025,-0.0031,-0.0009,-0.0042,0.0002,0.0001,-0.0006
2019-03-13,0.0067,-0.0032,0.0008,-0.0017,0.0017,0.0001,-0.0021
2019-03-14,-0.001,-0.0038,0.0031,-0.0015,-0.0011,0.0001,0.0021
2019-03-15,0.0048,-0.0024,-0.0024,-0.0004,-0.0019,0.0001,-0.0017
2019-03-18,0.0046,0.0022,0.0044,-0.0009,-0.0009,0.0001,-0.0058
2019-03-19,-0.0009,-0.0046999999999999,-0.0092,0.0002,-0.0008,0.0001,0.0048
2019-03-20,-0.0037,-0.0024,-0.0106,-0.0015,-0.0026,0.0001,0.0056999999999999
2019-03-21,0.011,0.0016,-0.0124,0.0034,-0.0032,0.0001,-0.0002
2019-03-22,-0.0217,-0.0156,-0.0008,0.0056,0.0060999999999999,0.0001,0.0101
2019-03-25,-0.0005,0.006,-0.0026,0.002,0.0005,0.0001,0.0066
2019-03-26,0.0076,0.0023,0.0046999999999999,0.0005,0.0016,0.0001,-0.0045
2019-03-27,-0.005,0.0017,0.005,0.0075,0.001,0.0001,-0.0037
2019-03-28,0.004,0.0034,0.0002,-0.0013,-0.0005,0.0001,-0.0017
2019-03-29,0.0066,-0.0028,-0.0093,0.0024,-0.0016,0.0001,-0.0004
2019-04-01,0.0118999999999999,-0.0019,0.0098999999999999,-0.0009,-0.0029,0.0001,-0.0095
2019-04-02,-0.0005,-0.0018,-0.0044,-0.0039,-0.0049,0.0001,0.0024
2019-04-03,0.0027,0.0023,-0.0039,0.0012,-0.0039,0.0001,-0.0007
2019-04-04,0.0019,0.0034999999999999,0.0093,0.0062,0.0026,0.0001,-0.0132
2019-04-05,0.0053,0.0049,-0.0008,-0.0029,0.0011,0.0001,-0.0066
2019-04-08,0.0008,-0.0031,0.001,0.0027,-0.0002,0.0001,-0.0019
2019-04-09,-0.0065,-0.006,-0.0015,0.0014,-0.0003,0.0001,0.0098
2019-04-10,0.0048,0.0096,-0.001,0.0008,-0.0013,0.0001,-0.0019
2019-04-11,0.0,-0.0027,0.004,0.0003,0.0012,0.0001,-0.0011
2019-04-12,0.0064,-0.0036,0.0066,0.0052,-0.0025,0.0001,-0.0109
2019-04-15,-0.0009,-0.0026,-0.0055,0.0036,0.0008,0.0001,0.0081999999999999
2019-04-16,0.0013,0.0024,0.0070999999999999,-0.0012,-0.0015,0.0001,-0.0087
2019-04-17,-0.0032,-0.0053,0.0083,0.011,-0.0028,0.0001,-0.0084
2019-04-18,0.0011,-0.0027,-0.005,0.0016,-0.002,0.0001,-0.0005
2019-04-22,0.0011,-0.0049,-0.0056,-0.0052,-0.0019,0.0001,0.0024
2019-04-23,0.0097,0.0066,-0.0049,-0.001,-0.0042,0.0001,0.0025
2019-04-24,-0.0022,0.0032,-0.0008,0.0063,0.0007,0.0001,0.0039
2019-04-25,-0.0014,-0.0079,-0.002,-0.0063,-0.0029,0.0001,0.0137
2019-04-26,0.0053,0.0046999999999999,0.0006,-0.0008,-0.0018,0.0001,0.0013
2019-04-29,0.0018,0.0016,0.0065,-0.0039,-0.0016,0.0001,-0.0044
2019-04-30,-0.0004,-0.0067,0.0028,0.001,0.0069,0.0001,0.0034
2019-05-01,-0.0083,-0.0007,-0.0002,0.0036,-0.0004,0.0001,0.0049
2019-05-02,-0.0016,0.0046999999999999,-0.0027,0.0004,0.0007,0.0001,0.0048
2019-05-03,0.0113,0.0093,-0.0026,-0.0001,-0.0037,0.0001,-0.0025
2019-05-06,-0.0039,0.0059,-0.0040999999999999,0.0002,0.0006,0.0001,0.0028
2019-05-07,-0.0169,-0.0027,0.005,0.0002,0.003,0.0001,0.0028
2019-05-08,-0.0021,-0.0021,-0.003,-0.0001,0.0017,0.0001,0.0015
2019-05-09,-0.0028,0.0007,0.0011,-0.0036,0.0001,0.0001,0.006
2019-05-10,0.0034999999999999,-0.0032,0.0008,-0.0012,0.0026,0.0001,0.006
2019-05-13,-0.0265,-0.0068,0.0028,0.0024,0.0083,0.0001,0.0098
2019-05-14,0.0091,0.0034,-0.0002,-0.0056,-0.0002,0.0001,-0.0058
2019-05-15,0.0058,-0.0009,-0.0096,0.0013,-0.0029,0.0001,0.0037
2019-05-16,0.0091,-0.0044,-0.0032,-0.0014,-0.0024,0.0001,0.0045
2019-05-17,-0.0070999999999999,-0.0076,0.0029,0.0006,0.0032,0.0001,0.0046999999999999
2019-05-20,-0.0065,-0.001,0.0073,0.0005,0.0045,0.0001,0.0034
2019-05-21,0.009,0.0043,-0.0034,-0.0014,-0.0017,0.0001,-0.0064
2019-05-22,-0.004,-0.0064,-0.0060999999999999,-0.0012,0.002,0.0001,0.0133
2019-05-23,-0.0137,-0.0072,-0.0028,0.0033,0.0026,0.0001,0.0118999999999999
2019-05-24,0.0023,0.0052,0.0031,-0.005,-0.0004,0.0001,0.0006
2019-05-28,-0.0078,0.0021,-0.0063,0.0,-0.0029,0.0001,0.0107
2019-05-29,-0.0070999999999999,-0.0023,0.0040999999999999,-0.0018,0.0,0.0001,-0.0040999999999999
2019-05-30,0.0014,-0.0037,-0.0076,0.0029,-0.0004,0.0001,0.0143
2019-05-31,-0.0137,-0.0023,-0.0011,0.0004,0.0039,0.0001,0.0058
2019-06-03,-0.0034,0.004,0.0168,-0.0017,0.0132,0.0001,-0.0121
2019-06-04,0.0232,0.0051,-0.0003,0.0029,-0.0046,0.0001,-0.0113
2019-06-05,0.0069999999999999,-0.0105,-0.0097,0.0007,-0.0021,0.0001,0.0171
2019-06-06,0.0055,-0.0108,0.0002,0.0007,-0.0008,0.0001,0.0065
2019-06-07,0.0104,-0.0016,-0.0121999999999999,0.0038,-0.0065,0.0001,0.0034999999999999
2019-06-10,0.0054,0.0,0.0006,0.0039,-0.0034999999999999,0.0001,-0.0036
2019-06-11,-0.0012,-0.0021,0.0056,0.0046999999999999,0.002,0.0001,-0.0048
2019-06-12,-0.002,0.003,-0.01,0.0008,0.0009,0.0001,0.0143
2019-06-13,0.0052,0.0067,-0.0003,-0.0013,-0.0005,0.0001,-0.0144
2019-06-14,-0.0027,-0.0073,0.0031,0.0024,0.0014,0.0001,0.0091
2019-06-17,0.0015,0.0048,-0.0113,-0.0066,-0.0043,0.0001,-0.0027
2019-06-18,0.0104,0.002,0.0034,-0.0024,-0.0018,0.0001,-0.0097
2019-06-19,0.0032,0.0002,-0.0060999999999999,-0.0018,0.0016,0.0001,0.0079
2019-06-20,0.009,-0.0039,-0.0022,-0.0013,-0.0013,0.0001,-0.0038
2019-06-21,-0.0021,-0.0046999999999999,-0.0003,-0.001,0.0002,0.0001,-0.0007
2019-06-24,-0.0034999999999999,-0.009,0.0008,0.0063,-0.0002,0.0001,0.0074
2019-06-25,-0.0098,0.0042,0.0072,-0.001,0.0060999999999999,0.0001,-0.004
2019-06-26,-0.0007,0.0001,0.0025,0.0037,-0.0039,0.0001,-0.0192999999999999
2019-06-27,0.0059,0.0143,-0.0009,-0.0034,-0.0023,0.0001,-0.0004
2019-06-28,0.0068,0.0076,0.0060999999999999,-0.0048,0.0014,0.0001,-0.0053
2019-07-01,0.0075,-0.0059,-0.0013,-0.0014,0.0003,0.0001,0.0039
2019-07-02,0.0014,-0.0097,-0.0081,-0.0001,0.0,0.0001,0.0182
2019-07-03,0.0079,-0.0014,-0.0032,-0.0034999999999999,-0.0005,0.0001,0.0021
2019-07-05,-0.001,0.0033,0.0091,0.0013,-0.0005,0.0001,-0.0028
2019-07-08,-0.0058,-0.0043,0.0006,0.0004,-0.0022,0.0001,0.0056
2019-07-09,0.0019,-0.0024,-0.0043,-0.0064,-0.0025,0.0001,0.0026
2019-07-10,0.004,-0.0026,-0.0036,0.0012,-0.0004,0.0001,-0.0011
2019-07-11,0.0019,-0.0077,0.0004,-0.0024,-0.0054,0.0001,0.0026
2019-07-12,0.0053,0.0032,0.0040999999999999,0.0059,-0.0007,0.0001,-0.0093
2019-07-15,-0.0005,-0.0048,-0.0106,0.0013,0.0023,0.0001,0.0073
2019-07-16,-0.0032,0.004,0.0011,0.0044,-0.0004,0.0001,0.0005
2019-07-17,-0.0064,-0.0026,-0.0065,-0.0048,-0.0023,0.0001,0.0089
2019-07-18,0.0034999999999999,-0.0026,0.0001,-0.0034999999999999,0.0038,0.0001,0.0029
2019-07-19,-0.0056999999999999,0.003,0.0086,0.0037,0.0014,0.0001,-0.0102
2019-07-22,0.0025,-0.0056,-0.0048,-0.0019,0.0003,0.0001,0.0023
2019-07-23,0.0064,-0.0006,0.008,0.0066,0.0037,0.0001,-0.0078
2019-07-24,0.0066,0.0092,0.0086,-0.0007,-0.0008,0.0001,-0.0074
2019-07-25,-0.0063,-0.0068,-0.0011,0.0015,0.0013,0.0001,0.0154
2019-07-26,0.0081999999999999,0.0032,-0.0019,-0.0063,-0.0033,0.0001,0.0028
2019-07-29,-0.0032,-0.0034,-0.0046,0.0032,0.0040999999999999,0.0001,0.0044
2019-07-30,-0.0017,0.0143,0.0088,-0.0017,0.0007,0.0001,-0.0137
2019-07-31,-0.011,0.0025,0.0062,0.0018,0.005,0.0001,0.0012
2019-08-01,-0.0104,-0.0076,-0.019,-0.0054,-0.0023,0.0001,0.0253
2019-08-02,-0.0087,-0.0025,0.0007,0.0015,0.0023,0.0001,0.0022
2019-08-05,-0.0306999999999999,0.0006,0.0001,-0.0005,0.0031,0.0001,0.0046999999999999
2019-08-06,0.0129,-0.0054,-0.0059,-0.0027,-0.002,0.0001,0.0106
2019-08-07,0.0007,-0.0011,-0.009,0.0019,-0.0017,0.0001,0.0038
2019-08-08,0.0197,-0.0004,-0.0025,0.0028,-0.0031,0.0001,0.002
2019-08-09,-0.0078,-0.005,-0.0022,-0.0048,-0.0001,0.0001,0.0112
2019-08-12,-0.0131,0.0021,-0.0026,0.0013,0.0026,0.0001,0.0056
2019-08-13,0.0147,-0.0034999999999999,-0.0053,0.0034,0.0,0.0001,0.0004
2019-08-14,-0.0295,0.0003,-0.0051,-0.0036,0.0002,0.0001,0.013
2019-08-15,0.0017,-0.0069999999999999,-0.0052,-0.0007,-0.0048,0.0001,0.012
2019-08-16,0.0155,0.0064,0.006,0.0013,-0.0006,0.0001,-0.0108
2019-08-19,0.0113999999999999,0.0004,0.0021,0.0034999999999999,0.0003,0.0001,-0.0116999999999999
2019-08-20,-0.0075,0.0018,-0.0049,0.0012,-0.0021,0.0001,0.0043
2019-08-21,0.0085,-0.0003,-0.003,-0.0003,-0.0001,0.0001,-0.0008
2019-08-22,-0.001,-0.0034999999999999,0.0049,0.0021,0.0029,0.0001,-0.0003
2019-08-23,-0.0266,-0.0060999999999999,-0.0018,-0.0060999999999999,-0.0026,0.0001,0.0095
2019-08-26,0.0108,-0.0004,-0.0018,0.0019,-0.0011,0.0001,0.0039
2019-08-27,-0.0046,-0.01,-0.0066,0.0027,0.0009,0.0001,0.0092
2019-08-28,0.0068,0.0063,0.0060999999999999,0.0034999999999999,0.0018,0.0001,-0.0088
2019-08-29,0.0135,0.0040999999999999,0.0033,0.0015,-0.0012,0.0001,-0.0095
2019-08-30,0.0003,-0.0024,0.0023,0.001,0.001,0.0001,-0.0026
2019-09-03,-0.0086,-0.0093999999999999,0.0012,-0.0019,0.0046,0.0001,0.0055
2019-09-04,0.0108,-0.0014,0.0043,0.0025,-0.0006,0.0001,-0.0093
2019-09-05,0.0141999999999999,0.0054,0.0069999999999999,0.004,0.0,0.0001,-0.02
2019-09-06,-0.0002,-0.0036,0.0005,0.0015,0.0042,0.0001,-0.0038
2019-09-09,0.0007,0.0138,0.0305,0.0086,0.0038,0.0001,-0.0381
2019-09-10,0.0016,0.0143,0.0111,-0.0003,0.0052,0.0001,-0.0315
2019-09-11,0.0087,0.0137,-0.0004,-0.0023,0.0029,0.0001,-0.0044
2019-09-12,0.0022,-0.0039,-0.0012,-0.0022,-0.0012,0.0001,0.0098
2019-09-13,-0.0002,0.0019,0.0074,-0.0003,-0.0008,0.0001,-0.0068
2019-09-16,-0.0023,0.0089,0.0053,-0.0033,-0.0003,0.0001,-0.0189
2019-09-17,0.0017,-0.008,-0.0118999999999999,-0.0018,-0.0033,0.0001,0.0241
2019-09-18,-0.0004,-0.0077,0.0006,-0.0013,0.0009,0.0001,0.0101
2019-09-19,-0.0005,-0.0049,-0.0046,0.0005,-0.0011,0.0001,0.0055
2019-09-20,-0.0048,0.0029,0.0015,-0.0059,0.0002,0.0001,0.0005
2019-09-23,-0.0002,-0.0012,0.005,0.0027,0.0034,0.0001,-0.0018
2019-09-24,-0.01,-0.0074,0.0001,0.0018,0.0053,0.0001,0.0116
2019-09-25,0.0069,0.0040999999999999,0.0052,0.0040999999999999,0.0003,0.0001,-0.0063
2019-09-26,-0.004,-0.0098,0.0013,0.0036,0.0037,0.0001,0.0079
2019-09-27,-0.0062,-0.0016,0.0088,0.0024,0.0059,0.0001,-0.0068
2019-09-30,0.005,-0.0027,-0.0048,0.0060999999999999,0.0001,0.0001,0.0023
2019-10-01,-0.0131,-0.0066,-0.0059,0.001,-0.0017,0.0001,0.0115
2019-10-02,-0.0173,0.0077,-0.0036,-0.0046,-0.0026,0.0001,0.0081999999999999
2019-10-03,0.008,-0.0039,-0.0089,-0.0019,-0.0023,0.0001,-0.0023
2019-10-04,0.0139,-0.0051,-0.0007,-0.0003,0.0004,0.0001,0.0093
2019-10-07,-0.0040999999999999,0.0013,-0.0003,-0.0006,-0.0032,0.0001,-0.0013
2019-10-08,-0.0161,-0.0015,-0.0013,0.0044,0.0006,0.0001,0.0066
2019-10-09,0.0092,-0.0058,-0.0009,0.0012,-0.0012,0.0001,0.0040999999999999
2019-10-10,0.006,-0.0025,0.0025,0.0012,-0.0008,0.0001,-0.0038
2019-10-11,0.0123,0.006,0.0018,0.0046999999999999,0.0022,0.0001,-0.0115
2019-10-14,-0.0018,-0.0034999999999999,-0.0003,-0.0017,-0.0009,0.0001,0.0015
2019-10-15,0.0103,0.0025,-0.0025,-0.0023,-0.0073,0.0001,-0.0028
2019-10-16,-0.0024,0.0048,0.0022,0.0038,0.0026,0.0001,-0.0017
2019-10-17,0.0037,0.0079,-0.0029,0.0011,-0.001,0.0001,-0.0015
2019-10-18,-0.0049,-0.0013,0.0087,-0.0008,0.0039,0.0001,0.0046999999999999
2019-10-21,0.0070999999999999,0.003,0.0034,0.0,0.0001,0.0001,-0.0046999999999999
2019-10-22,-0.0034,0.0051,0.0084,0.0042,0.0034,0.0001,-0.0206
2019-10-23,0.0025,-0.001,0.0027,-0.0001,0.0009,0.0001,-0.0060999999999999
2019-10-24,0.0025,-0.005,-0.0089,-0.0005,-0.0060999999999999,0.0001,0.0105
2019-10-25,0.005,0.004,0.0007,0.0034,0.0,0.0001,-0.0081
2019-10-28,0.0062,0.0028,-0.0025,0.0001,0.0001,0.0001,-0.0017
2019-10-29,-0.0013,0.0039,0.005,-0.0006,0.001,0.0001,-0.0009
2019-10-30,0.0028,-0.0064,-0.0115,-0.0048,0.0005,0.0001,0.0093
2019-10-31,-0.0038,-0.0034,-0.0043,-0.0027,0.0012,0.0001,0.005
2019-11-01,0.0107,0.0065,0.0081999999999999,-0.0018,0.0007,0.0001,-0.0185
2019-11-04,0.0039,0.0032,0.0135,0.006,0.0011,0.0001,-0.0259
2019-11-05,-0.0003,0.0038,0.0046,-0.0002,0.0001,0.0001,-0.0075
2019-11-06,-0.0005,-0.008,0.0024,-0.0017,0.0032,0.0001,0.0101
2019-11-07,0.0038,-0.0001,0.005,0.0009,-0.002,0.0001,-0.0116
2019-11-08,0.0031,-0.0001,-0.0037,-0.0013,0.0006,0.0001,-0.0016
2019-11-11,-0.0019,-0.0007,-0.0019,-0.0007,-0.0004,0.0001,0.008
2019-11-12,0.0016,-0.0018,-0.0014,-0.0017,-0.002,0.0001,0.0049
2019-11-13,0.0001,-0.0040999999999999,-0.0081999999999999,-0.0028,-0.0003,0.0001,0.0107
2019-11-14,0.0007,-0.0015,-0.0025,0.0013,-0.0033,0.0001,0.0051
2019-11-15,0.0074,-0.0029,-0.0033,-0.0002,0.0005,0.0001,-0.0052
2019-11-18,0.0003,-0.0038,-0.0051,-0.0004,-0.0022,0.0001,0.0092
2019-11-19,0.0002,0.0034,-0.0093999999999999,-0.0087,-0.0018,0.0001,0.0049
2019-11-20,-0.0033,-0.0013,-0.0044,-0.0056,-0.0032,0.0001,0.0
2019-11-21,-0.0015,-0.003,0.001,0.0008,-0.0014,0.0001,-0.0095
2019-11-22,0.0024,0.0016,0.0021,0.0017,0.0004,0.0001,-0.0102
2019-11-25,0.0092,0.0127,-0.0038,0.001,0.0004,0.0001,-0.0034
2019-11-26,0.0019,-0.0009,-0.0089,0.002,-0.0016,0.0001,0.0093
2019-11-27,0.0044,0.0022,-0.0002,0.0003,0.0,0.0001,-0.0021
2019-11-29,-0.0042,-0.0011,-0.0031,-0.0046999999999999,0.0001,0.0001,0.0
2019-12-02,-0.0087,-0.0013,0.0048,0.001,0.0018,0.0001,-0.0043
2019-12-03,-0.0066,0.0042,-0.0083,-0.005,-0.0053,0.0001,0.0053
2019-12-04,0.006,0.0023,0.0025,0.0016,0.0006,0.0001,-0.0033
2019-12-05,0.0013,-0.0014,0.0046,0.0027,0.0034,0.0001,0.0058
2019-12-06,0.0091,0.0038,0.0036,0.0033,0.0026,0.0001,-0.0075
2019-12-09,-0.0033,0.0031,0.0012,-0.0013,-0.0026,0.0001,-0.0037
2019-12-10,-0.0008,0.0029,-0.0009,-0.0019,0.0007,0.0001,-0.0006
2019-12-11,0.0028,-0.0009,0.0013,0.0034,0.0013,0.0001,0.0043
2019-12-12,0.009,0.0014,0.0113,0.0013,0.0021,0.0001,-0.009
2019-12-13,-0.0003,-0.0045,-0.0054,-0.0028,-0.0022,0.0001,0.0075
2019-12-16,0.0074,-0.0004,-0.0005,-0.004,0.0014,0.0001,-0.0033
2019-12-17,0.001,0.0048,0.0066,0.0011,-0.0004,0.0001,-0.001
2019-12-18,-0.0005,0.0029,0.0009,0.0028,-0.0003,0.0001,-0.0031
2019-12-19,0.0043,-0.0015,-0.0042,-0.0025,-0.0002,0.0001,-0.0023
2019-12-20,0.0048,-0.0028,-0.0031,-0.0001,-0.0004,0.0001,0.0022
2019-12-23,0.001,0.0017,-0.0034,-0.0011,0.0028,0.0001,-0.0070999999999999
2019-12-24,0.0001,0.0037,-0.0001,-0.0028,0.0005,0.0001,0.0015
2019-12-26,0.0049,-0.0056999999999999,0.0,0.0025,-0.0018,0.0001,0.003
2019-12-27,-0.0009,-0.0055,-0.0007,0.0025,0.0015,0.0001,0.0038
2019-12-30,-0.0056999999999999,0.0029,0.0056,0.0012,0.0042,0.0001,0.0003
2019-12-31,0.0028,0.0002,0.0011,-0.0012,0.0021,0.0001,-0.0046999999999999
2020-01-02,0.0086,-0.0097,-0.0034,0.0023,-0.0022,0.0001,0.0083
2020-01-03,-0.0067,0.0029,0.0001,-0.0014,-0.0017,0.0001,0.0
2020-01-06,0.0036,-0.0022,-0.0055,-0.0016,-0.0031,0.0001,-0.0068
2020-01-07,-0.0019,-0.0004,-0.0026,-0.0013,-0.0031,0.0001,-0.0001
2020-01-08,0.0046999999999999,-0.0018,-0.0064,-0.0021,-0.0015,0.0001,0.0093999999999999
2020-01-09,0.0065,-0.0070999999999999,-0.0048,-0.0015,0.0007,0.0001,0.0073
2020-01-10,-0.0034,-0.0027,-0.0034,0.0005,-0.0007,0.0001,0.002
2020-01-13,0.0073,-0.001,-0.0009,0.0034,0.003,0.0001,0.0066
2020-01-14,-0.0006,0.0048,-0.0018,-0.0032,-0.0007,0.0001,-0.0093
2020-01-15,0.0016,0.0026,-0.0081999999999999,-0.0007,-0.002,0.0001,0.0015
2020-01-16,0.0088,0.0051,-0.0011,0.0004,-0.0007,0.0001,0.0015
2020-01-17,0.0028,-0.0063,-0.0012,0.0022,0.0002,0.0001,0.009
2020-01-21,-0.0032,-0.0068,-0.0062,-0.0011,-0.0031,0.0001,0.0085
2020-01-22,0.0008,-0.0024,0.0,-0.0027,-0.0001,0.0001,0.0066
2020-01-23,0.0008,-0.0006,-0.0014,0.0028,-0.0006,0.0001,0.0032
2020-01-24,-0.0097,-0.005,-0.0028,0.0017,-0.0003,0.0001,0.0051
2020-01-27,-0.0156,0.0026,-0.0040999999999999,-0.0052,0.0007,0.0001,0.0048
2020-01-28,0.0102,-0.0013,-0.0043,0.0017,-0.0008,0.0001,0.0088
2020-01-29,-0.001,-0.0043,-0.0097,0.0026,0.0017,0.0001,0.0063
2020-01-30,0.0034,-0.0063,0.0068,-0.0045,-0.0011,0.0001,0.0053
2020-01-31,-0.0174,-0.0052,-0.0034999999999999,-0.0043,-0.0069999999999999,0.0001,-0.0028
2020-02-03,0.0084,0.0037,-0.0067,-0.0068,-0.0034999999999999,0.0001,0.0033
2020-02-04,0.0157,-0.0013,-0.0069999999999999,0.0036,-0.0013,0.0001,-0.0005
2020-02-05,0.0097,0.0076,0.0148,0.0095,0.0063,0.0001,-0.0173
2020-02-06,0.0027,-0.006,-0.0084,-0.0004,-0.0034999999999999,0.0001,0.0038
2020-02-07,-0.0055,-0.0084,-0.0002,-0.0023,-0.0054,0.0001,0.0038
2020-02-10,0.0073,-0.0018,-0.009,-0.0011,-0.004,0.0001,0.0098
2020-02-11,0.0027,0.0034,0.0104,0.0024,0.0017,0.0001,-0.0104
2020-02-12,0.0066,0.0015,-0.0036,0.002,-0.0002,0.0001,-0.0040999999999999
2020-02-13,-0.0009,0.0016,0.0001,-0.0011,-0.0044,0.0001,0.0069
2020-02-14,0.0014,-0.0056,-0.0066,-0.0023,-0.0029,0.0001,0.0054
2020-02-18,-0.0019,-0.0001,-0.0064,-0.0040999999999999,-0.0064,0.0001,0.0026
2020-02-19,0.006,0.002,0.0003,0.0019,-0.0032,0.0001,-0.0008
2020-02-20,-0.0034999999999999,0.0064,0.0067,0.0019,-0.0011,0.0001,-0.0056
2020-02-21,-0.0112,-0.0005,0.0002,-0.0021,0.0034,0.0001,-0.002
2020-02-24,-0.0339,0.0016,0.0001,-0.0032,0.0024,0.0001,0.0059
2020-02-25,-0.0308999999999999,-0.0036,-0.0068,-0.0062,0.0004,0.0001,0.0077
2020-02-26,-0.0052,-0.0075,-0.012,-0.0046999999999999,-0.0008,0.0001,0.0118999999999999
2020-02-27,-0.0421999999999999,0.0070999999999999,0.0006,-0.0042,-0.0013,0.0001,-0.0016
2020-02-28,-0.0078,0.0007,-0.008,0.0023,-0.0039,0.0001,-0.0048
2020-03-02,0.0431,-0.0189,-0.0042,-0.0052,0.0052,0.0001,0.0192
2020-03-03,-0.0279999999999999,0.0068,-0.0063,-0.004,0.0025,0.0001,0.0081999999999999
2020-03-04,0.0403,-0.0124,-0.0116999999999999,0.0007,0.0022,0.0001,0.0106
2020-03-05,-0.0338,-0.0015,-0.0139999999999999,-0.0085,0.0011,0.0001,0.0045
2020-03-06,-0.0178,-0.0021,-0.0148,0.0070999999999999,0.0037,0.0001,0.0053
2020-03-09,-0.0779,-0.0137,-0.0475,0.0008,0.0052,0.0001,0.0361
2020-03-10,0.0474,-0.0237999999999999,0.0078,0.005,0.0012,0.0001,0.0036
2020-03-11,-0.0506,-0.0104,-0.0081,0.0004,0.0015,0.0001,0.0026
2020-03-12,-0.0963,-0.0109,-0.0113999999999999,-0.0033,-0.0024,0.0001,0.0007
2020-03-13,0.0898,-0.0203,0.0294,0.0112,0.0078,0.0001,-0.0098999999999999
2020-03-16,-0.1201,-0.0081,-0.0075,0.0053,0.0113999999999999,0.0001,-0.0226
2020-03-17,0.0588,0.0046999999999999,-0.0067,-0.0046999999999999,-0.0002,0.0001,0.0129
2020-03-18,-0.0556,-0.0458,-0.0474,0.0011,0.0018,0.0001,-0.0199
2020-03-19,0.0131,0.0571,0.0095,-0.0141,-0.0163999999999999,0.0001,0.0027
2020-03-20,-0.0415,0.0021,-0.009,-0.0098999999999999,-0.0113999999999999,0.0001,-0.008
2020-03-23,-0.0256,0.0166,-0.0326,0.0034,-0.0118,0.0001,0.0154
2020-03-24,0.0934,-0.0024,0.0237999999999999,0.0053,0.0024,0.0001,0.0016
2020-03-25,0.0116999999999999,-0.0018,0.0187,-0.0007,0.0008,0.0001,-0.0018
2020-03-26,0.0603,-0.005,0.0108,-0.0065,-0.0002,0.0001,0.0043
2020-03-27,-0.0348,-0.0111,-0.0076,-0.0111,0.008,0.0001,0.0097
2020-03-30,0.0317,-0.0078,-0.0210999999999999,-0.0029,0.0013,0.0001,0.0189
2020-03-31,-0.0144,0.0151,-0.0038,0.004,-0.0009,0.0001,-0.0107
2020-04-01,-0.045,-0.0202,-0.0131,0.0029,0.0027,0.0,0.0018
2020-04-02,0.021,-0.0093,-0.0028,-0.0025,0.0093999999999999,0.0,-0.0097
2020-04-03,-0.0163999999999999,-0.0137,-0.0115,-0.0024,0.0040999999999999,0.0,-0.0026
2020-04-06,0.071,0.0116999999999999,0.0028,0.013,-0.0079,0.0,-0.0033
2020-04-07,-0.0011,0.0011,0.021,0.009,-0.0037,0.0,-0.0177
2020-04-08,0.0342,0.0086,0.0127,0.0043,-0.0026,0.0,-0.0210999999999999
2020-04-09,0.0159,0.0247,0.0319,-0.0079,-0.001,0.0,-0.0067
2020-04-13,-0.0092,-0.0148,-0.024,-0.0045,0.0,0.0,0.0083
2020-04-14,0.0302999999999999,-0.0074,-0.0315,0.0023,-0.003,0.0,0.0212
2020-04-15,-0.0215,-0.0199,-0.0255,-0.004,-0.003,0.0,0.0235
2020-04-16,0.0062,-0.0084,-0.0298,-0.0028,-0.0026,0.0,0.039
2020-04-17,0.0273,0.0155,0.0277,-0.0018,-0.0003,0.0,-0.0550999999999999
2020-04-20,-0.0157,0.0037,-0.0091,-0.0174,-0.005,0.0,0.0146
2020-04-21,-0.0308999999999999,0.0093999999999999,0.0016,0.0029,0.0042,0.0,-0.0038
2020-04-22,0.0231,-0.0087,-0.0166,0.0011,0.0004,0.0,0.0037
2020-04-23,0.0012,0.0125,0.0055,0.0053,-0.0034999999999999,0.0,-0.024
2020-04-24,0.0143,0.0025,-0.0012,-0.0019,0.0019,0.0,0.0034999999999999
2020-04-27,0.0173,0.0216,0.0268,-0.0014,0.0011,0.0,-0.0233999999999999
2020-04-28,-0.0045,0.0175,0.0286,0.0136,0.0069,0.0,-0.0334
2020-04-29,0.0292,0.023,0.0197999999999999,0.0121999999999999,-0.0085,0.0,-0.0475999999999999
2020-04-30,-0.0118,-0.0209,-0.0171,0.0062,-0.0008,0.0,0.008
2020-05-01,-0.0291,-0.0089,-0.0096,-0.0031,0.004,0.0,0.0283
2020-05-04,0.0054,-0.0013,-0.0129,-0.0074,-0.0039,0.0,0.0011
2020-05-05,0.0095,-0.0029,-0.0200999999999999,-0.0048,-0.0054,0.0,0.0223
2020-05-06,-0.0052,0.0008,-0.0272,0.0019,-0.0056,0.0,0.0220999999999999
2020-05-07,0.0133,0.0016,0.0040999999999999,-0.001,-0.0070999999999999,0.0,-0.0219
2020-05-08,0.019,0.019,0.0246,0.0083,0.0039,0.0,-0.0347
2020-05-11,0.0006,-0.0025,-0.0379,-0.0086,-0.001,0.0,0.0250999999999999
2020-05-12,-0.0207,-0.0112,-0.0136,-0.0063,-0.0001,0.0,0.0093
2020-05-13,-0.0189,-0.0143,-0.0208,-0.0005,-0.0023,0.0,0.0316
2020-05-14,0.0115,-0.0107,0.0092,0.0064,0.0012,0.0,-0.0096
2020-05-15,0.0056999999999999,0.0133,-0.0115,0.0002,-0.0076,0.0,0.0064
2020-05-18,0.0324,0.0268,0.0461,0.0163999999999999,0.0029,0.0,-0.0628
2020-05-19,-0.0101,-0.0078,-0.0151,0.0053,-0.0070999999999999,0.0,0.0111
2020-05-20,0.018,0.0121999999999999,0.0131,-0.0028,-0.0033,0.0,-0.0148
2020-05-21,-0.0070999999999999,0.0074,0.0042,0.0013,0.0003,0.0,-0.0124
2020-05-22,0.0027,0.0025,-0.0085,-0.0056,-0.0038,0.0,0.0081999999999999
2020-05-26,0.0123,0.0127,0.0454,0.0098999999999999,0.0053,0.0,-0.0481
2020-05-27,0.0154,0.0146,0.0359,0.0074,0.0044,0.0,-0.0254
2020-05-28,-0.0040999999999999,-0.0209,-0.0241,-0.0025,0.0004,0.0,0.0220999999999999
2020-05-29,0.0059,-0.0081,-0.0197999999999999,-0.0032,-0.0046999999999999,0.0,0.0237999999999999
2020-06-01,0.0051,0.0026,0.0043,0.0001,-0.0022,0.0,-0.0197999999999999
2020-06-02,0.0081,0.0006,0.0055,0.0011,0.0029,0.0,-0.0133
2020-06-03,0.0141,0.0078,0.0262,0.0070999999999999,0.0022,0.0,-0.0482
2020-06-04,-0.0034,0.0053,0.0289999999999999,0.0098999999999999,0.0063,0.0,-0.0343
2020-06-05,0.025,0.0108,0.0275,0.0069999999999999,0.0008,0.0,-0.0516999999999999
2020-06-08,0.0135,0.0069,0.0207,-0.0048,0.0058,0.0,-0.0504
2020-06-09,-0.0086,-0.008,-0.0192,-0.0002,-0.0046999999999999,0.0,0.043
2020-06-10,-0.0055,-0.0182,-0.0409999999999999,-0.0031,-0.0033,0.0,0.0598
2020-06-11,-0.0591,-0.0149,-0.0302999999999999,-0.002,-0.0024,0.0,0.0511
2020-06-12,0.0129,0.008,0.0182,0.0013,0.0002,0.0,-0.0394
2020-06-15,0.0108,0.0143,-0.0038,-0.0077,-0.0029,0.0,0.0067
2020-06-16,0.0187999999999999,0.0060999999999999,0.0049,0.0063,0.002,0.0,-0.0091
2020-06-17,-0.0040999999999999,-0.0135,-0.0197,-0.0056,-0.0024,0.0,0.0289
2020-06-18,0.0018,0.0001,-0.0053,-0.004,-0.0023,0.0,-0.001
2020-06-19,-0.0045,-0.0015,-0.0067,-0.0070999999999999,-0.0029,0.0,0.012
2020-06-22,0.0070999999999999,0.0046999999999999,-0.0136,-0.0038,-0.0036,0.0,0.0148
2020-06-23,0.0040999999999999,0.0021,-0.006,0.0059,-0.0012,0.0,0.0029
2020-06-24,-0.0262,-0.0069999999999999,-0.0136,-0.0006,0.0031,0.0,0.0301
2020-06-25,0.0113,0.0034,0.005,-0.0081999999999999,0.0017,0.0,-0.0051
2020-06-26,-0.0243,-0.0019,-0.0139,0.0002,0.0072,0.0,0.0128
2020-06-29,0.015,0.0148,0.0186,0.0149,0.0039,0.0,-0.026
2020-06-30,0.0158,-0.0001,-0.0001,-0.0039,-0.0027,0.0,0.012
2020-07-01,0.0040999999999999,-0.017,-0.0256999999999999,-0.0040999999999999,-0.0121999999999999,0.0,0.0204999999999999
2020-07-02,0.0051,0.0001,-0.0014,0.0042,0.0014,0.0,0.0018
2020-07-06,0.0166,-0.0067,0.0034999999999999,0.0027,0.0004,0.0,-0.0007
2020-07-07,-0.0101,-0.0098,-0.015,-0.0111,-0.0008,0.0,0.0263
2020-07-08,0.0089,0.0008,-0.0046,-0.0042,-0.0029,0.0,0.0074
2020-07-09,-0.0054,-0.0157,-0.0260999999999999,-0.0033,-0.0055,0.0,0.03
2020-07-10,0.0111,0.0067,0.0306,0.0086,0.0019,0.0,-0.027
2020-07-13,-0.0118999999999999,-0.0027,0.0204,0.0106,0.0113999999999999,0.0,-0.0131
2020-07-14,0.0136,0.0039,-0.0029,-0.0002,0.0046999999999999,0.0,0.0072
2020-07-15,0.0113999999999999,0.0273,0.0126,0.0018,0.0007,0.0,-0.0347
2020-07-16,-0.0038,-0.0016,0.0081,0.0024,0.0034,0.0,0.0042
2020-07-17,0.003,-0.0016,-0.0143,-0.0109,0.0001,0.0,0.0184
2020-07-20,0.0103,-0.0111,-0.0237999999999999,-0.0083,-0.0125,0.0,0.0297
2020-07-21,0.0015,0.0147,0.0327999999999999,0.0053,0.0089,0.0,-0.0373
2020-07-22,0.005,-0.0064,-0.0037,0.0049,0.0002,0.0,0.0056999999999999
2020-07-23,-0.012,0.0121999999999999,0.0197999999999999,-0.0021,0.0017,0.0,-0.0182
2020-07-24,-0.0074,-0.008,0.0045,0.0027,0.0002,0.0,0.0
2020-07-27,0.0088,0.0029,-0.0202,-0.0019,0.001,0.0,0.0225
2020-07-28,-0.0081,-0.0046,0.0101,0.0029,0.0011,0.0,-0.0083
2020-07-29,0.0136,0.0064,0.009,0.0024,0.0016,0.0,-0.0085
2020-07-30,-0.0029,-0.0001,-0.0184,-0.0056999999999999,-0.0016,0.0,0.0248
2020-07-31,0.0062,-0.0183,-0.0066,0.0077,0.0065,0.0,0.0115
2020-08-03,0.0097,0.0109,-0.0083,-0.0027,0.0036,0.0,0.0178
2020-08-04,0.0037,0.0044,0.0006,0.0012,0.0009,0.0,-0.0093
2020-08-05,0.0078,0.0124,0.0081999999999999,0.0019,-0.0013,0.0,-0.0127
2020-08-06,0.0053,-0.0059,-0.0085,0.0056999999999999,0.0005,0.0,0.004
2020-08-07,0.0002,0.0158,0.024,0.0052,0.002,0.0,-0.0208
2020-08-10,0.0023,0.0132,0.0173,0.0084,0.0123,0.0,-0.0278
2020-08-11,-0.0083,0.002,0.0161,0.009,0.0003,0.0,-0.0218
2020-08-12,0.0139999999999999,-0.0083,-0.0133,0.0093,-0.0013,0.0,0.0189
2020-08-13,-0.0002,-0.0015,-0.0132,-0.0063,-0.0053,0.0,0.0154
2020-08-14,-0.0004,0.0006,0.0108,0.0042,0.0018,0.0,-0.0121999999999999
2020-08-17,0.0045,0.0004,-0.0194,-0.008,-0.005,0.0,0.0233999999999999
2020-08-18,0.0023,-0.0133,-0.0141999999999999,0.0002,-0.0056,0.0,0.0171
2020-08-19,-0.0038,0.0049,0.0009,-0.0004,-0.0014,0.0,0.0004
2020-08-20,0.0031,-0.0097,-0.0155,0.001,-0.005,0.0,0.0138
2020-08-21,0.0026,-0.0124,-0.0044,0.006,0.0068,0.0,0.0081
2020-08-24,0.0092,0.0021,0.0259,0.0112,0.0056999999999999,0.0,-0.0332
2020-08-25,0.0034999999999999,0.0,-0.0064,-0.0046,-0.0069,0.0,0.0102
2020-08-26,0.01,-0.0172,-0.0175,-0.0013,-0.0087,0.0,0.0226
2020-08-27,0.0018,0.0,0.0095,0.0056999999999999,-0.005,0.0,-0.0215
2020-08-28,0.0069999999999999,0.0036,-0.0022,0.0014,-0.0008,0.0,-0.0092
2020-08-31,-0.0004,-0.0093999999999999,-0.0175,-0.0069999999999999,-0.0016,0.0,0.0179
2020-09-01,0.0092,0.0021,-0.0032,0.0060999999999999,0.0009,0.0,0.0131
2020-09-02,0.0127,-0.0026,-0.0045,0.0077,-0.0038,0.0,-0.003
2020-09-03,-0.037,0.0044,0.026,-0.001,-0.0004,0.0,-0.0356
2020-09-04,-0.0087,0.0036,0.0207,0.0078,0.0088,0.0,-0.0231
2020-09-08,-0.0293,0.009,-0.0029,-0.0072,-0.0059,0.0,-0.0007
2020-09-09,0.0207,-0.0060999999999999,-0.0199,-0.0017,-0.0022,0.0,0.0304
2020-09-10,-0.0163999999999999,0.0038,-0.0006,-0.0039,-0.0036,0.0,0.0038
2020-09-11,-0.0005,-0.0062,0.009,0.0023,0.0046999999999999,0.0,-0.0043
2020-09-14,0.0158,0.0101,-0.008,-0.0081999999999999,0.0001,0.0,-0.0007
2020-09-15,0.0056999999999999,-0.0063,-0.0146,0.0013,-0.0040999999999999,0.0,0.0113
2020-09-16,-0.004,0.0121999999999999,0.0132,-0.0093,0.0024,0.0,-0.0256
2020-09-17,-0.0085,0.0046999999999999,0.002,0.0006,0.0060999999999999,0.0,-0.005
2020-09-18,-0.0089,0.0078,-0.0021,-0.0111,-0.0045,0.0,0.0093
2020-09-21,-0.0107,-0.0269,-0.019,-0.0046999999999999,-0.0031,0.0,0.0299
2020-09-22,0.0101,-0.0049,-0.016,0.0059,-0.0052,0.0,0.0185
2020-09-23,-0.0247,-0.0066,0.0016,0.0019,-0.0018,0.0,0.0028
2020-09-24,0.0026,-0.0019,0.0038,0.0051,0.0014,0.0,-0.0006
2020-09-25,0.0171,-0.0017,-0.0134,-0.0049,-0.0069999999999999,0.0,0.0073
2020-09-28,0.0165,0.0087,0.0105,0.0040999999999999,0.0021,0.0,-0.0087
2020-09-29,-0.0042,0.004,-0.0132,-0.0078,-0.0059,0.0,0.0167
2020-09-30,0.0079,-0.0068,0.0016,0.0034,0.0011,0.0,0.0017
2020-10-01,0.0078,0.008,-0.0054,-0.0002,-0.0056,0.0,0.0118
2020-10-02,-0.0097,0.0169,0.0243,0.0058,0.0034,0.0,-0.0271
2020-10-05,0.0194,0.009,-0.0009,-0.0046999999999999,0.0009,0.0,0.0060999999999999
2020-10-06,-0.0128,0.0083,0.0025,-0.0052,-0.0006,0.0,-0.0006
2020-10-07,0.0184,0.0053,0.0016,-0.0031,0.0009,0.0,0.001
2020-10-08,0.008,0.0025,0.0107,0.0027,0.0031,0.0,-0.0202
2020-10-09,0.0093,-0.0032,-0.0141999999999999,-0.0015,-0.003,0.0,0.0200999999999999
2020-10-12,0.0154,-0.0101,-0.0009,0.0079,0.0036,0.0,0.0037
2020-10-13,-0.0042,-0.0019,-0.0174,-0.0086,-0.0093999999999999,0.0,0.0235
2020-10-14,-0.0065,0.0001,0.0003,0.0034,0.0068,0.0,-0.0037
2020-10-15,-0.0008,0.0116999999999999,0.0113999999999999,0.0015,0.0016,0.0,-0.0098
2020-10-16,-0.0006,-0.0013,0.0005,-0.0005,-0.0011,0.0,0.0008
2020-10-19,-0.0153,0.0034999999999999,0.0032,-0.0033,-0.002,0.0,-0.0032
2020-10-20,0.0034999999999999,-0.0008,0.0126,0.0054,0.0018,0.0,-0.0116999999999999
2020-10-21,-0.0034999999999999,-0.0048,0.0040999999999999,0.0051,0.0001,0.0,-0.0051
2020-10-22,0.0066,0.0095,0.0103,-0.0059,-0.0008,0.0,-0.0279
2020-10-23,0.0038,0.0038,0.0004,-0.0015,-0.0034999999999999,0.0,0.0011
2020-10-26,-0.0185,-0.0048,-0.0039,-0.0015,-0.0001,0.0,0.0108
2020-10-27,-0.0023,-0.0062,-0.0233,-0.0039,-0.0070999999999999,0.0,0.0273
2020-10-28,-0.0342,0.0018,0.0056999999999999,-0.0046,0.0,0.0,0.0021
2020-10-29,0.0113,0.0015,0.0027,0.0028,0.0056999999999999,0.0,-0.0113999999999999
2020-10-30,-0.0144999999999999,-0.0023,0.0185,0.0027,-0.0005,0.0,-0.0237
2020-11-02,0.0116999999999999,0.0087,0.01,0.0040999999999999,0.0040999999999999,0.0,-0.0139999999999999
2020-11-03,0.0192999999999999,0.0101,-0.0019,-0.002,0.0002,0.0,0.0022
2020-11-04,0.0225,-0.0256,-0.0503,-0.0069,-0.0177,0.0,0.0489
2020-11-05,0.0212,0.0104,0.0054,0.0036,0.005,0.0,-0.0016
2020-11-06,0.0001,-0.0109,-0.0092,-0.0024,-0.0009,0.0,0.0106
2020-11-09,0.0083,0.0281,0.0673,0.0076,0.0086,0.0,-0.1439
2020-11-10,-0.0016,0.0209,0.0215,0.003,0.0131,0.0,-0.019
2020-11-11,0.0088,-0.0108,-0.0178,-0.0063,-0.0019,0.0,0.0334
2020-11-12,-0.0093999999999999,-0.0056,-0.0118999999999999,-0.0067,-0.0024,0.0,0.0183
2020-11-13,0.0131,0.0092,0.0115,0.0056999999999999,0.0040999999999999,0.0,-0.0215
2020-11-16,0.0121999999999999,0.0127,0.0197999999999999,0.0069,0.0086,0.0,-0.033
2020-11-17,-0.002,0.0060999999999999,-0.0001,-0.0040999999999999,-0.0043,0.0,-0.0028
2020-11-18,-0.0093999999999999,-0.0005,0.0003,0.0006,-0.0039,0.0,0.0024
2020-11-19,0.0058,0.0028,-0.0077,-0.0066,-0.0022,0.0,0.0034999999999999
2020-11-20,-0.0051,0.0059,-0.006,-0.0074,-0.001,0.0,0.0069999999999999
2020-11-23,0.0081999999999999,0.0141,0.0155,0.0033,0.0003,0.0,-0.0275
2020-11-24,0.0156,0.0049,0.0278,0.0052,0.0051,0.0,-0.0384
2020-11-25,0.0002,-0.0027,-0.0132,-0.0039,-0.0054,0.0,0.0154
2020-11-27,0.0042,0.0014,-0.0162,-0.0076,-0.0032,0.0,0.0178
2020-11-30,-0.0052,-0.0155,-0.0207,-0.0049,0.0046,0.0,0.0306999999999999
2020-12-01,0.0098999999999999,-0.0006,0.0052,0.0104,0.0053,0.0,-0.0078
2020-12-02,0.0011,0.0021,0.0107,0.0037,0.0055,0.0,-0.0223
2020-12-03,0.0017,0.0056,-0.001,-0.0027,0.002,0.0,-0.0056999999999999
2020-12-04,0.0101,0.0161,0.0083,-0.0034,0.006,0.0,-0.0184
2020-12-07,0.0002,-0.0006,-0.0102,-0.0056999999999999,-0.0049,0.0,0.0153
2020-12-08,0.0046999999999999,0.0088,-0.0069,-0.0070999999999999,-0.0005,0.0,0.0011
2020-12-09,-0.0103,0.0032,0.0128,0.0085,0.0034999999999999,0.0,-0.0137
2020-12-10,0.0024,0.0093999999999999,-0.0046,-0.0151,-0.0024,0.0,-0.0018
2020-12-11,-0.0018,-0.0056999999999999,-0.0073,-0.0058,-0.0056,0.0,0.0065
2020-12-14,-0.0026,0.0021,-0.0151,-0.0039,-0.0083,0.0,0.011
2020-12-15,0.0129,0.0113999999999999,0.0038,0.0045,0.0054,0.0,-0.0034
2020-12-16,0.0016,-0.0056,-0.0039,0.0003,-0.0017,0.0,0.0058
2020-12-17,0.0078,0.005,-0.0069999999999999,-0.0058,-0.0019,0.0,0.012
2020-12-18,-0.0014,-0.0019,-0.0116999999999999,-0.0038,-0.0073,0.0,0.011
2020-12-21,-0.0024,0.0024,-0.0006,-0.01,0.003,0.0,0.0116
2020-12-22,0.0005,0.0085,-0.0163,-0.0084,-0.001,0.0,0.0187999999999999
2020-12-23,0.0011,0.0087,0.0203,0.0027,0.0040999999999999,0.0,-0.0224
2020-12-24,0.0023,-0.0044,-0.0019,0.0024,-0.0008,0.0,0.0021
2020-12-28,0.0049,-0.0067,0.0036,0.0138,0.0048,0.0,-0.0048
2020-12-29,-0.0039,-0.0141999999999999,0.0024,0.0078,-0.0027,0.0,-0.0042
2020-12-30,0.0027,0.0107,0.0006,-0.0066,-0.0004,0.0,-0.0025
2020-12-31,0.004,-0.0069,0.0044,0.0056,-0.0022,0.0,-0.0058
2021-01-04,-0.0141,0.0014,0.0056999999999999,-0.0064,0.001,0.0,-0.0006
2021-01-05,0.0086,0.0132,0.005,0.0036,0.0056,0.0,-0.0072
2021-01-06,0.0079,0.0316,0.0394,0.0005,0.0052,0.0,-0.0256999999999999
2021-01-07,0.0176,0.0002,-0.0081,-0.0148,-0.0023,0.0,0.0154
2021-01-08,0.0051,-0.0101,-0.0138,-0.0042,-0.0036,0.0,0.0085
2021-01-11,-0.0052,0.0054,0.0126,-0.0016,0.0040999999999999,0.0,-0.0095
2021-01-12,0.0037,0.0148,0.0124,-0.0044,0.004,0.0,-0.0070999999999999
2021-01-13,0.0006,-0.0104,-0.0045,-0.0019,-0.0005,0.0,0.0043
2021-01-14,-0.0012,0.0236,0.0113,-0.0098999999999999,0.0043,0.0,-0.0109
2021-01-15,-0.0086,-0.0075,-0.0074,0.0029,-0.0045,0.0,0.006
2021-01-19,0.0092,0.0075,-0.0079,-0.0069,0.0009,0.0,0.0064
2021-01-20,0.0127,-0.0074,-0.011,0.0064,-0.0040999999999999,0.0,0.0129
2021-01-21,-0.0004,-0.0076,-0.0096,0.0083,0.0036,0.0,0.0121
2021-01-22,-0.0007,0.0163999999999999,-0.0011,-0.0068,0.0060999999999999,0.0,0.0083
2021-01-25,0.0029,-0.0027,-0.0043,0.0021,0.0095,0.0,0.0032
2021-01-26,-0.0033,-0.0003,0.0004,0.0104,0.0113,0.0,0.0026
2021-01-27,-0.0253,0.012,0.0155,0.0056,0.0247,0.0,-0.0069
2021-01-28,0.0093,-0.0169,-0.0093,-0.0105,-0.0227999999999999,0.0,0.0015
2021-01-29,-0.0184,0.0040999999999999,0.0059,-0.0076,0.004,0.0,0.002
2021-02-01,0.0172,0.0075,-0.0147,-0.0023,-0.0124,0.0,0.0131
2021-02-02,0.0148,-0.0081,-0.0103,-0.0097,-0.021,0.0,-0.0005
2021-02-03,0.0014,0.0068,0.0073,-0.0009,0.0018,0.0,-0.0096
2021-02-04,0.0121999999999999,0.006,0.0038,-0.0009,-0.0024,0.0,-0.0043
2021-02-05,0.0056999999999999,0.0095,-0.0049,-0.0070999999999999,0.0042,0.0,0.0046
2021-02-08,0.0096,0.0224,0.0039,-0.0095,0.0073,0.0,0.0040999999999999
2021-02-09,0.0005,0.0064,-0.0006,-0.0067,-0.0040999999999999,0.0,0.0044
2021-02-10,-0.0008,-0.0053,0.0079,0.003,0.0007,0.0,-0.0084
2021-02-11,0.002,-0.0021,-0.0069999999999999,-0.0046,-0.0029,0.0,0.0070999999999999
2021-02-12,0.0049,-0.001,0.0046,-0.0039,-0.0007,0.0,0.0066
2021-02-16,-0.0014,-0.0026,0.0192999999999999,0.0017,0.0005,0.0,-0.0065
2021-02-17,-0.002,-0.0067,0.006,0.0026,-0.0015,0.0,-0.0116
2021-02-18,-0.0063,-0.0147,-0.0021,0.0088,-0.0043,0.0,-0.0085
2021-02-19,0.0016,0.0202,0.0073,-0.0043,0.0053,0.0,0.0023
2021-02-22,-0.0111,0.0073,0.0313,0.0167,0.0086,0.0,-0.0326
2021-02-23,-0.0011,-0.0101,0.0089,0.0113,-0.0021,0.0,-0.0181
2021-02-24,0.0115,0.0147,0.0144,-0.0028,0.0033,0.0,-0.0006
2021-02-25,-0.0272,-0.0091,0.0088,0.0097,0.0045,0.0,-0.0187999999999999
2021-02-26,-0.0028,0.0034999999999999,-0.016,-0.0004,-0.004,0.0,0.0196
2021-03-01,0.0262,0.0111,0.0023,-0.004,0.0021,0.0,0.0151
2021-03-02,-0.0105,-0.0077,0.0125,0.0062,0.0023,0.0,-0.0148
2021-03-03,-0.0155,0.0065,0.0356,0.0163999999999999,0.0107,0.0,-0.0327
2021-03-04,-0.0167,-0.011,0.017,0.0127,0.0049,0.0,-0.0283999999999999
2021-03-05,0.0187,0.0038,0.0062,0.0096,0.0052,0.0,-0.0115
2021-03-08,-0.0067,0.0146,0.0371,0.0163,0.0092,0.0,-0.0312
2021-03-09,0.0177,0.0043,-0.0323,-0.0184,-0.0048,0.0,0.0452
2021-03-10,0.0067,0.012,0.0182,-0.0007,0.0015,0.0,-0.0049
2021-03-11,0.0141,0.0107,-0.02,-0.0139,-0.0081,0.0,0.0305
2021-03-12,0.0011,0.0053,0.0129,0.0063,0.0058,0.0,-0.0105
2021-03-15,0.0069,-0.0034999999999999,-0.0127,0.0025,0.0009,0.0,0.01
2021-03-16,-0.0040999999999999,-0.0135,-0.0085,0.0028,-0.0002,0.0,-0.0135
2021-03-17,0.0034,0.0065,0.0034,-0.0004,0.001,0.0,0.0149
2021-03-18,-0.0186,-0.0121,0.0216,0.0093,0.0046,0.0,-0.0347
2021-03-19,0.0023,0.0093999999999999,-0.0098999999999999,-0.0079,-0.0054,0.0,0.0118999999999999
2021-03-22,0.0056,-0.0169,-0.0223,-0.0025,-0.001,0.0,0.0018
2021-03-23,-0.0116,-0.0295,-0.0104,0.0058,-0.0074,0.0,-0.0222
2021-03-24,-0.0097,-0.0158,0.0146,0.0138,0.0013,0.0,-0.0283
2021-03-25,0.0067,0.0202,0.0139999999999999,0.0045,0.0111,0.0,0.0072
2021-03-26,0.0156,0.002,0.0068,0.0078,0.006,0.0,-0.0045
2021-03-29,-0.0048,-0.0249,-0.0023,0.009,0.0002,0.0,-0.0262
2021-03-30,-0.0003,0.0184,0.0101,-0.0026,-0.0023,0.0,0.0235
2021-03-31,0.0063,0.0058,-0.0233999999999999,-0.0116999999999999,-0.0028,0.0,0.0182
2021-04-01,0.0127,0.0021,-0.0002,-0.0069,-0.0051,0.0,0.0069
2021-04-05,0.0128,-0.0070999999999999,-0.0070999999999999,0.01,0.0009,0.0,-0.0048
2021-04-06,0.0,-0.0031,0.0009,-0.0012,-0.0028,0.0,0.0067
2021-04-07,-0.0011,-0.0153,0.003,0.0068,-0.0012,0.0,-0.0085
2021-04-08,0.0062,0.0027,-0.0116999999999999,-0.0052,-0.0038,0.0,0.0121
2021-04-09,0.0065,-0.0060999999999999,0.0015,0.0079,0.0009,0.0,-0.0019
2021-04-12,-0.0004,-0.0046,0.0056,0.0073,-0.0036,0.0,-0.0023
2021-04-13,0.0040999999999999,-0.0077,-0.016,-0.0107,-0.0037,0.0,0.0091
2021-04-14,-0.0034,0.0118,0.0141,0.0001,0.0067,0.0,-0.0016
2021-04-15,0.0106,-0.008,-0.0118999999999999,0.001,-0.0054,0.0,-0.0075
2021-04-16,0.0027,-0.0019,0.0065,0.0083,0.0018,0.0,-0.003
2021-04-19,-0.0072,-0.0066,0.0079,0.0072,0.0043,0.0,-0.0121999999999999
2021-04-20,-0.0093,-0.0138,-0.0157,0.0038,-0.0046,0.0,-0.0206
2021-04-21,0.011,0.0153,0.0012,-0.0046999999999999,0.0009,0.0,0.0200999999999999
2021-04-22,-0.0078,0.0063,-0.0077,-0.002,-0.002,0.0,-0.0013
2021-04-23,0.0126,0.0077,0.0069,-0.0034999999999999,0.0003,0.0,0.018
2021-04-26,0.0040999999999999,0.0079,-0.005,-0.012,-0.0007,0.0,0.0147
2021-04-27,-0.0003,0.0008,0.0085,0.0054,0.0006,0.0,0.0005
2021-04-28,-0.0007,0.0029,0.002,-0.003,-0.0033,0.0,-0.0016
2021-04-29,0.004,-0.0076,0.0109,0.0133,-0.0022,0.0,-0.009
2021-04-30,-0.0081999999999999,-0.0052,-0.0033,0.0013,-0.0040999999999999,0.0,-0.0046
2021-05-03,0.0018,0.0073,0.017,0.0105,0.0108,0.0,-0.0038
2021-05-04,-0.0089,-0.0024,0.02,0.0109,0.0056999999999999,0.0,-0.0018
2021-05-05,-0.0005,-0.0016,0.0133,0.0064,0.0060999999999999,0.0,0.0028
2021-05-06,0.0049,-0.0049,0.0118,0.0123,0.0058,0.0,-0.0106
2021-05-07,0.0084,0.0045,-0.0008,-0.0022,0.0015,0.0,0.0126
2021-05-10,-0.0135,-0.0128,0.0168,0.0116,0.0077,0.0,-0.022
2021-05-11,-0.0063,0.0069,-0.0087,-0.0083,-0.0005,0.0,-0.0002
2021-05-12,-0.0233999999999999,-0.0115,0.0069999999999999,-0.0029,0.0014,0.0,-0.0256
2021-05-13,0.0104,0.0048,0.0113,0.0138,0.0034,0.0,-0.0021
2021-05-14,0.0179,0.0097,-0.0016,-0.0024,-0.0004,0.0,0.0182
2021-05-17,-0.0024,0.0072,0.0084,0.0002,0.0058,0.0,0.0028
2021-05-18,-0.0069999999999999,0.0005,-0.0093,-0.0102,-0.0043,0.0,-0.0025
2021-05-19,-0.0034,-0.0053,-0.0046,-0.0018,-0.0033,0.0,-0.0059
2021-05-20,0.0113999999999999,-0.0049,-0.0141999999999999,-0.0085,-0.0048,0.0,0.0023
2021-05-21,-0.0004,0.0046,0.0098,-0.0011,-0.0006,0.0,0.0022
2021-05-24,0.0098999999999999,-0.0048,-0.0069999999999999,0.0026,-0.0031,0.0,0.0113
2021-05-25,-0.003,-0.0085,-0.0123,0.002,-0.0015,0.0,0.0022
2021-05-26,0.0046,0.0177,0.0056999999999999,-0.0054,0.0014,0.0,0.0172
2021-05-27,0.0027,0.0108,0.0095,-0.0026,0.0027,0.0,0.0159
2021-05-28,0.0004,-0.0037,-0.0032,-0.002,-0.004,0.0,-0.0034
2021-06-01,0.0003,0.0141,0.0144,0.0029,0.0039,0.0,0.009
2021-06-02,0.0011,-0.0021,0.0032,-0.0007,0.0069999999999999,0.0,-0.0074
2021-06-03,-0.0053,-0.0025,0.0073,0.0040999999999999,0.0034,0.0,-0.0107
2021-06-04,0.009,-0.0059,-0.0091,-0.0015,-0.0022,0.0,0.0038
2021-06-07,0.0014,0.0127,-0.0095,-0.01,-0.0021,0.0,0.0059
2021-06-08,0.0018,0.0108,-0.0031,0.0007,-0.0009,0.0,0.0043
2021-06-09,-0.0029,-0.0045,-0.0084,0.0016,0.0019,0.0,-0.0115
2021-06-10,0.0040999999999999,-0.0133,-0.0204999999999999,-0.0056,-0.0105,0.0,-0.0159
2021-06-11,0.0037,0.0072,0.0017,0.0004,0.0,0.0,0.0064
2021-06-14,0.0015,-0.0075,-0.0162,-0.0059,-0.0049,0.0,-0.0088
2021-06-15,-0.003,0.0023,0.0128,0.0067,0.0013,0.0,0.0008
2021-06-16,-0.0046,0.0043,0.002,-0.0034,-0.0024,0.0,0.0034999999999999
2021-06-17,0.0001,-0.0135,-0.0356999999999999,-0.0069999999999999,-0.011,0.0,-0.0184
2021-06-18,-0.0123,-0.008,-0.0144,-0.0043,-0.0070999999999999,0.0,-0.0046
2021-06-21,0.0136,0.0084,0.0106,0.004,0.0031,0.0,0.0137
2021-06-22,0.0058,-0.0009,-0.0043,0.002,0.002,0.0,0.0045
2021-06-23,0.0,0.0051,-0.0029,-0.0048,-0.0024,0.0,0.0116
2021-06-24,0.0069,0.0074,0.0023,-0.0039,0.0026,0.0,0.0075
2021-06-25,0.0031,-0.005,0.0043,-0.0014,0.0006,0.0,-0.0054
2021-06-28,0.0021,-0.0086,-0.0159,-0.0049,-0.0014,0.0,0.0005
2021-06-29,0.0001,-0.0039,-0.003,0.0031,0.0039,0.0,0.0012
2021-06-30,0.0007,0.0013,0.0075,0.0072,0.0064,0.0,0.0075
2021-07-01,0.0044,0.0042,0.0044,0.0,0.0033,0.0,-0.0021
2021-07-02,0.0056,-0.0153,-0.0069999999999999,0.0066,-0.0014,0.0,-0.008
2021-07-06,-0.0027,-0.0102,-0.02,0.0055,-0.0075,0.0,-0.0148
2021-07-07,0.001,-0.0084,0.0008,0.017,0.0034999999999999,0.0,-0.0113
2021-07-08,-0.0086,-0.0001,-0.0079,-0.0022,-0.0003,0.0,-0.0031
2021-07-09,0.0126,0.0085,0.0157,-0.0017,0.0040999999999999,0.0,0.0171
2021-07-12,0.0023,-0.0002,0.0056,0.0028,-0.0027,0.0,0.0089
2021-07-13,-0.0055,-0.0121,-0.0040999999999999,0.0075,0.0012,0.0,-0.0121999999999999
2021-07-14,-0.0025,-0.0116,0.0034999999999999,0.0194,0.0063,0.0,-0.0139
2021-07-15,-0.0038,-0.0026,0.0079,0.0034,-0.0007,0.0,-0.0064
2021-07-16,-0.0076,-0.004,-0.0127,0.0013,-0.0084,0.0,-0.0155
2021-07-19,-0.0141999999999999,0.0004,-0.0177,-0.0043,-0.0111,0.0,-0.0063
2021-07-20,0.017,0.0086,0.0014,-0.0058,0.0033,0.0,0.0161
2021-07-21,0.0095,0.0073,0.0081,-0.0096,0.0008,0.0,0.0186
2021-07-22,0.001,-0.0156,-0.0102,0.005,-0.0043,0.0,-0.0067
2021-07-23,0.0098999999999999,-0.0033,-0.0045,0.0049,-0.0036,0.0,0.0011
2021-07-26,0.0018,0.0009,0.0133,0.0029,0.0087,0.0,0.0101
2021-07-27,-0.0065,-0.0046,0.0059,0.0046,0.0009,0.0,-0.0108
2021-07-28,0.0027,0.0121,-0.0064,-0.0157,-0.0073,0.0,0.0062
2021-07-29,0.0040999999999999,0.0022,0.0093999999999999,0.0081999999999999,0.0055,0.0,0.008
2021-07-30,-0.0065,-0.0009,-0.0018,0.0056999999999999,0.0042,0.0,-0.0011
2021-08-02,-0.0012,-0.0013,-0.0045,-0.0007,-0.0039,0.0,-0.0005
2021-08-03,0.0073,-0.0039,0.0093,0.0065,0.0027,0.0,0.0051
2021-08-04,-0.0039,-0.0098,-0.0157,-0.0037,-0.0113,0.0,-0.0021
2021-08-05,0.0074,0.0108,-0.0012,-0.0129,-0.004,0.0,0.0086
2021-08-06,0.0009,0.0046,0.0187999999999999,0.0048,0.0029,0.0,0.0049
2021-08-09,0.0,-0.0046,-0.0027,-0.0064,-0.0052,0.0,0.0062
2021-08-10,0.0006,0.0038,0.0182,0.0072,0.0092,0.0,0.0042
2021-08-11,0.002,0.003,0.0144,0.0091,0.0056,0.0,-0.0026
2021-08-12,0.0024,-0.0068,-0.0040999999999999,0.0007,0.0011,0.0,0.0033
2021-08-13,0.0002,-0.0095,-0.0027,0.0069999999999999,-0.0001,0.0,-0.0081999999999999
2021-08-16,-0.0003,-0.0086,0.0006,0.0166,0.0022,0.0,-0.0048
2021-08-17,-0.0079,-0.005,-0.0013,-0.003,0.0008,0.0,-0.0124
2021-08-18,-0.0096,0.001,-0.0018,-0.0032,-0.0066,0.0,0.0045
2021-08-19,-0.0013,-0.0096,-0.0083,0.0138,-0.0046999999999999,0.0,-0.0081
2021-08-20,0.0092,0.0086,-0.005,-0.0036,-0.0032,0.0,0.0019
2021-08-23,0.0107,0.0075,-0.0083,-0.0185,-0.001,0.0,0.0073
2021-08-24,0.004,0.004,0.0034999999999999,-0.0072,0.0002,0.0,0.0093999999999999
2021-08-25,0.0027,0.0006,0.0036,-0.0042,-0.0001,0.0,0.0074
2021-08-26,-0.0065,-0.0044,-0.0033,-0.0006,-0.0012,0.0,-0.0033
2021-08-27,0.0107,0.0163999999999999,0.0031,-0.0069,0.0016,0.0,0.0096
2021-08-30,0.0034999999999999,-0.0069,-0.0139,0.0066,0.0007,0.0,-0.0113
2021-08-31,-0.0013,0.0046,-0.0004,-0.0046999999999999,-0.002,0.0,-0.0024
2021-09-01,0.0011,0.004,-0.0096,-0.0045,-0.0039,0.0,-0.0060999999999999
2021-09-02,0.0034999999999999,0.002,-0.0002,-0.0044,0.0059,0.0,0.0023
2021-09-03,-0.0002,-0.0056,-0.0028,0.0003,-0.0031,0.0,0.0026
2021-09-07,-0.0036,-0.0036,-0.0008,-0.006,0.0014,0.0,0.0024
2021-09-08,-0.0033,-0.0074,0.0007,0.0073,0.002,0.0,-0.0091
2021-09-09,-0.0028,0.0025,0.0009,-0.0078,-0.0027,0.0,0.009
2021-09-10,-0.0076,-0.0003,0.0002,0.002,-0.0037,0.0,-0.002
2021-09-13,0.0014,0.0024,0.0135,0.0023,0.0093,0.0,0.0
2021-09-14,-0.0066,-0.0067,-0.0097,0.0042,-0.0046999999999999,0.0,-0.0009
2021-09-15,0.0088,0.0012,0.0067,-0.0024,0.0043,0.0,0.0105
2021-09-16,-0.0005,-0.001,-0.0058,-0.0042,-0.0053,0.0,-0.0011
2021-09-17,-0.0074,0.01,-0.0005,-0.0064,-0.0048,0.0,-0.0078
2021-09-20,-0.0186,-0.0056,0.0022,0.0078,0.0023,0.0,-0.0066
2021-09-21,0.0003,0.0027,-0.0068,-0.0043,-0.0036,0.0,0.0017
2021-09-22,0.01,0.0014,0.0060999999999999,-0.0052,0.0046,0.0,0.013
2021-09-23,0.0128,0.0046,0.0092,-0.0101,0.0022,0.0,0.0107
2021-09-24,0.0009,-0.004,0.0070999999999999,0.0056999999999999,0.0023,0.0,0.0022
2021-09-27,-0.0011,0.0171,0.0243999999999999,-0.0024,0.0078,0.0,0.0060999999999999
2021-09-28,-0.0217,-0.0001,0.0176,0.0083,0.0107,0.0,-0.0058
2021-09-29,0.0004,-0.002,0.0081,0.0115,0.0034,0.0,-0.0048
2021-09-30,-0.0103,0.0007,-0.0077,-0.0124,-0.0037,0.0,-0.0014
2021-10-01,0.0112,0.0048,0.0051,-0.0009,0.0055,0.0,0.0065
2021-10-04,-0.0141999999999999,0.004,0.0235,0.0069,0.011,0.0,0.0011
2021-10-05,0.0106,-0.0058,-0.0007,-0.0009,-0.0034,0.0,0.0069999999999999
2021-10-06,0.0034,-0.01,-0.005,0.0033,-0.0068,0.0,-0.0081
2021-10-07,0.0101,0.0045,-0.0018,-0.0007,0.0004,0.0,0.0063
2021-10-08,-0.0027,-0.0046,0.0113,0.0009,0.0059,0.0,0.0007
2021-10-11,-0.0072,0.0023,-0.0028,-0.0004,0.0028,0.0,0.0009
2021-10-12,-0.0007,0.0055,-0.0043,-0.0088,-0.0028,0.0,-0.0006
2021-10-13,0.0043,-0.0009,-0.0105,-0.0049,-0.0079,0.0,-0.0046999999999999
2021-10-14,0.0165,-0.0037,-0.0028,0.0,-0.0012,0.0,0.0013
2021-10-15,0.0064,-0.0113,0.0028,0.0037,-0.0008,0.0,0.0015
2021-10-18,0.004,-0.0040999999999999,-0.0001,0.0056999999999999,-0.0008,0.0,0.0138
2021-10-19,0.0069999999999999,-0.0048,-0.0024,-0.0017,0.001,0.0,-0.0073
2021-10-20,0.0034,0.0023,0.012,0.0028,0.0055,0.0,0.001
2021-10-21,0.0036,0.0003,-0.0098999999999999,0.0031,-0.0060999999999999,0.0,0.0002
2021-10-22,-0.0025,0.0002,0.0102,0.0043,0.0046999999999999,0.0,0.0033
2021-10-25,0.0056,0.0036,-0.0013,-0.0040999999999999,-0.0037,0.0,0.0116999999999999
2021-10-26,0.0005,-0.0078,-0.003,-0.0038,-0.0015,0.0,-0.002
2021-10-27,-0.0076,-0.0093999999999999,-0.012,0.0086,-0.0063,0.0,-0.0009
2021-10-28,0.0111,0.0083,-0.005,-0.0027,-0.0017,0.0,0.0081999999999999
2021-10-29,0.0021,0.0013,-0.0083,0.0056,-0.0083,0.0,0.0058
2021-11-01,0.005,0.0204999999999999,0.0044,-0.0113,0.0007,0.0,0.0095
2021-11-02,0.0025,-0.0033,-0.0055,0.0042,0.0016,0.0,0.0001
2021-11-03,0.0079,0.0144,-0.0016,0.0021,-0.0043,0.0,-0.003
2021-11-04,0.0039,-0.0029,-0.0138,0.0066,-0.0074,0.0,-0.0046
2021-11-05,0.0037,0.0079,0.0121999999999999,0.0005,0.0136,0.0,0.0083
2021-11-08,0.0016,0.0002,0.001,-0.0053,-0.0012,0.0,0.0046
2021-11-09,-0.0034,-0.0013,0.0046,0.0059,0.0029,0.0,-0.0088
2021-11-10,-0.0104,-0.003,0.0095,0.0137,0.0002,0.0,-0.0092
2021-11-11,0.0017,0.0062,0.0034,0.0014,0.001,0.0,0.0095
2021-11-12,0.0074,-0.0046,-0.0091,0.0037,-0.0029,0.0,-0.0021
2021-11-15,-0.0006,-0.0045,0.0069999999999999,0.0053,0.005,0.0,-0.0017
2021-11-16,0.0044,-0.0016,-0.0068,0.0017,-0.0065,0.0,0.0023
2021-11-17,-0.0040999999999999,-0.0065,-0.0026,0.0081,0.0018,0.0,0.0001
2021-11-18,0.0014,-0.0075,-0.0006,0.0125,-0.0011,0.0,0.0101
2021-11-19,-0.0025,-0.0040999999999999,-0.0131,0.0103,-0.0064,0.0,0.0002
2021-11-22,-0.0056999999999999,0.0007,0.0278,0.0125,0.0163,0.0,0.0056999999999999
2021-11-23,-0.0002,-0.0019,0.0177,0.0024,0.0115,0.0,0.0011
2021-11-24,0.003,-0.0014,-0.0087,-0.0054,-0.0025,0.0,0.0013
2021-11-26,-0.0223,-0.0128,-0.0095,0.0026,-0.0060999999999999,0.0,-0.0070999999999999
2021-11-29,0.011,-0.0131,-0.0078,0.0038,-0.0031,0.0,0.0124
2021-11-30,-0.0195,0.0018,-0.0113,-0.0009,0.0039,0.0,-0.0018
2021-12-01,-0.0159,-0.0044,0.0109,0.0233,0.0078,0.0,-0.0022
2021-12-02,0.0153,0.01,0.0124,-0.0066,0.0004,0.0,-0.0026
2021-12-03,-0.0118,-0.0087,0.0108,0.0176,0.0107,0.0,-0.0112
2021-12-06,0.012,0.0084,0.0063,0.0009,0.0062,0.0,-0.0096
2021-12-07,0.0222,-0.0017,-0.0178,-0.0144,-0.0046999999999999,0.0,0.0093999999999999
2021-12-08,0.0046,0.0034999999999999,-0.0085,-0.0097,0.0019,0.0,-0.0053
2021-12-09,-0.0104,-0.0105,0.0155,0.0144,0.01,0.0,0.0
2021-12-10,0.0070999999999999,-0.0087,0.0052,0.0138,0.0077,0.0,0.0077
2021-12-13,-0.0104,-0.0029,-0.0098999999999999,0.0031,-0.003,0.0,-0.0181
2021-12-14,-0.0076,-0.0034999999999999,0.0165,0.0040999999999999,0.0018,0.0,-0.003
2021-12-15,0.0162,0.0001,-0.0191,0.0005,-0.0034999999999999,0.0,0.0049
2021-12-16,-0.0118999999999999,-0.0085,0.0279999999999999,0.0062,0.0067,0.0,-0.0113
2021-12-17,-0.0066,0.0147,-0.0233999999999999,-0.017,-0.0037,0.0,-0.0163999999999999
2021-12-20,-0.0126,-0.0021,-0.0040999999999999,0.0003,0.0017,0.0,-0.0032
2021-12-21,0.0206,0.0066,0.0019,-0.0109,-0.0024,0.0,0.0060999999999999
2021-12-22,0.0097,0.0018,-0.0034999999999999,0.0034,0.0005,0.0,0.0095
2021-12-23,0.0072,0.0028,-0.0049,-0.0037,-0.0040999999999999,0.0,0.0004
2021-12-27,0.0123,-0.0013,0.0031,0.0098,0.0045,0.0,0.0199
2021-12-28,-0.0026,-0.0040999999999999,0.0081999999999999,0.0084,0.0023,0.0,-0.0054
2021-12-29,0.0007,-0.0002,0.0017,0.0070999999999999,0.0,0.0,0.0044
2021-12-30,-0.0017,0.0007,-0.0040999999999999,-0.0083,-0.0044,0.0,-0.0113
2021-12-31,-0.0031,0.0017,0.0052,0.0034999999999999,0.0045,0.0,0.0046
2022-01-03,0.0072,0.0044,0.0077,-0.0116999999999999,0.0053,0.0,-0.0106
2022-01-04,-0.0027,-0.0006,0.0364,0.0064,0.0156,0.0,0.0044
2022-01-05,-0.0226,-0.0093,0.0258,0.0141,0.0129,0.0,-0.0075
2022-01-06,0.0,0.0038,0.0176,-0.0056,0.0001,0.0,0.0075
2022-01-07,-0.0049,-0.0096,0.0202,-0.0013,0.0085,0.0,-0.0062
2022-01-10,-0.0014,-0.0031,-0.0026,-0.0006,-0.0036,0.0,-0.0014
2022-01-11,0.0108,-0.002,-0.0027,-0.0124,0.0034999999999999,0.0,-0.0011
2022-01-12,0.0013,-0.0085,0.0052,0.0076,0.0029,0.0,0.0124
2022-01-13,-0.0155,0.0088,0.0239,0.0118,0.0104,0.0,-0.0021
2022-01-14,0.0008,0.0005,0.0055,-0.0085,0.0052,0.0,-0.001
2022-01-18,-0.0206,-0.009,0.0138,0.0079,0.0098,0.0,0.0008
2022-01-19,-0.0102,-0.0036,-0.0067,0.0025,0.0009,0.0,-0.0038
2022-01-20,-0.0115,-0.0084,-0.0023,-0.0031,0.0009,0.0,-0.0044
2022-01-21,-0.0209,0.0039,0.0046999999999999,0.0103,0.0054,0.0,0.0048
2022-01-24,0.0053,0.0175,-0.0025,-0.0006,-0.0067,0.0,0.0009
2022-01-25,-0.0141999999999999,-0.0018,0.0279999999999999,-0.0079,0.0162,0.0,0.0023
2022-01-26,-0.0029,-0.0106,0.001,0.0042,-0.0002,0.0,0.0137
2022-01-27,-0.0076,-0.0146,0.0083,0.0105,0.0092,0.0,0.0036
2022-01-28,0.0246,-0.0062,-0.0208,0.0016,0.0016,0.0,-0.0027
2022-01-31,0.0232,0.0069999999999999,-0.0287,-0.0182,-0.0167,0.0,-0.0177
2022-02-01,0.0087,0.0012,0.0065,-0.011,0.0033,0.0,0.0002
2022-02-02,0.0051,-0.0158,0.0069999999999999,0.015,0.005,0.0,0.0243999999999999
2022-02-03,-0.0248,0.0046,0.0219,0.0043,0.0136,0.0,0.0127
2022-02-04,0.0089,-0.003,-0.006,-0.0173,-0.012,0.0,-0.0241
2022-02-07,-0.0024,0.0067,0.002,-0.0069999999999999,-0.0001,0.0,-0.0037
2022-02-08,0.0102,0.0073,-0.0029,0.0093,-0.0042,0.0,-0.0018
2022-02-09,0.016,0.0002,-0.0196,-0.011,-0.0026,0.0,-0.0111
2022-02-10,-0.0169,0.0002,0.0123,-0.0056,0.0027,0.0,0.0034
2022-02-11,-0.0191,0.0092,0.0213,-0.002,0.0143,0.0,0.0077
2022-02-14,-0.0034999999999999,0.0008,-0.0062,0.0069,-0.0018,0.0,-0.0007
2022-02-15,0.0185,0.0102,-0.0139999999999999,-0.0068,-0.0081,0.0,-0.0096
2022-02-16,-0.0002,0.0004,0.0032,0.0060999999999999,0.0042,0.0,0.0063
2022-02-17,-0.0229,-0.0005,0.0115,0.0088,0.0147,0.0,0.0123
2022-02-18,-0.0085,0.0012,0.0095,0.0107,0.0044,0.0,0.0115
2022-02-22,-0.0116999999999999,-0.0036,0.0009,-0.0004,0.0016,0.0,0.005
2022-02-23,-0.0195,0.0006,0.0125,0.0002,0.0107,0.0,0.0093
2022-02-24,0.0187,0.0069,-0.0388,-0.0179,-0.018,0.0,-0.0304
2022-02-25,0.0224,-0.0014,0.0118999999999999,0.0036,-0.0019,0.0,0.0073
2022-02-28,0.0003,0.0039,-0.0046,-0.008,0.0025,0.0,-0.0029
2022-03-01,-0.0155,-0.0028,-0.0085,-0.0040999999999999,0.0053,0.0,0.0027
2022-03-02,0.0182,0.0063,0.013,0.0052,0.0046999999999999,0.0,0.0133
2022-03-03,-0.0086,-0.0022,0.0151,0.0125,0.0125,0.0,0.0135
2022-03-04,-0.0109,-0.0052,0.0072,0.0037,0.0123,0.0,0.0151
2022-03-07,-0.0314,0.0073,0.0089,-0.0069,0.0135,0.0,0.0058
2022-03-08,-0.0053,0.01,0.003,-0.0112,-0.0024,0.0,-0.009
2022-03-09,0.0279,0.0001,-0.0217,-0.0040999999999999,-0.0158,0.0,-0.0104
2022-03-10,-0.0046999999999999,0.003,0.0118,-0.0032,0.0034,0.0,0.0097
2022-03-11,-0.0148,-0.0012,0.0176,0.0097,0.0064,0.0,0.0131
2022-03-14,-0.0104,-0.0084,0.0179,0.0219,0.001,0.0,0.0133
2022-03-15,0.0215,-0.0049,-0.0237,0.0077,-0.0098999999999999,0.0,-0.0078
2022-03-16,0.026,0.0044,-0.0185,-0.0116,-0.0158,0.0,-0.0216
2022-03-17,0.0141999999999999,0.0016,-0.0106,-0.0161,-0.002,0.0,-0.0069999999999999
2022-03-18,0.0132,-0.0019,-0.0187,-0.0055,-0.0084,0.0,-0.0101
2022-03-21,-0.0017,-0.0093999999999999,0.0163999999999999,-0.0019,0.0155,0.0,0.016
2022-03-22,0.013,-0.0022,-0.0118999999999999,-0.0081999999999999,-0.0103,0.0,-0.0087
2022-03-23,-0.0125,-0.0062,0.004,-0.0051,0.0152,0.0,0.0079
2022-03-24,0.0141999999999999,-0.0032,-0.0081999999999999,-0.0048,-0.0013,0.0,-0.0023
2022-03-25,0.0028,-0.003,0.0219,0.002,0.0137,0.0,0.0113
2022-03-28,0.0073,-0.0087,-0.0172,0.005,-0.0124,0.0,-0.0054
2022-03-29,0.0143,0.0118999999999999,-0.0192,-0.0032,-0.0098999999999999,0.0,-0.0202
2022-03-30,-0.0081999999999999,-0.0112,0.004,0.0037,0.0092,0.0,0.0104
2022-03-31,-0.0154,0.0062,-0.0045,-0.0022,0.004,0.0,0.0040999999999999
2022-04-01,0.0039,0.0058,-0.0060999999999999,-0.0092,0.0005,0.0,-0.0017
2022-04-04,0.0093,-0.0055,-0.0186,-0.0077,-0.0069999999999999,0.0,-0.0153
2022-04-05,-0.0153,-0.0072,0.0081999999999999,0.0069,0.0015,0.0,0.0126
2022-04-06,-0.0123,-0.003,0.0108,0.0023,0.0088,0.0,0.0146
2022-04-07,0.0034,-0.0060999999999999,-0.0012,0.0037,0.003,0.0,0.012
2022-04-08,-0.0038,-0.0053,0.0227,0.0037,0.0104,0.0,0.0096
2022-04-11,-0.0154,0.0062,0.0105,0.0046,0.001,0.0,-0.0085
2022-04-12,-0.0029,0.0056,0.0046999999999999,-0.0024,0.0107,0.0,0.0095
2022-04-13,0.0139,0.0060999999999999,-0.0070999999999999,-0.01,0.0,0.0,-0.0018
2022-04-14,-0.0128,0.0032,0.0143,0.0017,0.0098,0.0,0.0078
2022-04-18,-0.0019,-0.0056999999999999,0.018,0.0077,0.0067,0.0,0.0155
2022-04-19,0.0176,0.004,-0.0097,0.0054,-0.0126,0.0,-0.0139
2022-04-20,-0.0027,0.005,0.0126,0.0077,0.0118,0.0,0.0225
2022-04-21,-0.0173,-0.0056,0.0040999999999999,0.0179,0.0044,0.0,0.0034999999999999
2022-04-22,-0.0274,0.0026,-0.0018,-0.0015,-0.0021,0.0,-0.0033
2022-04-25,0.0069999999999999,0.0012,-0.0186,0.0011,-0.0111,0.0,-0.0125
2022-04-26,-0.0299,-0.0036,0.018,0.0024,0.0125,0.0,0.0129
2022-04-27,0.0013,-0.0056,0.0034,0.0014,0.008,0.0,0.0123
2022-04-28,0.0245,-0.0052,-0.0042,0.0048,0.0005,0.0,-0.004
2022-04-29,-0.0354,0.0088,0.0060999999999999,-0.0024,0.0068,0.0,0.0026
2022-05-02,0.008,0.0038,-0.0116,-0.0063,-0.0135,0.0,-0.0178
2022-05-03,0.0040999999999999,0.0016,0.0165,0.0001,0.0118999999999999,0.0,0.008
2022-05-04,0.0301,-0.0046999999999999,0.0024,0.0002,0.0007,0.0,-0.0029
2022-05-05,-0.038,-0.0023,0.0237,0.0059,0.0121999999999999,0.0,0.0121
2022-05-06,-0.0085,-0.0101,0.0184,0.0098,0.0139,0.0,0.0141
2022-05-09,-0.0352,-0.0005,0.0133,0.0425,-0.002,0.0,0.0013
2022-05-10,0.0022,-0.0049,-0.0121999999999999,-0.0068,0.0028,0.0,0.0112
2022-05-11,-0.0192999999999999,-0.0060999999999999,0.0260999999999999,0.0062,0.0102,0.0,0.0202
2022-05-12,0.0015,0.012,-0.0123,-0.0034,-0.0112,0.0,-0.0250999999999999
2022-05-13,0.0274,0.0037,-0.0218,-0.0213,-0.0075,0.0,-0.0144
2022-05-16,-0.0059,0.0009,0.0131,0.0019,0.0131,0.0,0.0158
2022-05-17,0.0213,0.0093999999999999,-0.0005,-0.0068,-0.0031,0.0,-0.0148
2022-05-18,-0.0406,0.0046,0.0154,-0.0059,0.004,0.0,0.0008
2022-05-19,-0.0034,0.004,-0.008,-0.0121,-0.0091,0.0,-0.0139
2022-05-20,-0.0005,-0.0013,-0.0019,-0.001,0.0019,0.0,-0.0008
2022-05-23,0.0175,-0.0092,0.0131,-0.0005,0.0097,0.0,0.0095
2022-05-24,-0.0121,-0.0046,0.0183,0.0139,0.0125,0.0,0.0233999999999999
2022-05-25,0.0121,0.0074,0.002,-0.0051,-0.0003,0.0,-0.0089
2022-05-26,0.0218,0.0001,-0.0060999999999999,-0.0014,-0.0034,0.0,-0.0093999999999999
2022-05-27,0.0258,0.0003,-0.0128,-0.0065,-0.0028,0.0,-0.0072
2022-05-31,-0.0070999999999999,-0.0039,0.0046,0.008,-0.0021,0.0,-0.0052
2022-06-01,-0.0074,0.0023,0.008,-0.002,0.0103,0.0,0.0129
2022-06-02,0.0208,0.004,-0.0208,-0.0042,-0.0153,0.0,-0.0203
2022-06-03,-0.0163,0.0103,0.0055,-0.0081,0.0046,0.0,0.0091
2022-06-06,0.0033,0.0004,0.0066,0.0046999999999999,0.0017,0.0,-0.0003
2022-06-07,0.01,0.002,-0.0015,-0.0157,0.0065,0.0,0.0033
2022-06-08,-0.0102,-0.0027,-0.0052,-0.0069999999999999,-0.0025,0.0,-0.0091
2022-06-09,-0.0243,0.0046,0.0026,0.0085,0.0021,0.0,0.0118
2022-06-10,-0.03,0.0027,0.0066,0.0029,0.0055,0.0,0.0237999999999999
2022-06-13,-0.0412,-0.0046,0.006,0.0169,-0.0031,0.0,0.0213
2022-06-14,-0.0026,0.0011,0.0011,0.0011,0.0005,0.0,0.0034999999999999
2022-06-15,0.0155,-0.0003,-0.0167,-0.0019,-0.0115,0.0,-0.0233999999999999
2022-06-16,-0.0352,-0.0109,0.0,0.0059,-0.0062,0.0,0.0096
2022-06-17,0.0045,0.0073,-0.0268,0.0037,-0.0203,0.0,-0.034
2022-06-21,0.0237999999999999,-0.0083,0.0024,-0.0093,0.0,0.0,0.0133
2022-06-22,-0.0019,0.0004,-0.0182,0.0062,-0.0159,0.0,-0.0163999999999999
2022-06-23,0.0112,0.0031,-0.0389,0.005,-0.0192999999999999,0.0,-0.0381
2022-06-24,0.0313,-0.0042,-0.0001,0.0011,-0.0037,0.0,-0.0098999999999999
2022-06-27,-0.0027,0.0077,0.0125,-0.0033,0.0127,0.0,0.0242
2022-06-28,-0.0209,0.0004,0.024,-0.0069,0.0133,0.0,0.0293
2022-06-29,-0.0019,-0.0058,-0.0133,0.0108,-0.0087,0.0,-0.001
2022-06-30,-0.0096,0.0051,-0.0014,0.009,-0.0015,0.0,0.0098
2022-07-01,0.0115,-0.0004,0.0011,-0.0081,-0.0009,0.0,-0.0116999999999999
2022-07-05,0.0048,0.0112,-0.0334,-0.0184,-0.0225,0.0,-0.048
2022-07-06,0.0017,-0.0087,-0.0076,0.0004,-0.0034999999999999,0.0,0.0021
2022-07-07,0.0176,0.0087,-0.0095,-0.0079,-0.0139,0.0,-0.0102
2022-07-08,-0.0007,0.0008,-0.0008,-0.0026,-0.0023,0.0,0.0044
2022-07-11,-0.0138,-0.0098999999999999,0.0161,0.017,0.0139999999999999,0.0,0.0277
2022-07-12,-0.0089,0.0088,0.0052,0.0015,0.0093,0.0,-0.0064
2022-07-13,-0.0039,0.0042,-0.0040999999999999,0.0003,-0.0033,0.0,-0.0004
2022-07-14,-0.0040999999999999,-0.0045,-0.0101,0.0076,-0.0001,0.0,0.0056
2022-07-15,0.0196,0.0003,0.005,-0.0018,-0.0032,0.0,-0.0068
2022-07-18,-0.0070999999999999,0.0034999999999999,0.0101,0.0021,-0.0018,0.0,0.0022
2022-07-19,0.0281,0.0083,-0.0054,-0.0022,-0.0065,0.0,-0.0155
2022-07-20,0.0089,0.0108,-0.0132,-0.0146,-0.0159,0.0,-0.0283999999999999
2022-07-21,0.0097,-0.0038,-0.0161,-0.0026,-0.01,0.0,-0.01
2022-07-22,-0.0118,-0.0084,0.0139,0.0177,0.0151,0.0,0.0236
2022-07-25,0.0012,0.001,0.0165,0.0064,0.0054,0.0,0.021
2022-07-26,-0.0132,0.0037,0.0107,0.0065,0.0124,0.0,0.0243999999999999
2022-07-27,0.0272,0.0015,-0.0127,-0.0019,-0.015,0.0,-0.0183
2022-07-28,0.0118999999999999,-0.0003,-0.0091,0.0013,-0.0097,0.0,-0.0014
2022-07-29,0.0144999999999999,-0.009,0.0045,0.0049,-0.0121,0.0,-0.0067
2022-08-01,-0.002,0.0017,-0.0024,0.0023,0.0037,0.0001,-0.0049
2022-08-02,-0.005,0.0056999999999999,-0.0141,-0.0223,-0.0051,0.0001,-0.0113
2022-08-03,0.0167,0.0027,-0.0195,-0.0154,-0.0085,0.0001,-0.0315
2022-08-04,-0.0005,0.0040999999999999,-0.0165,-0.013,-0.0093999999999999,0.0001,-0.015
2022-08-05,-0.0004,0.0095,-0.0005,-0.0126,-0.0021,0.0001,-0.0013
2022-08-08,0.0,0.0096,-0.0009,-0.0054,0.0022,0.0001,-0.009
2022-08-09,-0.0067,-0.0136,0.021,0.0086,0.0128,0.0001,0.027
2022-08-10,0.0235,0.0075,-0.0162,-0.0137,-0.0144999999999999,0.0001,-0.031
2022-08-11,-0.0007,0.002,0.0167,0.0077,0.01,0.0001,0.0069
2022-08-12,0.0176,0.005,-0.0079,-0.0064,-0.0058,0.0001,-0.0070999999999999
2022-08-15,0.0038,-0.0002,-0.0060999999999999,-0.0019,-0.0005,0.0001,0.0001
2022-08-16,0.0019,-0.0014,0.0069999999999999,0.0104,0.0052,0.0001,0.002
2022-08-17,-0.0092,-0.0092,0.0104,0.0128,0.0070999999999999,0.0001,0.0247
2022-08-18,0.0027,0.0034999999999999,0.0045,0.0079,0.0005,0.0001,0.012
2022-08-19,-0.0149,-0.0093999999999999,0.0098,0.0103,0.0134,0.0001,0.025
2022-08-22,-0.0213,-0.0005,0.0034,0.0015,0.0021,0.0001,0.0157
2022-08-23,-0.0011,0.0012,0.0031,-0.0036,-0.0025,0.0001,0.0013
2022-08-24,0.0039,0.0052,-0.0062,-0.0144,-0.0055,0.0001,-0.0092
2022-08-25,0.0144999999999999,0.0012,-0.0001,0.0018,-0.0039,0.0001,-0.0077
2022-08-26,-0.0337,-0.0027,0.0166,0.0016,0.0089,0.0001,0.0196
2022-08-29,-0.0070999999999999,-0.004,0.0044,0.0027,0.0044,0.0001,0.0060999999999999
2022-08-30,-0.0111,-0.0039,-0.0022,-0.0025,0.0012,0.0001,-0.0089
2022-08-31,-0.0075,0.0023,-0.0046,-0.0065,-0.0018,0.0001,-0.0029
2022-09-01,0.0,-0.0104,-0.0028,0.0056,0.0055,0.0001,0.0014
2022-09-02,-0.0098999999999999,0.0011,0.0103,-0.0006,0.0026,0.0001,0.0065
2022-09-06,-0.0051,-0.0054,-0.0054,-0.002,-0.0069,0.0001,0.0031
2022-09-07,0.0192,0.0040999999999999,-0.0153,-0.0135,-0.0054,0.0001,-0.0195
2022-09-08,0.0078,-0.0015,-0.0018,-0.0121999999999999,-0.0106,0.0001,-0.0121
2022-09-09,0.0167,0.0037,-0.0051,-0.0014,-0.0052,0.0001,-0.0113999999999999
2022-09-12,0.0107,0.0025,-0.0017,-0.0012,-0.0016,0.0001,-0.0011
2022-09-13,-0.0429,0.0006,0.0141,-0.0036,0.0098999999999999,0.0001,0.0175
2022-09-14,0.0044,-0.0018,-0.0032,-0.0078,-0.0052,0.0001,0.0046999999999999
2022-09-15,-0.0104,0.0039,0.0060999999999999,-0.0032,0.0025,0.0001,-0.0015
2022-09-16,-0.0098,-0.0075,0.0086,0.0171,0.0095,0.0001,0.0158
2022-09-19,0.0072,-0.0009,0.0068,0.0063,-0.0006,0.0001,0.0079
2022-09-20,-0.0115,-0.0029,0.0003,-0.0011,0.0032,0.0001,0.0129
2022-09-21,-0.0168,0.0034,0.0006,0.0039,0.0012,0.0001,0.0053
2022-09-22,-0.0113999999999999,-0.0113999999999999,0.0044,0.0113999999999999,0.0101,0.0001,0.0175
2022-09-23,-0.0185,-0.0046,-0.008,0.0019,-0.0018,0.0001,-0.0087
2022-09-26,-0.0102,-0.0004,-0.0075,0.0017,-0.0043,0.0001,0.0069
2022-09-27,-0.0004,0.0058,-0.0097,-0.0065,-0.0091,0.0001,-0.0013
2022-09-28,0.0214,0.009,-0.0036,-0.0087,-0.0081,0.0001,-0.015
2022-09-29,-0.0216,-0.0029,0.0092,0.0043,0.0055,0.0001,0.009
2022-09-30,-0.0143,0.0056999999999999,0.0027,-0.0066,-0.0011,0.0001,0.0052
2022-10-03,0.0256,0.0,0.0069999999999999,0.0089,0.0042,0.0001,-0.0017
2022-10-04,0.0329,0.0074,-0.0009,-0.0097,-0.0038,0.0001,-0.0236
2022-10-05,-0.0021,-0.0037,0.0004,0.0034999999999999,0.0014,0.0001,0.0051
2022-10-06,-0.0085,0.0045,0.0012,-0.0012,-0.0051,0.0001,0.0002
2022-10-07,-0.0289999999999999,-0.0022,0.0168,0.0093,0.0157,0.0001,0.021
2022-10-10,-0.008,0.0024,0.0076,0.0154,0.0044,0.0001,0.0135
2022-10-11,-0.0069999999999999,0.0062,0.0033,0.0056999999999999,0.0060999999999999,0.0001,0.01
2022-10-12,-0.0027,0.0002,0.0004,0.0002,0.0002,0.0001,-0.0059
2022-10-13,0.0241,-0.0024,0.0157,0.0065,0.0092,0.0001,0.0069
2022-10-14,-0.0245,-0.0018,0.0123,0.0055,0.0173,0.0001,0.0095
2022-10-17,0.0274,0.0036,-0.0141,-0.0098,-0.0128,0.0001,-0.0186
2022-10-18,0.0118999999999999,-0.0013,-0.0002,-0.0042,0.0002,0.0001,-0.0023
2022-10-19,-0.0087,-0.0118,0.0118999999999999,0.0070999999999999,0.008,0.0001,0.0195
2022-10-20,-0.008,-0.0032,-0.0045,-0.0060999999999999,0.0013,0.0001,-0.0064
2022-10-21,0.023,-0.0007,0.0009,0.0068,-0.003,0.0001,0.0034
2022-10-24,0.0103,-0.0060999999999999,0.0046999999999999,0.0113999999999999,0.0053,0.0001,0.0083
2022-10-25,0.0178,0.0101,-0.0153,-0.0123,-0.0133,0.0001,-0.0297
2022-10-26,-0.0066,0.0069999999999999,0.0089,-0.0072,0.0069,0.0001,0.006
2022-10-27,-0.0054,0.0044,0.0108,-0.003,0.0046999999999999,0.0001,0.006
2022-10-28,0.0233,0.0009,-0.0034,0.004,0.0067,0.0001,0.0001
2022-10-31,-0.0068,0.0045,0.0073,-0.0021,0.0044,0.0001,0.0074
2022-11-01,-0.0034999999999999,0.0045,0.008,0.0001,0.0054,0.0001,-0.001
2022-11-02,-0.0266999999999999,-0.0084,0.016,0.0031,0.0116,0.0001,0.0229
2022-11-03,-0.0103,0.0039,0.0028,-0.0004,0.0004,0.0001,0.005
2022-11-04,0.0116,-0.0025,0.0128,0.0233999999999999,0.0065,0.0001,0.0034
2022-11-07,0.0087,-0.0033,0.006,0.011,0.0101,0.0001,0.0024
2022-11-08,0.0051,-0.0053,-0.004,-0.0016,0.0005,0.0001,-0.0029
2022-11-09,-0.0224,-0.005,0.0055,0.0095,0.0121999999999999,0.0001,0.0183
2022-11-10,0.0567999999999999,0.0096,-0.0308999999999999,-0.0066,-0.0291,0.0001,-0.0668
2022-11-11,0.0106,0.0014,-0.0105,-0.009,-0.0121999999999999,0.0001,-0.0461
2022-11-14,-0.0095,-0.0023,0.0034999999999999,0.0056999999999999,0.0054,0.0001,0.0176
2022-11-15,0.0103,0.0043,-0.0073,-0.005,-0.0053,0.0001,-0.0167
2022-11-16,-0.0102,-0.0107,0.0058,0.0116,0.0095,0.0001,0.0291
2022-11-17,-0.0042,-0.0027,0.0056,0.0137,0.0081,0.0001,0.0165
2022-11-18,0.004,-0.0009,0.0011,0.0038,0.0070999999999999,0.0001,0.013
2022-11-21,-0.0052,-0.002,0.0098999999999999,0.005,0.0113,0.0001,0.0172
2022-11-22,0.0136,-0.0038,0.0044,0.0078,-0.0023,0.0001,-0.0005
2022-11-23,0.0063,-0.0025,-0.0093,-0.0074,-0.0062,0.0001,-0.0185
2022-11-25,-0.0003,0.0028,0.0043,-0.0018,0.0012,0.0001,0.0068
2022-11-28,-0.0155,-0.0048,-0.0019,0.0027,0.003,0.0001,0.0083
2022-11-29,-0.0018,0.0034999999999999,0.0104,0.0021,0.0051,0.0001,0.0043
2022-11-30,0.0312,-0.0015,-0.0208,-0.0077,-0.0147,0.0001,-0.0289
2022-12-01,-0.0002,0.0004,-0.0069,-0.0034,-0.0036,0.0002,-0.0063
2022-12-02,-0.0008,0.0084,-0.0056,-0.004,0.0026,0.0002,0.0022
2022-12-05,-0.0202,-0.0053,-0.0054,0.0087,0.011,0.0002,0.0072
2022-12-06,-0.0151,-0.0004,0.0113999999999999,0.0086,0.0076,0.0002,0.0159
2022-12-07,-0.0024,-0.0018,-0.0032,0.0009,-0.0016,0.0002,0.0056
2022-12-08,0.0076,-0.001,-0.012,-0.0056,-0.0063,0.0002,-0.0134
2022-12-09,-0.008,-0.0053,0.0034,0.0019,0.0013,0.0002,-0.0055
2022-12-12,0.0141,-0.0027,-0.0016,-0.0023,-0.0013,0.0002,0.0006
2022-12-13,0.0066,0.0007,-0.0077,-0.0027,-0.0054,0.0002,-0.0124
2022-12-14,-0.0056,0.0003,-0.0045,-0.0019,-0.0007,0.0002,0.0032
2022-12-15,-0.0256999999999999,-0.0013,0.0139,0.0025,0.0042,0.0002,0.017
2022-12-16,-0.0102,0.0053,0.0017,-0.0007,0.0046,0.0002,0.0037
2022-12-19,-0.01,-0.006,0.0125,0.0073,0.0121,0.0002,0.0213
2022-12-20,0.0013,0.0025,0.0025,-0.0046,0.0048,0.0002,0.0068
2022-12-21,0.0153,0.0014,-0.0012,0.0039,-0.0029,0.0002,-0.0009
2022-12-22,-0.0152,0.0022,0.0038,-0.0013,0.0089,0.0002,0.0102
2022-12-23,0.0052,-0.0034999999999999,0.0116,0.0086,0.0054,0.0002,0.0093
2022-12-27,-0.005,-0.0043,0.0141999999999999,0.0115,0.0135,0.0002,0.0223
2022-12-28,-0.0124,-0.003,-0.0028,-0.0093,-0.0008,0.0002,-0.0033
2022-12-29,0.0187,0.0102,-0.0106,-0.0103,-0.0089,0.0002,-0.0281
2022-12-30,-0.0022,0.0014,-0.0004,-0.0054,-0.0002,0.0002,-0.0028
2023-01-03,-0.0046999999999999,0.0008,-0.001,0.0028,0.0054,0.0002,-0.0111
2023-01-04,0.0081,0.0056999999999999,0.0005,-0.0069,0.0,0.0002,-0.0210999999999999
2023-01-05,-0.0113999999999999,0.0017,0.012,0.0081,0.009,0.0002,0.0127
2023-01-06,0.0220999999999999,-0.0001,0.0003,0.0081999999999999,0.0018,0.0002,-0.0018
2023-01-09,0.0003,0.0033,-0.0123,-0.0065,-0.0115,0.0002,-0.021
2023-01-10,0.0079,0.0087,-0.0056,-0.004,-0.0049,0.0002,-0.0102
2023-01-11,0.0125,0.0001,-0.0083,-0.0019,-0.0107,0.0002,-0.018
2023-01-12,0.0045,0.0139999999999999,-0.0027,-0.011,-0.0052,0.0002,-0.0058
2023-01-13,0.0046,0.0024,-0.003,-0.0014,-0.0029,0.0002,-0.0024
2023-01-17,-0.0018,-0.0001,-0.0055,-0.0060999999999999,-0.0043,0.0002,-0.0072
2023-01-18,-0.0155,0.0002,-0.0070999999999999,0.0027,0.0001,0.0002,-0.0031
2023-01-19,-0.0086,-0.001,0.0084,0.0054,0.0069999999999999,0.0002,0.0064
2023-01-20,0.0194,-0.0004,-0.0068,-0.0017,-0.008,0.0002,-0.0223
2023-01-23,0.0128,-0.0004,-0.0098999999999999,-0.0040999999999999,-0.0103,0.0002,-0.0216
2023-01-24,-0.0016,-0.0016,0.0018,-0.002,0.0038,0.0002,0.0118
2023-01-25,0.0,0.0013,0.0069,0.0006,0.0021,0.0002,0.001
2023-01-26,0.0108,-0.0063,0.0001,-0.002,-0.0046999999999999,0.0002,-0.0127
2023-01-27,0.0034,0.0033,-0.0113,-0.006,-0.0128,0.0002,-0.0253
2023-01-30,-0.0138,0.0003,0.0074,0.0034999999999999,0.0093,0.0002,0.0139
2023-01-31,0.0158,0.0093,-0.0006,-0.0011,-0.0054,0.0002,-0.0079
2023-02-01,0.0118999999999999,0.0063,-0.0165,-0.0012,-0.0113999999999999,0.0002,-0.0259
2023-02-02,0.0154,0.0115,-0.0207,-0.0024,-0.0175,0.0002,-0.0466
2023-02-03,-0.0108,0.004,0.0098,0.0101,0.0105,0.0002,0.0156
2023-02-06,-0.0073,-0.008,0.0043,-0.0022,0.0045,0.0002,0.01
2023-02-07,0.0125,-0.005,-0.0004,0.003,-0.0036,0.0002,-0.0081
2023-02-08,-0.0118,-0.0069,0.0070999999999999,-0.0028,-0.0004,0.0002,0.0092
2023-02-09,-0.0093999999999999,-0.0060999999999999,0.0021,0.0031,0.0038,0.0002,0.0111
2023-02-10,0.0012,-0.003,0.015,0.0054,0.0091,0.0002,0.0229
2023-02-13,0.0113999999999999,0.0009,-0.0073,0.0049,-0.0031,0.0002,-0.0046999999999999
2023-02-14,0.0012,-0.0005,-0.0068,-0.0060999999999999,-0.0093999999999999,0.0002,-0.0097
2023-02-15,0.005,0.0072,-0.0091,-0.012,-0.0106,0.0002,-0.0169
2023-02-16,-0.0137,0.0022,0.0097,0.0081,0.0091,0.0002,0.0144
2023-02-17,-0.0028,0.0066,-0.0014,0.0015,0.0056,0.0002,0.005
2023-02-21,-0.0216,-0.0113,0.0088,0.0038,0.0081999999999999,0.0002,0.0151
2023-02-22,-0.0004,0.0044,-0.0046,-0.0034999999999999,-0.0043,0.0002,-0.0065
2023-02-23,0.0046999999999999,0.0012,-0.0023,0.002,-0.0049,0.0002,0.0048
2023-02-24,-0.0108,-0.0025,0.0126,0.0032,0.0040999999999999,0.0002,0.0129
2023-02-27,0.0031,0.0005,-0.003,0.0007,-0.0044,0.0002,-0.0033
2023-02-28,-0.0026,0.0052,-0.0069,-0.0056,-0.0018,0.0002,-0.004
2023-03-01,-0.0040999999999999,0.0039,0.0062,0.0015,0.0073,0.0002,0.0157
2023-03-02,0.0067,-0.0052,-0.0044,-0.0012,0.0017,0.0002,-0.0033
2023-03-03,0.0161,-0.0008,-0.0054,-0.0037,-0.0077,0.0002,-0.0075
2023-03-06,-0.0013,-0.0157,-0.0008,0.0031,-0.001,0.0002,0.0062
2023-03-07,-0.0144999999999999,0.0063,-0.0067,-0.0013,-0.0013,0.0002,0.0026
2023-03-08,0.0008,0.0007,-0.0039,0.0042,-0.0016,0.0002,-0.0005
2023-03-09,-0.0202,-0.0069999999999999,-0.0076,0.0106,0.0074,0.0002,0.011
2023-03-10,-0.0168,-0.0141,0.0072,0.0108,0.0116,0.0002,0.0054
2023-03-13,-0.0034,-0.0116999999999999,-0.036,-0.0109,-0.0074,0.0002,-0.0056
2023-03-14,0.0172,0.0001,-0.0036,-0.0015,-0.0046,0.0002,-0.0019
2023-03-15,-0.0079,-0.0051,-0.0184,0.0031,-0.0044,0.0002,-0.0194
2023-03-16,0.0176,0.0001,-0.0016,0.0013,-0.0072,0.0002,-0.0056
2023-03-17,-0.0121,-0.0106,-0.0163,0.0027,-0.0024,0.0002,-0.0009
2023-03-20,0.0084,-0.0034999999999999,0.0078,0.0051,0.0076,0.0002,0.0141
2023-03-21,0.0149,0.0046999999999999,0.0073,-0.0026,-0.0121,0.0002,-0.0128
2023-03-22,-0.0174,-0.008,-0.0053,0.008,0.0022,0.0002,0.0078
2023-03-23,0.0021,-0.0043,-0.0154,0.0015,-0.0085,0.0002,-0.0046
2023-03-24,0.0046,0.0018,0.0070999999999999,0.003,0.0038,0.0002,0.0037
2023-03-27,0.0028,0.005,0.0103,-0.0022,0.0040999999999999,0.0002,0.0073
2023-03-28,-0.0017,-0.0003,0.0075,0.0011,0.0046999999999999,0.0002,0.0074
2023-03-29,0.0139,-0.0036,-0.0054,-0.0092,-0.0056999999999999,0.0002,-0.0113999999999999
2023-03-30,0.0051,-0.0062,-0.006,0.002,-0.0007,0.0002,-0.0038
2023-03-31,0.0153,0.0049,-0.0076,-0.0048,-0.0081999999999999,0.0002,-0.0108
2023-04-03,0.0028,-0.0017,0.0079,0.0055,0.0070999999999999,0.0002,0.0113
2023-04-04,-0.0072,-0.0113,-0.0072,-0.0005,-0.0001,0.0002,-0.0124
2023-04-05,-0.0039,-0.01,0.0139999999999999,0.0079,0.0129,0.0002,0.0092
2023-04-06,0.0034,-0.0003,-0.0051,-0.0044,-0.0016,0.0002,-0.0095
2023-04-10,0.002,0.0085,0.0026,-0.0002,-0.0013,0.0002,0.0043
2023-04-11,0.0006,0.0069,0.0055,0.0005,0.0013,0.0002,0.0003
2023-04-12,-0.0051,-0.0044,0.0037,0.0048,0.0044,0.0002,0.0133
2023-04-13,0.0139,0.0015,-0.0118999999999999,-0.0027,-0.0075,0.0002,-0.0118999999999999
2023-04-14,-0.0023,-0.0076,0.002,0.0072,0.0013,0.0002,0.0056999999999999
2023-04-17,0.0033,0.0070999999999999,-0.002,-0.0129,-0.0033,0.0002,-0.0038
2023-04-18,0.0004,-0.0040999999999999,-0.0031,0.0005,0.0018,0.0002,0.0109
2023-04-19,-0.0004,0.0026,0.0042,0.0001,0.0011,0.0002,-0.0018
2023-04-20,-0.0060999999999999,0.0014,-0.0028,0.0073,0.0053,0.0002,0.0174
2023-04-21,0.0008,0.0009,-0.0093999999999999,-0.0064,-0.0018,0.0002,-0.0053
2023-04-24,0.0,-0.0027,0.0046,0.0068,0.0032,0.0002,0.0052
2023-04-25,-0.0176,-0.0081999999999999,0.0009,0.0043,0.0096,0.0002,0.0116
2023-04-26,-0.0040999999999999,-0.0004,-0.0074,0.0001,-0.004,0.0002,-0.0059
2023-04-27,0.0185,-0.0059,0.0,0.0044,-0.0025,0.0002,-0.0067
2023-04-28,0.0078,0.0022,0.0019,0.0013,0.0022,0.0002,0.0002
2023-05-01,-0.0002,0.0019,-0.0081999999999999,-0.0039,0.0024,0.0002,0.0161
2023-05-02,-0.0127,-0.0074,-0.0146,0.0060999999999999,0.0016,0.0002,0.009
2023-05-03,-0.0056999999999999,0.0088,-0.0103,-0.0092,-0.004,0.0002,-0.0026
2023-05-04,-0.0078,-0.0052,-0.0104,-0.0060999999999999,-0.0031,0.0002,0.0038
2023-05-05,0.0191,0.005,0.0069,0.0026,-0.0072,0.0002,-0.0127
2023-05-08,0.0007,-0.0037,-0.003,-0.0054,-0.0038,0.0002,0.0027
2023-05-09,-0.0043,0.0011,-0.0002,-0.004,-0.0043,0.0002,0.0064
2023-05-10,0.0043,0.002,-0.0132,-0.0013,-0.0083,0.0002,0.0011
2023-05-11,-0.002,-0.0053,-0.0009,0.0084,0.0013,0.0002,0.0017
2023-05-12,-0.0022,-0.001,0.0034,0.0038,0.0048,0.0002,0.0054
2023-05-15,0.0046,0.008,0.0001,-0.0065,-0.0053,0.0002,-0.0096
2023-05-16,-0.0072,-0.0046,-0.0048,0.0079,-0.0013,0.0002,0.0073
2023-05-17,0.0131,0.0085,0.0121999999999999,-0.003,-0.0031,0.0002,-0.0171
2023-05-18,0.0098999999999999,-0.0023,-0.0038,0.0019,-0.0070999999999999,0.0002,-0.0031
2023-05-19,-0.0026,-0.0038,-0.0032,-0.0002,0.0015,0.0002,0.0044
2023-05-22,0.0017,0.0112,-0.002,-0.0126,-0.0093999999999999,0.0002,-0.0213
2023-05-23,-0.011,0.006,0.0109,0.0018,0.0024,0.0002,-0.0093
2023-05-24,-0.0072,-0.0039,-0.002,-0.0003,-0.0007,0.0002,0.0096
2023-05-25,0.0065,-0.0104,-0.0108,0.0179,-0.0132,0.0002,0.017
2023-05-26,0.0132,-0.003,-0.0085,-0.0024,-0.0058,0.0002,-0.006
2023-05-30,-0.0001,-0.0024,-0.0042,-0.0029,-0.0098,0.0002,-0.0063
2023-05-31,-0.006,-0.0026,-0.0116,-0.0111,0.0011,0.0002,0.0018
2023-06-01,0.0102,0.0007,-0.0006,0.0003,-0.0040999999999999,0.0002,0.0007
2023-06-02,0.0162,0.0172,0.0166,0.0036,0.0072,0.0002,-0.0133
2023-06-05,-0.0026,-0.0111,-0.0075,-0.0066,-0.0046999999999999,0.0002,0.0034
2023-06-06,0.0046,0.0224,0.0135,-0.0019,-0.0046,0.0002,-0.0165
2023-06-07,-0.0036,0.0187999999999999,0.0227999999999999,0.0076,0.0139,0.0002,-0.0147
2023-06-08,0.0059,-0.0078,-0.0116,-0.0015,-0.0055,0.0002,0.0040999999999999
2023-06-09,0.0003,-0.008,-0.0040999999999999,0.0009,-0.0022,0.0002,0.001
2023-06-12,0.0093999999999999,-0.0026,-0.0141,-0.0029,-0.0078,0.0002,-0.0006
2023-06-13,0.0074,0.0053,0.0006,-0.005,-0.0052,0.0002,-0.0111
2023-06-14,-0.0003,-0.0105,-0.0092,0.0069,-0.0027,0.0002,0.0107
2023-06-15,0.0121999999999999,-0.0037,0.0009,0.0011,-0.0004,0.0002,-0.0062
2023-06-16,-0.0045,-0.0051,0.0022,0.0022,0.004,0.0002,-0.0065
2023-06-20,-0.0048,0.002,-0.0069,-0.0008,-0.0056,0.0002,0.0058
2023-06-21,-0.0056,0.0029,0.0053,0.0060999999999999,0.0093,0.0002,0.013
2023-06-22,0.0032,-0.0096,-0.0126,0.002,-0.0055,0.0002,0.0045
2023-06-23,-0.0084,-0.006,0.0007,0.0023,0.001,0.0002,0.0019
2023-06-26,-0.0048,-0.0001,0.0129,0.006,0.0081,0.0002,-0.0059
2023-06-27,0.0121,0.0032,-0.0051,0.0025,-0.0072,0.0002,-0.0033
2023-06-28,0.0003,0.0048,-0.0043,-0.0065,-0.0044,0.0002,0.0022
2023-06-29,0.0044,0.0076,0.0078,0.006,0.0049,0.0002,-0.0034
2023-06-30,0.0113999999999999,-0.0072,-0.0078,-0.0005,-0.0033,0.0002,0.0081999999999999
2023-07-03,0.0015,0.0027,0.0106,0.0018,0.001,0.0002,-0.0112
2023-07-05,-0.0029,-0.0106,-0.0026,-0.0031,0.0,0.0002,-0.0009
2023-07-06,-0.0093999999999999,-0.0058,-0.0069,0.0056999999999999,0.0004,0.0002,0.0040999999999999
2023-07-07,-0.0013,0.013,0.0121,-0.0024,0.0017,0.0002,-0.0068
2023-07-10,0.0036,0.0124,-0.0001,-0.0103,0.0055,0.0002,0.0052
2023-07-11,0.0076,0.0019,0.0048,-0.0021,0.0027,0.0002,-0.008
2023-07-12,0.0074,0.0037,0.0045,-0.0029,-0.0044,0.0002,0.0007
2023-07-13,0.009,-0.0007,-0.001,-0.0016,-0.0067,0.0002,0.0016
2023-07-14,-0.0025,-0.0069,-0.0152,0.0042,-0.0058,0.0002,0.0076
2023-07-17,0.0048,0.0066,-0.0027,-0.004,-0.001,0.0002,0.009
2023-07-18,0.0078,0.0043,0.0108,0.0063,-0.0043,0.0002,-0.0049
2023-07-19,0.0025,0.0026,0.0132,0.0016,0.0017,0.0002,-0.0185
2023-07-20,-0.0081,-0.0034999999999999,0.0066,0.0043,0.0144,0.0002,-0.0002
2023-07-21,-0.0005,-0.0037,-0.0036,-0.0014,0.0013,0.0002,-0.0079
2023-07-24,0.0031,-0.0003,0.0076,0.0095,-0.0028,0.0002,-0.0048
2023-07-25,0.0025,-0.0025,-0.0078,0.0042,-0.0037,0.0002,0.0093
2023-07-26,0.0001,0.0087,0.0102,-0.0034,0.0063,0.0002,-0.0161
2023-07-27,-0.0074,-0.0081999999999999,0.0028,0.0038,0.0013,0.0002,0.0095
2023-07-28,0.0113,0.0044,-0.0034,-0.0072,-0.0037,0.0002,0.0052
2023-07-31,0.0025,0.01,-0.0009,-0.0095,0.0006,0.0002,-0.0005
2023-08-01,-0.0034,-0.0011,0.0031,0.002,-0.0028,0.0002,0.0062
2023-08-02,-0.0149,-0.0005,0.0056999999999999,0.0067,0.0067,0.0002,-0.0028
2023-08-03,-0.0019,0.0002,0.0008,0.0031,-0.0034999999999999,0.0002,0.0015
2023-08-04,-0.0048,0.0007,0.0076,-0.0018,-0.0066,0.0002,-0.0043
2023-08-07,0.0077,-0.0109,0.006,0.0063,-0.0007,0.0002,0.004
2023-08-08,-0.0046999999999999,0.001,0.0015,0.0046999999999999,0.0002,0.0002,0.0036
2023-08-09,-0.0078,-0.0002,-0.0004,0.0087,0.0003,0.0002,-0.0029
2023-08-10,0.0001,-0.0045,-0.0067,-0.0004,-0.0005,0.0002,-0.0031
2023-08-11,-0.0011,0.0024,0.0045,-0.0021,0.0036,0.0002,-0.0026
2023-08-14,0.0051,-0.0085,-0.0078,0.001,-0.0063,0.0002,0.0113
2023-08-15,-0.0118,-0.0001,-0.0103,0.002,0.0009,0.0002,0.0105
2023-08-16,-0.0081,-0.0048,-0.0014,0.0038,0.0,0.0002,-0.0017
2023-08-17,-0.0087,-0.0018,0.0049,0.005,0.0021,0.0002,-0.0111
2023-08-18,0.0004,0.004,-0.0022,0.0007,-0.0012,0.0002,0.005
2023-08-21,0.0064,-0.0088,-0.0059,0.0019,-0.0087,0.0002,0.0044
2023-08-22,-0.0032,-0.0001,-0.0104,-0.0034,-0.0018,0.0002,0.0045
2023-08-23,0.0108,-0.0022,-0.0012,-0.004,-0.0023,0.0002,0.0073
2023-08-24,-0.0141999999999999,0.0002,0.0062,0.0052,0.0037,0.0002,-0.0028
2023-08-25,0.0065,-0.0024,-0.0056999999999999,-0.0034999999999999,-0.0015,0.0002,-0.005
2023-08-28,0.0063,0.0009,0.0040999999999999,0.0024,0.0005,0.0002,0.0009
2023-08-29,0.015,-0.0008,-0.0012,-0.0005,-0.0040999999999999,0.0002,0.0001
2023-08-30,0.0040999999999999,0.0009,-0.0046,-0.004,-0.0001,0.0002,0.0034
2023-08-31,-0.0008,-0.002,0.0022,0.0004,-0.0021,0.0002,0.0021
2023-09-01,0.0026,0.0085,0.0058,0.0,-0.0022,0.0002,0.0033
2023-09-05,-0.0054,-0.0157,-0.0087,-0.003,-0.0048,0.0002,-0.0040999999999999
2023-09-06,-0.0070999999999999,0.0001,-0.0018,-0.0045,0.001,0.0002,0.0072
2023-09-07,-0.004,-0.0069,0.0002,-0.0019,0.0002,0.0002,0.0014
2023-09-08,0.0012,-0.0051,0.004,0.0029,0.0001,0.0002,0.0009
2023-09-11,0.0066,-0.0046999999999999,-0.0052,-0.0051,-0.0034999999999999,0.0002,-0.005
2023-09-12,-0.0059,0.0021,0.0101,0.0024,0.0016,0.0002,-0.0067
2023-09-13,0.0003,-0.0087,-0.002,0.0028,-0.0036,0.0002,0.0019
2023-09-14,0.0083,0.005,0.0086,0.008,0.0001,0.0002,-0.004
2023-09-15,-0.0121,0.0021,0.0025,-0.0034,0.0045,0.0002,-0.0062
2023-09-18,-0.0004,-0.0081999999999999,-0.0018,0.0018,-0.0004,0.0002,0.0127
2023-09-19,-0.0026,-0.0011,0.0,0.0032,0.0029,0.0002,-0.0008
2023-09-20,-0.0095,-0.0005,0.0027,0.0028,0.0049,0.0002,-0.0039
2023-09-21,-0.0168,0.0034,0.0038,0.0056999999999999,0.0009,0.0002,0.0005
2023-09-22,-0.0025,-0.001,-0.005,0.0019,-0.0015,0.0002,0.0068
2023-09-25,0.0039,-0.0006,0.0032,0.0056999999999999,-0.0046999999999999,0.0002,0.0013
2023-09-26,-0.0146,0.0036,-0.005,-0.0034,-0.0008,0.0002,0.0039
2023-09-27,0.0013,0.0078,0.001,0.0018,-0.0027,0.0002,0.0115
2023-09-28,0.0065,0.002,0.0003,0.0040999999999999,-0.0003,0.0002,0.0026
2023-09-29,-0.0027,-0.0002,0.0032,-0.0017,-0.0012,0.0002,-0.0093
2023-10-02,-0.0014,-0.0128,-0.0105,0.0088,-0.0053,0.0002,0.0132
2023-10-03,-0.0149,-0.0026,-0.0014,0.0029,0.0012,0.0002,-0.0076
2023-10-04,0.0077,-0.0053,-0.0037,-0.0039,-0.0032,0.0002,0.0093
2023-10-05,-0.0015,0.0029,0.001,-0.0045,-0.0014,0.0002,-0.0015
2023-10-06,0.0121,-0.0044,-0.0056,-0.0032,-0.0053,0.0002,0.0069999999999999
2023-10-09,0.0059,-0.0016,0.0025,0.0084,-0.0037,0.0002,0.0008
2023-10-10,0.006,0.0033,0.0063,-0.0024,0.002,0.0002,-0.006
2023-10-11,0.0033,-0.0065,0.0038,0.0062,-0.0024,0.0002,0.0062
2023-10-12,-0.0081,-0.0149,0.0011,0.012,-0.0023,0.0002,0.0025
2023-10-13,-0.0059,-0.0034,0.0006,0.0009,0.004,0.0002,-0.0075
2023-10-16,0.0113,0.0056999999999999,-0.0009,-0.0034,0.0002,0.0002,-0.0028
2023-10-17,0.0009,0.0104,0.0069999999999999,-0.0009,0.0034,0.0002,-0.006
2023-10-18,-0.0146,-0.006,-0.0018,0.0087,0.0045,0.0002,0.0024
2023-10-19,-0.0092,-0.0054,-0.0022,-0.0005,-0.0003,0.0002,-0.0009
2023-10-20,-0.0132,0.0008,-0.0015,0.0019,0.0039,0.0002,0.0042
2023-10-23,-0.0023,-0.0058,-0.0078,0.0017,-0.0042,0.0002,0.0087
2023-10-24,0.0074,0.0008,-0.0058,-0.0098,0.0019,0.0002,0.006
2023-10-25,-0.0157,-0.0002,0.0086,0.0149,0.0017,0.0002,-0.0072
2023-10-26,-0.0113999999999999,0.0118999999999999,0.0168,-0.0073,0.0045,0.0002,-0.0139
2023-10-27,-0.0052,-0.0059,-0.0059,0.0046,-0.009,0.0002,0.0153
2023-10-30,0.0115,-0.0033,0.0029,-0.0018,0.0017,0.0002,0.0013
2023-10-31,0.0063,0.0006,-0.0006,-0.0081,0.0004,0.0002,-0.0058
2023-11-01,0.0093,-0.0069999999999999,-0.0002,0.0016,-0.0070999999999999,0.0002,0.0174
2023-11-02,0.0194,0.0072,0.0163,-0.0022,0.0056,0.0002,-0.0121
2023-11-03,0.011,0.0173,0.0060999999999999,-0.0118,0.0017,0.0002,-0.0102
2023-11-06,0.0001,-0.0124,-0.0064,0.0084,-0.0023,0.0002,0.0105
2023-11-07,0.0034999999999999,-0.004,-0.0121999999999999,-0.0125,-0.0007,0.0002,0.0076
2023-11-08,-0.0003,-0.0101,-0.0046,0.0040999999999999,0.0004,0.0002,0.0106
2023-11-09,-0.0089,-0.0101,0.0049,0.0053,-0.003,0.0002,0.01
2023-11-10,0.0149,-0.0062,-0.0044,0.0073,-0.0034999999999999,0.0002,0.0121999999999999
2023-11-13,-0.0005,0.0006,-0.0026,-0.003,-0.0018,0.0002,0.0021
2023-11-14,0.0218,0.0323,0.0118999999999999,-0.0097,-0.0022,0.0002,-0.0200999999999999
2023-11-15,0.0018,0.0013,0.0049,-0.0012,0.0049,0.0002,-0.0163
2023-11-16,-0.0011,-0.0149,-0.003,-0.0048,-0.0043,0.0002,0.0091
2023-11-17,0.0025,0.0121999999999999,0.0063,0.0002,0.0034999999999999,0.0002,-0.0054
2023-11-20,0.0073,-0.0011,-0.0029,-0.0029,-0.003,0.0002,0.0056
2023-11-21,-0.0032,-0.0095,-0.006,0.0042,-0.0004,0.0002,0.0069999999999999
2023-11-22,0.0046999999999999,0.0019,-0.0004,-0.0037,0.0001,0.0002,-0.0019
2023-11-24,0.0011,0.0062,0.0018,-0.005,0.0024,0.0002,-0.0031
2023-11-27,-0.0023,-0.0013,-0.0009,0.0012,-0.0025,0.0002,0.0077
2023-11-28,0.0005,-0.003,0.0004,-0.0015,0.0001,0.0002,-0.0058
2023-11-29,0.0001,0.0058,0.0069,-0.0076,-0.0005,0.0002,-0.0093999999999999
2023-11-30,0.0034999999999999,-0.0042,0.0001,-0.0013,0.0017,0.0002,0.0017
2023-12-01,0.0081,0.0223,0.0107,-0.0036,0.0059,0.0002,-0.0161
2023-12-04,-0.0044,0.0149,0.0051,-0.0042,0.0074,0.0002,-0.0070999999999999
2023-12-05,-0.0021,-0.0105,-0.0083,0.002,-0.0045,0.0002,0.0123
2023-12-06,-0.004,0.0036,0.0032,-0.0023,0.0027,0.0002,-0.0137
2023-12-07,0.0081,0.001,0.0046999999999999,0.0008,-0.0019,0.0002,-0.0009
2023-12-08,0.0044,0.0015,0.0052,-0.0012,-0.0015,0.0002,0.0062
2023-12-11,0.0036,-0.0044,-0.0012,0.0003,0.0069999999999999,0.0002,-0.0008
2023-12-12,0.0034,-0.0064,-0.0088,-0.0038,-0.0024,0.0002,0.006
2023-12-13,0.0154,0.0192,0.0135,-0.0096,0.0019,0.0002,-0.0208
2023-12-14,0.005,0.0183,0.0203,0.0005,0.0039,0.0002,-0.0161
2023-12-15,-0.0006,-0.0059,-0.0056999999999999,0.0012,-0.0038,0.0002,0.0092
2023-12-18,0.0042,-0.0051,-0.0036,0.0034,-0.0027,0.0002,0.0102
2023-12-19,0.0072,0.015,0.0069,-0.0039,0.0004,0.0002,-0.005
2023-12-20,-0.0155,-0.0034,0.0013,0.0075,0.0004,0.0002,0.0059
2023-12-21,0.0109,0.0074,-0.0004,-0.006,-0.0016,0.0002,-0.0021
2023-12-22,0.002,0.0060999999999999,0.001,-0.0064,0.0021,0.0002,-0.0048
2023-12-26,0.0048,0.0081999999999999,0.0044,-0.0032,-0.0015,0.0002,-0.0021
2023-12-27,0.0016,0.0016,0.0011,-0.0032,-0.0015,0.0002,0.0011
2023-12-28,-0.0001,-0.0038,0.0004,-0.0032,0.0015,0.0002,-0.0046999999999999
2023-12-29,-0.0043,-0.0113,-0.0037,0.0067,-0.0009,0.0002,0.0008
2024-01-02,-0.0069999999999999,-0.0025,0.0079,0.0067,0.0059,0.0002,-0.0210999999999999
2024-01-03,-0.0101,-0.0192,-0.001,0.0036,-0.0021,0.0002,0.0059
2024-01-04,-0.0033,0.0024,0.0009,-0.0044,0.0021,0.0002,-0.003
2024-01-05,0.0015,-0.006,0.0063,0.0009,-0.0018,0.0002,-0.0025
2024-01-08,0.0149,0.0055,-0.0127,-0.0097,-0.004,0.0002,0.009
2024-01-09,-0.0021,-0.0075,-0.0089,-0.003,-0.0015,0.0002,0.0098
2024-01-10,0.0051,-0.003,-0.0044,0.0024,-0.0018,0.0002,0.0095
2024-01-11,-0.0014,-0.0066,-0.0051,0.0045,-0.0012,0.0002,0.0098
2024-01-12,-0.0001,-0.0022,-0.0048,0.0011,-0.0023,0.0002,0.0064
2024-01-16,-0.0046999999999999,-0.0088,-0.0060999999999999,0.0016,-0.0026,0.0002,0.0113999999999999
2024-01-17,-0.0059,-0.0016,-0.0024,0.0026,-0.0024,0.0002,0.0059
2024-01-18,0.0087,-0.0027,-0.0034999999999999,0.0069999999999999,-0.0017,0.0002,0.0093
2024-01-19,0.0118999999999999,-0.0038,0.0067,-0.0003,-0.0025,0.0002,0.0084
2024-01-22,0.0038,0.0183,0.0058,-0.0044,0.0012,0.0002,-0.0002
2024-01-23,0.0022,-0.0069,-0.0055,-0.0015,0.0025,0.0002,-0.0063
2024-01-24,-0.0001,-0.0077,0.0006,0.0026,-0.0040999999999999,0.0002,0.0056999999999999
2024-01-25,0.0046,0.002,0.0056999999999999,-0.0018,0.0053,0.0002,-0.0027
2024-01-26,-0.0002,0.0034999999999999,-0.0028,0.002,-0.0001,0.0002,-0.0012
2024-01-29,0.0085,0.0089,-0.0058,-0.011,-0.0031,0.0002,0.0033
2024-01-30,-0.0012,-0.0096,0.0085,0.0096,0.0008,0.0002,0.0046
2024-01-31,-0.0174,-0.0089,-0.0029,-0.0021,0.0034999999999999,0.0002,-0.0038
2024-02-01,0.0121999999999999,0.0033,-0.0135,-0.0006,-0.0024,0.0002,0.0032
2024-02-02,0.0098999999999999,-0.0157,-0.0051,-0.0017,-0.0141999999999999,0.0002,0.0166
2024-02-05,-0.0042,-0.0093999999999999,-0.0066,0.0008,-0.0015,0.0002,0.0124
2024-02-06,0.0027,0.0076,-0.0046999999999999,-0.0072,0.0059,0.0002,-0.0143
2024-02-07,0.0077,-0.0103,-0.0060999999999999,0.0063,-0.0081999999999999,0.0002,0.0091
2024-02-08,0.0021,0.0141,0.0002,-0.0053,-0.0018,0.0002,-0.0004
2024-02-09,0.0065,0.0083,-0.0042,-0.0033,-0.0040999999999999,0.0002,0.0088
2024-02-12,0.0004,0.0165,0.0111,-0.0005,0.0044,0.0002,-0.0139999999999999
2024-02-13,-0.016,-0.0253,-0.0065,0.0075,-0.0008,0.0002,0.0116
2024-02-14,0.0113999999999999,0.0137,-0.0022,-0.0155,-0.0017,0.0002,0.0
2024-02-15,0.0067,0.0123,0.0104,-0.0021,0.0025,0.0002,-0.0124
2024-02-16,-0.0053,-0.0066,-0.0018,0.0007,0.0019,0.0002,0.0006
2024-02-20,-0.0073,-0.0070999999999999,0.0033,0.0039,0.0049,0.0002,-0.0044
2024-02-21,-0.0002,-0.0066,0.0014,0.0086,0.0019,0.0002,-0.0031
2024-02-22,0.0202,-0.0156,-0.0129,0.0038,-0.0116999999999999,0.0002,0.0214
2024-02-23,0.0002,0.0032,0.0,0.0007,-0.0011,0.0002,0.0008
2024-02-26,-0.0026,0.0097,-0.0012,-0.0074,-0.0001,0.0002,0.0106
2024-02-27,0.0026,0.0124,-0.0044,-0.011,0.0067,0.0002,-0.0095
2024-02-28,-0.0026,-0.009,-0.0001,-0.0006,0.0051,0.0002,-0.0006
2024-02-29,0.0053,-0.0017,0.0098,0.0028,-0.0074,0.0002,0.0042
2024-03-01,0.0076,0.0,-0.0055,-0.0025,-0.0009,0.0002,0.0072
2024-03-04,-0.0018,-0.0060999999999999,0.0034,-0.0021,0.0022,0.0002,0.0008
2024-03-05,-0.0107,0.0004,0.0116999999999999,0.0093999999999999,0.0053,0.0002,-0.0093999999999999
2024-03-06,0.0053,-0.0026,-0.0003,-0.0109,-0.0003,0.0002,-0.0005
2024-03-07,0.0102,-0.005,0.0003,0.0034,-0.0068,0.0002,0.0005
2024-03-08,-0.0066,0.0062,0.0056999999999999,-0.004,0.0052,0.0002,-0.0077
2024-03-11,-0.002,-0.0062,0.004,0.0046,0.0063,0.0002,-0.0148
2024-03-12,0.0104,-0.0116999999999999,-0.0068,0.0052,-0.0075,0.0002,0.0183
2024-03-13,-0.0014,0.0034,-0.0002,-0.0006,0.0014,0.0002,-0.0001
2024-03-14,-0.0042,-0.0147,-0.0104,0.0106,-0.0005,0.0002,0.0065
2024-03-15,-0.0058,0.0096,0.0079,-0.0012,0.0034999999999999,0.0002,-0.0056
2024-03-18,0.0053,-0.0102,-0.0025,0.0021,-0.0016,0.0002,0.0034
2024-03-19,0.0054,0.0046,-0.0027,0.0044,0.0004,0.0002,0.0051
2024-03-20,0.0102,0.0104,0.0101,-0.0021,-0.0008,0.0002,0.0031
2024-03-21,0.0042,0.0034999999999999,0.0095,0.0023,0.0006,0.0002,0.0059
2024-03-22,-0.0023,-0.0098,-0.0053,0.0029,-0.0036,0.0002,0.0049
2024-03-25,-0.0027,-0.001,0.0086,-0.0021,-0.0015,0.0002,-0.0033
2024-03-26,-0.0026,0.001,-0.0013,-0.005,0.0022,0.0002,0.0008
2024-03-27,0.0088,0.0129,0.0091,-0.002,0.0055,0.0002,-0.0137
2024-03-28,0.0011,0.0046,0.0048,-0.0001,0.0008,0.0002,-0.0043
2024-04-01,-0.0026,-0.009,-0.0028,0.0034999999999999,-0.0032,0.0002,0.0026
2024-04-02,-0.0085,-0.0103,0.0004,0.0029,0.0002,0.0002,0.0026
2024-04-03,0.0017,0.0031,-0.0003,0.0,-0.0018,0.0002,0.0068
2024-04-04,-0.0121999999999999,0.0021,0.0015,-0.0002,0.0005,0.0002,-0.0098999999999999
2024-04-05,0.0106,-0.0052,-0.0068,-0.0036,-0.0058,0.0002,0.0146
2024-04-08,0.0001,0.0054,0.0014,-0.0024,0.0008,0.0002,-0.0060999999999999
2024-04-09,0.0013,0.0031,-0.0032,-0.0015,0.0009,0.0002,-0.0138
2024-04-10,-0.01,-0.0157,-0.0104,0.0033,-0.0045,0.0002,0.0083
2024-04-11,0.0073,0.0005,-0.0062,0.0012,-0.0052,0.0002,0.0129
2024-04-12,-0.0153,-0.0038,0.0011,0.0065,-0.0009,0.0002,-0.0004
2024-04-15,-0.0129,-0.0024,0.0076,0.0081999999999999,0.004,0.0002,-0.0027
2024-04-16,-0.0023,-0.0029,-0.0081999999999999,0.0,-0.0023,0.0002,0.0068
2024-04-17,-0.0064,-0.0037,0.0056,-0.0031,0.0052,0.0002,-0.009
2024-04-18,-0.0027,-0.0009,0.0087,0.0001,0.0025,0.0002,-0.0056999999999999
2024-04-19,-0.0081999999999999,0.0126,0.019,-0.0005,0.0121999999999999,0.0002,-0.0185
2024-04-22,0.0087,-0.0012,0.0054,-0.0024,-0.0004,0.0002,0.0052
2024-04-23,0.0127,0.0055,0.0,-0.0028,-0.0063,0.0002,0.0126
2024-04-24,-0.0001,-0.0029,0.0028,0.0027,-0.0005,0.0002,-0.0060999999999999
2024-04-25,-0.0046999999999999,-0.0039,-0.002,0.0038,-0.001,0.0002,0.0001
2024-04-26,0.0103,0.0021,-0.0107,0.0002,-0.0043,0.0002,0.0118
2024-04-29,0.0033,0.0034,-0.0048,0.0019,-0.001,0.0002,-0.0097
2024-04-30,-0.0167,-0.0027,-0.0025,-0.0059,0.006,0.0002,-0.0055
2024-05-01,-0.0027,0.0095,0.0003,-0.0135,0.0004,0.0002,-0.0026
2024-05-02,0.0101,0.0072,-0.0003,-0.0001,-0.0077,0.0002,0.0043
2024-05-03,0.0118,-0.0005,-0.002,0.0042,-0.0049,0.0002,-0.0025
2024-05-06,0.0108,-0.0002,-0.0006,-0.0025,-0.0068,0.0002,0.0102
2024-05-07,0.0005,0.0001,-0.0059,0.0015,0.0025,0.0002,-0.0016
2024-05-08,-0.0009,-0.0039,0.0058,0.0069999999999999,0.0008,0.0002,-0.0005
2024-05-09,0.0052,0.0052,0.0036,0.0004,0.0005,0.0002,-0.0059
2024-05-10,0.0009,-0.009,0.0001,0.0054,-0.0007,0.0002,0.0029
2024-05-13,-0.0004,0.0026,-0.0026,0.0018,0.0024,0.0002,-0.0115
2024-05-14,0.0056,0.0052,0.0002,-0.0016,-0.0005,0.0002,-0.0028
2024-05-15,0.0115,-0.0046999999999999,-0.0022,-0.0042,-0.0036,0.0002,0.0111
2024-05-16,-0.0025,-0.0021,-0.0001,-0.0002,0.0038,0.0002,-0.0101
2024-05-17,0.0011,-0.0022,0.004,-0.0017,-0.0015,0.0002,0.0032
2024-05-20,0.0014,0.0014,-0.0088,0.0016,-0.0051,0.0002,0.0042
2024-05-21,0.0016,-0.0043,0.0018,0.0039,-0.0037,0.0002,0.0013
2024-05-22,-0.0034999999999999,-0.004,-0.0037,-0.0044,-0.0004,0.0002,-0.0056999999999999
2024-05-23,-0.0084,-0.0069,-0.0064,0.0121,-0.0065,0.0002,0.0192999999999999
2024-05-24,0.0070999999999999,0.0016,0.0015,0.0028,-0.0043,0.0002,0.0026
2024-05-28,-0.0004,0.0013,-0.0087,0.0008,-0.0111,0.0002,0.0055
2024-05-29,-0.0077,-0.0039,-0.0062,0.005,-0.0003,0.0002,0.0024
2024-05-30,-0.0053,0.0136,0.01,0.0029,0.0105,0.0002,-0.0048
2024-05-31,0.0068,-0.0001,0.0078,0.0095,0.0076,0.0002,-0.0065
2024-06-03,0.0005,-0.0031,-0.0056999999999999,0.0039,-0.0044,0.0002,-0.0018
2024-06-04,-0.0006,-0.0128,-0.0076,-0.0022,-0.0007,0.0002,-0.0019
2024-06-05,0.0123,0.0031,-0.0060999999999999,-0.0044,-0.0062,0.0002,0.0115
2024-06-06,-0.0006,-0.0056999999999999,-0.0007,-0.0001,-0.0016,0.0002,-0.0055
2024-06-07,-0.0023,-0.0093999999999999,0.0007,0.0033,0.0012,0.0002,0.0012
2024-06-10,0.0027,-0.0015,-0.0028,-0.0022,-0.0040999999999999,0.0002,0.0089
2024-06-11,0.002,-0.0019,-0.0106,0.0026,-0.0013,0.0002,-0.0019
2024-06-12,0.0093999999999999,0.0072,0.0009,0.001,-0.0026,0.0002,0.0067
2024-06-13,0.0005,-0.0102,-0.0063,0.0102,-0.0005,0.0002,0.0066
2024-06-14,-0.0016,-0.0148,-0.0064,0.0013,0.0006,0.0002,0.0023
2024-06-17,0.0078,-0.0034,0.0052,0.0083,0.0025,0.0002,-0.0011
2024-06-18,0.002,-0.0045,0.0037,0.0026,-0.0011,0.0002,0.0105
2024-06-20,-0.003,-0.0034999999999999,0.0025,-0.0062,0.0029,0.0002,-0.0083
2024-06-21,-0.0013,0.0044,-0.0051,-0.008,0.002,0.0002,-0.0103
2024-06-24,-0.0026,0.0063,0.0109,0.0003,0.0062,0.0002,-0.0079
2024-06-25,0.0031,-0.0081999999999999,-0.0121,0.0008,-0.0121,0.0002,0.0123
2024-06-26,0.0016,-0.0001,-0.0021,0.0044,-0.0027,0.0002,-0.0042
2024-06-27,0.0014,0.0053,-0.0039,-0.0095,-0.0014,0.0002,-0.0021
2024-06-28,-0.0034999999999999,0.0101,0.0127,-0.0017,0.0068,0.0002,0.0034999999999999
2024-07-01,0.0023,-0.0105,-0.0046999999999999,0.0048,-0.0033,0.0002,0.0089
2024-07-02,0.0056999999999999,-0.0046999999999999,0.004,0.0048,-0.0060999999999999,0.0002,-0.0049
2024-07-03,0.0048,-0.0029,-0.0069,-0.0001,0.0058,0.0002,0.0021
2024-07-05,0.0048,-0.008,-0.0143,-0.0034,-0.0103,0.0002,-0.0028
2024-07-08,0.001,0.0053,-0.0019,-0.0032,0.0046999999999999,0.0002,0.003
2024-07-09,0.0,-0.006,0.0051,-0.0048,0.0068,0.0002,0.004
2024-07-10,0.0097,-0.0013,0.004,0.002,0.0018,0.0002,0.0036
2024-07-11,-0.006,0.042,0.0176,-0.0103,-0.001,0.0002,-0.0129
2024-07-12,0.0058,0.0062,-0.0046,-0.0046999999999999,0.0013,0.0002,-0.0073
2024-07-15,0.0038,0.0116,0.006,-0.0024,-0.0036,0.0002,0.0066
2024-07-16,0.0081999999999999,0.0277,0.0134,-0.0060999999999999,0.0005,0.0002,-0.0128
2024-07-17,-0.0149,0.0049,0.0243999999999999,0.0077,-0.0012,0.0002,-0.0187999999999999
2024-07-18,-0.0095,-0.0113999999999999,0.0002,0.0098,0.0038,0.0002,0.0089
2024-07-19,-0.0068,0.0008,-0.0013,-0.0011,-0.0049,0.0002,0.0046
2024-07-22,0.0108,0.0053,-0.0056,-0.0034,0.0068,0.0002,0.0058
2024-07-23,-0.0007,0.0115,0.0,-0.0043,-0.0017,0.0002,0.0070999999999999
2024-07-24,-0.024,0.0004,0.0171,0.0013,0.0004,0.0002,-0.0049
2024-07-25,-0.003,0.0167,0.0067,-0.0014,0.0017,0.0002,-0.0171
2024-07-26,0.011,0.0055,-0.0017,0.0008,0.0013,0.0002,0.0014
2024-07-29,-0.0002,-0.01,-0.0048,0.0064,-0.0023,0.0002,-0.0049
2024-07-30,-0.0049,0.0070999999999999,0.0134,0.0040999999999999,-0.0105,0.0002,-0.0109
2024-07-31,0.0152,-0.0097,-0.0133,0.0051,0.0139999999999999,0.0002,0.01
2024-08-01,-0.0161,-0.0123,-0.0066,0.0088,-0.0093,0.0002,0.0
2024-08-02,-0.0210999999999999,-0.0118999999999999,-0.0077,0.0091,0.0079,0.0002,-0.0139999999999999
2024-08-05,-0.0302,-0.0034,-0.0001,-0.0009,-0.0016,0.0002,-0.0017
2024-08-06,0.01,-0.0003,-0.0056,-0.0011,0.0027,0.0002,0.013
2024-08-07,-0.0083,-0.0046,0.0069999999999999,0.0068,-0.009,0.0002,-0.0016
2024-08-08,0.0237999999999999,0.0009,-0.0081,-0.0055,0.0008,0.0002,0.0086
2024-08-09,0.0043,-0.0076,-0.0034,0.0023,-0.0017,0.0002,0.0144999999999999
2024-08-12,-0.0008,-0.0086,-0.0058,0.0009,0.004,0.0002,0.0125
2024-08-13,0.0169,0.0016,-0.0075,-0.0048,0.0106,0.0002,-0.0033
2024-08-14,0.003,-0.0108,0.0025,0.0013,0.0038,0.0002,0.0075
2024-08-15,0.0177,0.0096,-0.0075,-0.0045,0.0040999999999999,0.0002,0.0005
2024-08-16,0.0022,0.0004,0.0077,-0.0024,0.005,0.0002,0.001
2024-08-19,0.0098,0.0022,-0.0026,-0.0103,0.0046999999999999,0.0002,0.0021
2024-08-20,-0.0031,-0.0074,-0.0065,0.0037,-0.0064,0.0002,0.0007
2024-08-21,0.0051,0.0085,-0.0064,-0.0040999999999999,0.0019,0.0002,0.001
2024-08-22,-0.0096,-0.0024,0.0137,0.0051,-0.0024,0.0002,0.0039
2024-08-23,0.0129,0.019,0.0085,-0.005,0.0070999999999999,0.0002,0.0013
2024-08-26,-0.0034,0.0033,0.0018,0.0014,-0.0005,0.0002,-0.0044
2024-08-27,0.0005,-0.0089,0.0002,0.0028,0.0023,0.0002,0.0053
2024-08-28,-0.0066,-0.0021,0.0113999999999999,0.0056,-0.0018,0.0002,0.0032
2024-08-29,0.0007,0.0066,0.0029,-0.0013,-0.0121,0.0002,-0.0078
2024-08-30,0.0098,-0.0055,0.0005,-0.0018,-0.0013,0.0002,0.0068
2024-09-03,-0.0226,-0.0073,0.0136,0.0062,-0.0081,0.0002,-0.0068
2024-09-04,-0.0022,0.0011,-0.0058,-0.0027,-0.0007,0.0002,-0.002
2024-09-05,-0.0031,-0.0005,-0.0068,-0.0025,0.0002,0.0002,-0.0034999999999999
2024-09-06,-0.0182,-0.0008,0.0018,0.0033,-0.0005,0.0002,-0.0015
2024-09-09,0.0109,-0.0106,-0.0072,-0.0108,0.0037,0.0002,0.0091
2024-09-10,0.004,-0.0028,-0.0083,-0.0008,-0.0016,0.0002,-0.0004
2024-09-11,0.0104,-0.0065,-0.0163999999999999,-0.0018,0.0059,0.0002,0.0086
2024-09-12,0.008,0.0046,-0.005,0.0038,-0.0006,0.0002,0.0055
2024-09-13,0.0069999999999999,0.019,0.0003,-0.0029,0.003,0.0002,-0.002
2024-09-16,0.0016,0.0001,0.0091,0.0037,-0.0044,0.0002,-0.0016
2024-09-17,0.0008,0.0077,0.0055,0.0039,-0.0032,0.0002,-0.004
2024-09-18,-0.0025,0.0026,0.0027,0.0006,-0.0038,0.0002,0.0002
2024-09-19,0.0177,0.0032,-0.002,-0.002,-0.0004,0.0002,0.006
2024-09-20,-0.0026,-0.0078,-0.0063,0.0023,-0.0034,0.0002,0.0069999999999999
2024-09-23,0.0021,-0.0081,-0.001,0.0045,-0.0023,0.0002,-0.0059
2024-09-24,0.0024,-0.0011,-0.0056999999999999,-0.0028,0.0081,0.0002,0.0
2024-09-25,-0.0029,-0.0093,-0.0070999999999999,-0.0005,0.0014,0.0002,0.0098
2024-09-26,0.0043,0.0021,0.0043,-0.0051,0.0055,0.0002,-0.0065
2024-09-27,-0.0009,0.0069999999999999,0.0056999999999999,0.0011,-0.0006,0.0002,-0.0165
2024-09-30,0.0036,-0.0009,0.0014,0.004,-0.0002,0.0002,0.0060999999999999
2024-10-01,-0.0097,-0.0065,-0.0004,0.0079,-0.0059,0.0002,-0.0044
2024-10-02,0.0,-0.0026,-0.0017,-0.0051,0.0040999999999999,0.0002,0.0049
2024-10-03,-0.0023,-0.0066,0.002,0.0045,0.0033,0.0002,0.0081
2024-10-04,0.0103,0.0048,0.0027,-0.0054,-0.0017,0.0002,0.0002
2024-10-07,-0.0097,-0.0019,0.003,0.0007,0.0077,0.0002,0.0003
2024-10-08,0.0087,-0.0075,-0.0111,-0.0032,0.0021,0.0002,0.0147
2024-10-09,0.0069,-0.0046999999999999,0.0018,0.0015,-0.0023,0.0002,0.0006
2024-10-10,-0.002,-0.0038,0.0009,0.0013,0.0016,0.0002,-0.0015
2024-10-11,0.0075,0.0127,0.0076,-0.0098,0.0,0.0002,0.0112
2024-10-14,0.0069999999999999,-0.0011,-0.0031,-0.0011,0.0048,0.0002,0.0058
2024-10-15,-0.0072,0.0098,0.0051,-0.0027,-0.0044,0.0002,0.0021
2024-10-16,0.0052,0.0104,0.0054,-0.0032,0.0066,0.0002,0.0026
2024-10-17,-0.0005,-0.0009,0.0016,0.0029,0.0008,0.0002,-0.0021
2024-10-18,0.0036,-0.0043,-0.0074,-0.0058,0.0015,0.0002,0.0005
2024-10-21,-0.0029,-0.0137,-0.0118999999999999,-0.0017,0.0044,0.0002,0.005
2024-10-22,-0.0011,-0.0026,0.0058,0.0011,-0.0031,0.0002,0.0004
2024-10-23,-0.0097,-0.0002,0.0108,0.0026,-0.0009,0.0002,-0.0032
2024-10-24,0.0029,0.0008,-0.0029,-0.0001,-0.0033,0.0002,0.0
2024-10-25,-0.0008,-0.0027,-0.0081999999999999,0.0007,-0.0031,0.0002,-0.0006
2024-10-28,0.0038,0.0134,0.0064,-0.0059,-0.0009,0.0002,0.0037
2024-10-29,0.0015,-0.0023,-0.0107,-0.003,-0.0014,0.0002,0.0056999999999999
2024-10-30,-0.0032,0.0017,0.0074,0.004,-0.0012,0.0002,-0.0033
2024-10-31,-0.018,-0.0001,0.0059,0.0040999999999999,0.0019,0.0002,-0.0108
2024-11-01,0.0046999999999999,0.0031,-0.0107,-0.0037,0.0014,0.0002,-0.0023
2024-11-04,-0.0027,0.0068,-0.0055,0.0017,0.0036,0.0002,-0.0043
2024-11-05,0.013,0.0066,-0.0012,-0.004,-0.002,0.0002,0.0083
2024-11-06,0.0291,0.0268,0.0359,-0.0007,-0.0102,0.0002,0.0112
2024-11-07,0.0066,-0.0089,-0.0272,-0.0003,0.0026,0.0002,0.0040999999999999
2024-11-08,0.0043,0.0037,-0.005,-0.0034,-0.0074,0.0002,0.0104
2024-11-11,0.0032,0.0113999999999999,0.0086,-0.0087,-0.0074,0.0002,-0.0091
2024-11-12,-0.0038,-0.0135,0.0013,0.0058,0.0048,0.0002,0.0039
2024-11-13,-0.0012,-0.0095,0.0018,0.0037,0.0016,0.0002,-0.0060999999999999
2024-11-14,-0.0070999999999999,-0.0067,0.0072,0.0070999999999999,0.0018,0.0002,0.0017
2024-11-15,-0.0138,-0.0037,0.0166,0.0017,-0.0028,0.0002,-0.0022
2024-11-18,0.0040999999999999,-0.0036,-0.0001,-0.0011,-0.0055,0.0002,-0.0027
2024-11-19,0.0049,0.0026,-0.0161,-0.0093,0.0058,0.0002,0.0131
2024-11-20,0.0004,0.0005,-0.0011,0.0004,-0.0009,0.0002,-0.0025
2024-11-21,0.0065,0.0091,0.0028,-0.0038,0.0065,0.0002,-0.0022
2024-11-22,0.0053,0.0139,0.0043,-0.0068,-0.0065,0.0002,-0.0037
2024-11-25,0.0040999999999999,0.0129,0.0022,0.0006,-0.0046999999999999,0.0002,-0.0129
2024-11-26,0.0042,-0.0107,-0.0068,0.0054,-0.0034,0.0002,0.0121999999999999
2024-11-27,-0.0039,0.0045,0.0049,-0.006,0.0011,0.0002,-0.0081999999999999
2024-11-29,0.0054,-0.0005,-0.0064,-0.0005,0.0032,0.0002,0.0007
2024-12-02,0.0023,0.0018,-0.0066,0.0052,-0.004,0.0002,-0.0065
2024-12-03,0.0004,-0.0078,-0.0055,0.0036,-0.0013,0.0002,0.0091
2024-12-04,0.0069999999999999,-0.0018,-0.0121999999999999,-0.0109,-0.0003,0.0002,0.0060999999999999
2024-12-05,-0.0028,-0.0095,0.0046999999999999,0.0053,-0.0011,0.0002,0.0069999999999999
2024-12-06,0.0034999999999999,0.0038,-0.0105,-0.0107,-0.0070999999999999,0.0002,0.0017
2024-12-09,-0.0073,0.0044,0.0011,0.0069999999999999,-0.0004,0.0002,-0.0279999999999999
2024-12-10,-0.0036,0.001,0.0012,0.0113999999999999,-0.0070999999999999,0.0002,-0.0006
2024-12-11,0.0087,-0.0019,-0.0058,-0.0007,-0.0038,0.0002,0.0136
2024-12-12,-0.0062,-0.0078,0.0043,0.0034999999999999,0.0014,0.0002,-0.0019
2024-12-13,-0.0005,-0.0051,-0.003,0.0032,-0.0031,0.0002,0.0068
2024-12-16,0.0046,0.004,-0.0102,-0.011,-0.0092,0.0002,0.0113999999999999
2024-12-17,-0.0049,-0.0054,-0.0058,0.0008,-0.0006,0.0002,-0.0065
2024-12-18,-0.0317,-0.0127,0.0007,0.0106,0.0076,0.0002,-0.0086
2024-12-19,-0.0012,-0.0025,0.0001,0.0027,0.0017,0.0002,0.0093999999999999
2024-12-20,0.0107,-0.0026,0.0007,-0.012,0.0064,0.0002,0.0019
2024-12-23,0.0060999999999999,-0.0085,-0.002,0.0029,0.0066,0.0002,-0.0007
2024-12-24,0.0111,-0.0012,-0.0005,-0.0011,-0.0036,0.0002,0.0067
2024-12-26,0.0001,0.0106,-0.0018,-0.0042,0.0034999999999999,0.0002,0.0
2024-12-27,-0.0116999999999999,-0.0044,0.0055,0.0039,0.0003,0.0002,-0.0084
2024-12-30,-0.0109,0.0025,0.0074,0.0054,0.0015,0.0002,0.0008
2024-12-31,-0.0046,0.0032,0.0070999999999999,0.0033,0.0002,0.0002,-0.0107
2025-01-02,-0.0016,-0.0002,-0.0029,-0.0064,0.0062,0.0002,0.0049
2025-01-03,0.0134,0.0029,-0.0092,-0.0126,0.0037,0.0002,0.0083
2025-01-06,0.0055,-0.0062,-0.0032,-0.004,0.0055,0.0002,0.0002
2025-01-07,-0.0118,0.0013,0.0081999999999999,0.0021,-0.0106,0.0002,-0.0157
2025-01-08,0.001,-0.0056999999999999,-0.0009,0.0077,0.0,0.0002,0.0075
2025-01-10,-0.0155,-0.0081,-0.0018,0.0116,-0.0051,0.0002,-0.0042
2025-01-13,0.0012,-0.0019,0.0118999999999999,0.0076,-0.0025,0.0002,-0.0093999999999999
2025-01-14,0.0017,0.0078,0.0167,0.0042,-0.0031,0.0002,0.0078
2025-01-15,0.0191,0.0027,0.0014,-0.0058,-0.0027,0.0002,0.0159
2025-01-16,-0.0019,0.0016,0.0018,-0.0039,-0.0027,0.0002,-0.0052
2025-01-17,0.0096,-0.0058,0.0012,-0.0016,0.0009,0.0002,0.008
2025-01-21,0.0096,0.0097,-0.0101,-0.009,0.0033,0.0002,0.0040999999999999
2025-01-22,0.0054,-0.0098,-0.0121,0.0005,0.0037,0.0002,0.0073
2025-01-23,0.0048,-0.0002,-0.0027,-0.0043,0.0029,0.0002,-0.005
2025-01-24,-0.0027,0.0006,0.0068,0.0005,-0.006,0.0002,0.0002
2025-01-27,-0.0149,0.003,0.0245,-0.0014,-0.0173,0.0002,-0.0329
2025-01-28,0.0092,-0.0053,-0.0163999999999999,-0.0058,0.0049,0.0002,0.0187
2025-01-29,-0.0042,0.0023,0.0052,0.0040999999999999,-0.0052,0.0002,0.0019
2025-01-30,0.0058,0.0034999999999999,-0.0001,-0.0029,0.0008,0.0002,0.0060999999999999
2025-01-31,-0.0053,-0.0038,-0.0018,-0.0039,-0.0069,0.0002,0.005
2025-02-03,-0.0081999999999999,-0.0069,-0.0025,-0.0022,-0.0040999999999999,0.0002,0.0021
2025-02-04,0.0077,0.0079,-0.0013,-0.0032,-0.0033,0.0002,0.0048
2025-02-05,0.0039,0.0049,0.003,-0.0038,0.0129,0.0002,0.0033
2025-02-06,0.0029,-0.0055,0.0058,0.0033,0.0034999999999999,0.0002,0.011
2025-02-07,-0.0098,-0.0039,0.0001,-0.006,0.0015,0.0002,0.0001
2025-02-10,0.0066,-0.001,-0.0109,-0.0009,0.0028,0.0002,-0.0036
2025-02-11,-0.0014,-0.0044,0.0126,0.0149,0.0018,0.0002,-0.0066
2025-02-12,-0.0031,-0.0066,-0.0060999999999999,-0.0093999999999999,0.0004,0.0002,0.0009
2025-02-13,0.011,0.0021,-0.0011,-0.0033,0.0037,0.0002,0.0036
2025-02-14,0.0002,-0.0018,0.0048,-0.0013,0.0075,0.0002,0.0005
2025-02-18,0.0025,-0.0006,0.0023,-0.0049,0.0017,0.0002,-0.0073
2025-02-19,0.0009,-0.006,-0.0008,0.0046999999999999,0.0018,0.0002,-0.0033
2025-02-20,-0.0060999999999999,-0.0053,-0.0017,0.0056,0.0044,0.0002,-0.0121999999999999
2025-02-21,-0.019,-0.0086,0.0072,0.0059,0.0007,0.0002,-0.0134
2025-02-24,-0.0056999999999999,-0.0051,0.0118,0.0078,-0.0009,0.0002,-0.0121
2025-02-25,-0.0058,0.0015,0.0067,0.0149,-0.0015,0.0002,-0.0049
2025-02-26,0.0002,-0.001,-0.0031,-0.0097,0.0053,0.0002,0.0139
2025-02-27,-0.0165,-0.0022,0.0214,0.0028,-0.0098,0.0002,-0.0069
2025-02-28,0.0159,-0.0081,0.0013,-0.0046999999999999,0.0034999999999999,0.0002,0.0144999999999999
2025-03-03,-0.0192,-0.0093,0.0104,0.0043,-0.0087,0.0002,-0.0026
2025-03-04,-0.0127,0.0034999999999999,-0.0209,-0.0022,0.0024,0.0002,-0.0079
2025-03-05,0.0116,0.0015,-0.0081999999999999,-0.0070999999999999,-0.0023,0.0002,-0.0032
2025-03-06,-0.0192,0.0040999999999999,0.009,0.0154,-0.0013,0.0002,-0.0264
2025-03-07,0.0046999999999999,-0.0008,-0.0036,0.0056,0.0072,0.0002,-0.0111
2025-03-10,-0.0289999999999999,-0.0019,0.0064,0.0158,0.003,0.0002,-0.0218
2025-03-11,-0.0063,0.008,-0.0011,-0.0118,-0.0044,0.0002,0.016
2025-03-12,0.0051,-0.0042,-0.0028,-0.0141,0.0052,0.0002,0.0196
2025-03-13,-0.0149,-0.0065,0.0139,0.0008,0.0069999999999999,0.0002,-0.0037
2025-03-14,0.0220999999999999,0.0021,0.0011,-0.0072,0.001,0.0002,0.008
2025-03-17,0.0072,0.0032,0.0015,-0.0055,0.0004,0.0002,-0.0081
2025-03-18,-0.0113,0.001,0.0101,0.0037,-0.0017,0.0002,-0.0074
2025-03-19,0.012,0.0045,-0.0038,-0.0002,-0.0043,0.0002,0.0141
2025-03-20,-0.0024,-0.0040999999999999,0.0024,-0.0013,0.0019,0.0002,0.0022
2025-03-21,0.0008,-0.0045,-0.0070999999999999,-0.0007,-0.003,0.0002,0.0063
2025-03-24,0.0192999999999999,0.0056,-0.0039,-0.0055,-0.0040999999999999,0.0002,0.0077
2025-03-25,0.0012,-0.0089,0.0005,0.0016,-0.0068,0.0002,0.0087
2025-03-26,-0.0121999999999999,0.0009,0.015,0.0111,-0.0013,0.0002,-0.0098999999999999
2025-03-27,-0.0042,0.0023,0.003,0.0029,-0.0014,0.0002,-0.0048
2025-03-28,-0.0207,-0.0032,0.0039,0.0036,0.0074,0.0002,0.0023
2025-03-31,0.0039,-0.0085,0.0036,0.0118,-0.0011,0.0002,0.0069
2025-04-01,0.004,-0.0043,0.0004,0.0067,-0.0038,0.0002,0.0075
2025-04-02,0.0081,0.0081999999999999,-0.0012,-0.006,-0.0040999999999999,0.0002,-0.0033
2025-04-03,-0.0513,-0.0163,-0.005,0.0004,-0.0058,0.0002,0.016
2025-04-04,-0.0592,0.0197999999999999,-0.0026,0.0128,-0.0018,0.0002,-0.0034
2025-04-07,-0.0023,-0.0073,-0.0022,-0.0065,0.0018,0.0002,0.0081999999999999
2025-04-08,-0.0167,-0.0118999999999999,0.0095,0.0016,-0.003,0.0002,0.0207
2025-04-09,0.0965,-0.0067,-0.03,-0.0066,0.0056,0.0002,-0.021
2025-04-10,-0.0354,-0.0072,-0.0014,0.0063,-0.0053,0.0002,0.0155
2025-04-11,0.0176,-0.0037,-0.0096,-0.0007,0.0002,0.0002,-0.0034
2025-04-14,0.0079,0.0017,0.0036,-0.0064,0.0009,0.0002,0.0046999999999999
2025-04-15,-0.0014,0.0012,0.0045,-0.0087,0.0038,0.0002,0.0138
2025-04-16,-0.0222,0.0112,0.0129,0.0006,-0.0068,0.0002,-0.0027
2025-04-17,0.0022,0.0058,0.0075,0.0052,-0.0028,0.0002,-0.0088
2025-04-21,-0.024,0.0019,0.0067,-0.0014,0.0013,0.0002,-0.012
2025-04-22,0.0256,0.0014,0.0025,-0.0026,-0.0025,0.0002,0.0046999999999999
2025-04-23,0.0175,-0.0014,-0.0065,-0.0109,0.0004,0.0002,0.0087
2025-04-24,0.0214,-0.0001,-0.009,-0.0118999999999999,0.0007,0.0002,-0.0032
2025-04-25,0.0064,-0.0046999999999999,-0.0113,0.0001,-0.0015,0.0002,0.0046
2025-04-28,0.0008,0.0032,0.0013,-0.0003,-0.0017,0.0002,0.0012
2025-04-29,0.0058,-0.0006,-0.0003,-0.0032,-0.0013,0.0002,0.0056999999999999
2025-04-30,0.0003,-0.0086,-0.006,-0.0003,0.0009,0.0002,0.0013
2025-05-01,0.0059,0.0025,-0.0031,0.0081999999999999,-0.0034,0.0002,0.0059
2025-05-02,0.0156,0.0072,0.003,-0.002,0.0002,0.0002,-0.0015
2025-05-05,-0.0066,-0.0015,-0.005,0.003,0.0008,0.0002,0.0037
2025-05-06,-0.0081,-0.0034,0.0060999999999999,0.0138,0.002,0.0002,0.0084
2025-05-07,0.004,-0.0034999999999999,-0.0007,-0.0036,0.0056999999999999,0.0002,-0.0034999999999999
2025-05-08,0.0074,0.0143,-0.0006,-0.0093999999999999,0.0006,0.0002,-0.0159
2025-05-09,-0.0009,-0.0015,0.0056,0.0040999999999999,-0.0034,0.0002,-0.0029
2025-05-12,0.0336,0.003,-0.0139999999999999,0.0022,0.0014,0.0002,-0.0326
2025-05-13,0.0079,-0.003,-0.0012,-0.0025,0.0056,0.0002,0.0019
2025-05-14,0.0008,-0.0081999999999999,-0.0088,0.001,0.0026,0.0002,0.0101
2025-05-15,0.003,0.0015,0.0043,0.0031,0.0068,0.0002,0.0044
2025-05-16,0.0074,0.0003,-0.0043,-0.0049,-0.0002,0.0002,-0.0007
2025-05-19,0.0001,-0.0049,-0.0003,0.0016,0.0,0.0002,0.0070999999999999
2025-05-20,-0.0037,0.004,-0.0012,-0.0046,0.0001,0.0002,-0.0029
2025-05-21,-0.0173,-0.0106,-0.0029,0.0072,-0.0045,0.0002,0.0137
2025-05-22,-0.0001,0.0015,-0.0040999999999999,-0.0033,0.0034,0.0002,-0.0032
2025-05-23,-0.0067,0.0008,0.0037,-0.0033,-0.0002,0.0002,0.0098
2025-05-27,0.0207,0.0046,-0.0026,0.0012,0.0038,0.0002,-0.0049
2025-05-28,-0.0062,-0.0043,-0.0024,-0.0022,0.0025,0.0002,0.0038
2025-05-29,0.0033,-0.0011,0.0032,0.0011,0.0070999999999999,0.0002,-0.0025
2025-05-30,-0.0002,-0.0038,-0.0018,0.0012,-0.0076,0.0002,0.0135
2025-06-02,0.0038,-0.004,-0.0060999999999999,-0.0052,0.0006,0.0002,0.0026
2025-06-03,0.0066,0.0092,-0.0026,-0.0028,0.0043,0.0002,-0.0165
2025-06-04,-0.0002,-0.0001,-0.0124,-0.0027,0.0022,0.0002,-0.0046999999999999
2025-06-05,-0.0051,0.0046999999999999,0.001,0.0009,-0.0009,0.0002,0.0016
2025-06-06,0.0107,0.0060999999999999,0.0007,-0.0043,0.0003,0.0002,-0.0027
2025-06-09,0.0011,0.0048,-0.0008,-0.0049,-0.0006,0.0002,-0.0124
2025-06-10,0.005,-0.0011,0.0029,0.003,-0.0005,0.0002,-0.015
2025-06-11,-0.0032,-0.0022,0.0021,-0.0019,-0.0004,0.0002,0.0055
2025-06-12,0.003,-0.0075,-0.0002,0.0054,-0.0021,0.0002,0.0024
2025-06-13,-0.0115,-0.0098999999999999,0.0013,0.0026,-0.0086,0.0002,0.0002
2025-06-16,0.0097,0.0043,-0.0034,-0.0054,0.0015,0.0002,0.0007
2025-06-17,-0.0088,-0.0026,-0.0006,0.0043,-0.004,0.0002,0.0060999999999999
2025-06-18,0.0003,0.0034999999999999,0.0039,-0.0059,0.0039,0.0002,0.0025
2025-06-20,-0.0022,-0.0004,0.0043,0.0,0.0039,0.0002,0.0028
2025-06-23,0.0093,0.0042,-0.0014,-0.0011,-0.001,0.0002,0.0129
2025-06-24,0.0116999999999999,0.0024,-0.0046999999999999,-0.0107,0.003,0.0002,-0.0038
2025-06-25,-0.0007,-0.0116999999999999,-0.0005,-0.0014,0.0086,0.0002,-0.0048
2025-06-26,0.0088,0.0076,0.0033,-0.0038,-0.0003,0.0002,0.0017
2025-06-27,0.0046,-0.0028,-0.0001,0.0069999999999999,0.0015,0.0002,0.0045
2025-06-30,0.0049,-0.0048,-0.0003,-0.0034999999999999,0.0018,0.0002,0.0046
2025-07-01,-0.001,0.0146,0.0233999999999999,0.0087,0.0154,0.0002,-0.0268
2025-07-02,0.0056,0.0115,-0.0006,-0.001,-0.0012,0.0002,-0.0084
2025-07-03,0.0088,0.0012,-0.0033,-0.004,-0.0033,0.0002,0.0068
2025-07-07,-0.0084,-0.008,-0.0023,0.0008,0.0009,0.0002,0.0098
2025-07-08,-0.0008,0.0103,0.0038,-0.003,0.0031,0.0002,-0.0241
2025-07-09,0.0063,0.0048,-0.0081,-0.0062,-0.0058,0.0002,0.0016
2025-07-10,0.0025,0.0025,0.0065,0.0054,0.0069999999999999,0.0002,-0.0103
2025-07-11,-0.0044,-0.0097,0.0034,0.0046999999999999,-0.0046,0.0002,-0.0005
2025-07-14,0.0021,0.0021,-0.0036,-0.0081,-0.0040999999999999,0.0002,0.0163999999999999
2025-07-15,-0.0052,-0.0134,-0.015,0.0016,-0.0046,0.0002,0.0081999999999999
2025-07-16,0.0038,0.0049,-0.0043,-0.0081,-0.0018,0.0002,0.0031
2025-07-17,0.0059,0.0067,0.0016,-0.0039,-0.0013,0.0002,-0.003
2025-07-18,-0.0002,-0.0081,0.003,-0.0009,0.0006,0.0002,0.0098999999999999
2025-07-21,0.0005,-0.0012,0.0024,0.0022,0.0002,0.0002,-0.002
2025-07-22,0.0008,0.0101,0.0112,0.0013,0.0089,0.0002,-0.0302
2025-07-23,0.0077,0.0081999999999999,-0.0042,0.0008,-0.0007,0.0002,-0.0046
2025-07-24,-0.0003,-0.0141,-0.0067,0.0025,-0.0067,0.0002,0.006
2025-07-25,0.004,-0.0013,-0.0006,-0.0008,0.0015,0.0002,-0.0007
2025-07-28,0.0004,-0.0003,-0.0039,0.003,-0.0056999999999999,0.0002,0.0017
2025-07-29,-0.0037,-0.0092,0.0007,0.0021,-0.0003,0.0002,0.0063
2025-07-30,-0.0011,-0.0073,-0.0085,-0.0040999999999999,-0.0086,0.0002,0.0151
2025-07-31,-0.0034,-0.0042,-0.0077,0.0042,-0.0081999999999999,0.0002,0.0241
2025-08-01,-0.0174,-0.0054,-0.0003,0.0011,0.003,0.0002,-0.0029
2025-08-04,0.0153,0.0064,-0.0103,-0.0040999999999999,-0.0031,0.0002,0.0067
2025-08-05,-0.0042,0.0081999999999999,0.0058,-0.0033,0.0016,0.0002,-0.0062
2025-08-06,0.0070999999999999,-0.0049,-0.0063,0.0044,-0.0060999999999999,0.0002,0.0141999999999999
2025-08-07,-0.0014,-0.0037,0.002,0.0007,0.011,0.0002,-0.0056999999999999
2025-08-08,0.0069,-0.004,0.0006,0.009,-0.0028,0.0002,0.0056
2025-08-11,-0.0024,0.0017,0.0001,0.0021,-0.0011,0.0002,0.006
2025-08-12,0.0125,0.0167,0.0085,-0.001,-0.0003,0.0002,-0.0038
2025-08-13,0.0039,0.0185,0.0038,-0.0075,0.0089,0.0002,-0.0263
2025-08-14,-0.0009,-0.0105,0.0055,0.0033,-0.0039,0.0002,0.0022
2025-08-15,-0.0028,-0.0014,-0.0073,-0.0036,0.0018,0.0002,-0.0132
2025-08-18,0.0003,0.0034,0.0002,-0.0016,-0.0002,0.0002,0.001
2025-08-19,-0.0069999999999999,-0.0021,0.0159,0.0109,0.0112,0.0002,-0.0192
2025-08-20,-0.0028,-0.0026,0.0018,-0.0031,0.0014,0.0002,0.0088
2025-08-21,-0.0038,0.004,-0.0016,-0.0034,-0.0016,0.0002,0.001
2025-08-22,0.017,0.0224,0.0116999999999999,-0.0058,0.0017,0.0002,-0.0081
2025-08-25,-0.0048,-0.0051,0.0046,0.0048,-0.0003,0.0002,0.0072
2025-08-26,0.0043,0.0024,0.0011,-0.0046999999999999,-0.0046,0.0002,0.0113999999999999
2025-08-27,0.0024,0.0048,0.0026,0.0008,0.0012,0.0002,-0.0053
2025-08-28,0.0034999999999999,-0.0034999999999999,-0.0051,-0.0060999999999999,-0.0046,0.0002,0.0074
2025-08-29,-0.0068,0.0023,0.0086,0.0004,0.0054,0.0002,-0.012
2025-09-02,-0.0060999999999999,-0.0004,0.001,-0.0012,0.0009,0.0002,-0.0014
2025-09-03,0.0044,-0.0034,-0.0051,0.0051,-0.0031,0.0002,0.006
2025-09-04,0.0087,0.0034,0.0034999999999999,0.0072,0.0002,0.0002,0.0025
2025-09-05,-0.0022,0.0067,-0.0053,-0.0064,0.0024,0.0002,-0.0104
2025-09-08,0.0026,-0.001,-0.0064,-0.004,-0.0012,0.0002,0.0092
2025-09-09,0.0021,-0.0075,-0.0022,-0.0029,-0.0051,0.0002,0.0067
2025-09-10,0.0036,-0.0073,0.003,0.0070999999999999,-0.0053,0.0002,0.013
2025-09-11,0.0087,0.0081,0.0009,-0.0006,0.0072,0.0002,-0.0065
2025-09-12,-0.0016,-0.0111,0.0005,-0.0003,-0.0063,0.0002,0.012
2025-09-15,0.0051,-0.0009,-0.0065,0.001,-0.005,0.0002,0.0103
2025-09-16,-0.0009,0.0,-0.0007,-0.0021,0.0007,0.0002,-0.0081
2025-09-17,-0.001,-0.0015,0.0056999999999999,-0.0044,0.0032,0.0002,0.0016
2025-09-18,0.0060999999999999,0.0146,0.0052,-0.0155,-0.002,0.0002,0.003
2025-09-19,0.0038,-0.0147,-0.0075,0.0011,-0.0036,0.0002,0.0139
2025-09-22,0.0043,0.0048,-0.0116,-0.0004,-0.0055,0.0002,0.0015
2025-09-23,-0.0060999999999999,-0.001,0.0088,-0.0003,0.0036,0.0002,-0.0027
2025-09-24,-0.0034,-0.0017,0.0098,0.0001,-0.0003,0.0002,-0.0062
2025-09-25,-0.0058,-0.0056999999999999,0.0056,0.004,0.0,0.0002,0.0083
2025-09-26,0.006,0.0039,0.0045,-0.0031,-0.0016,0.0002,-0.0054
2025-09-29,0.0025,-0.0031,-0.0075,-0.0089,-0.0034999999999999,0.0002,0.0016
2025-09-30,0.0029,-0.0026,-0.0056999999999999,0.0043,0.0022,0.0002,-0.0066
2025-10-01,0.0033,-0.0004,-0.0007,-0.0012,0.0017,0.0002,-0.0203
2025-10-02,0.001,0.0026,-0.0054,-0.0073,-0.0021,0.0002,-0.0013
2025-10-03,0.0003,0.0069,0.0052,-0.0031,0.0013,0.0002,-0.0108
2025-10-06,0.0039,-0.004,-0.0045,-0.0154,-0.0089,0.0002,0.0046
2025-10-07,-0.0051,-0.0074,0.0012,0.0019,-0.0003,0.0002,0.0008
2025-10-08,0.0066,0.0054,-0.0096,-0.0109,-0.0056999999999999,0.0002,-0.0004
2025-10-09,-0.0029,-0.0022,-0.0042,-0.0053,-0.0067,0.0002,0.003
2025-10-10,-0.0278,-0.0053,-0.0012,0.0072,0.0019,0.0002,0.0009
2025-10-13,0.0163999999999999,0.0055,-0.002,-0.0056,-0.0034999999999999,0.0002,0.0101
2025-10-14,-0.0006,0.0134,0.015,-0.0031,0.0070999999999999,0.0002,-0.004
2025-10-15,0.0042,0.0036,-0.0046,-0.0089,-0.0006,0.0002,0.0017
2025-10-16,-0.0073,-0.0093,-0.0147,0.009,-0.0004,0.0002,-0.0081999999999999
2025-10-17,0.0038,-0.0091,0.0073,0.0055,0.0007,0.0002,-0.0021
2025-10-20,0.011,0.0093,0.0049,-0.0144999999999999,0.0001,0.0002,-0.001
2025-10-21,-0.0001,-0.0021,-0.0004,0.0049,0.0075,0.0002,-0.0129
2025-10-22,-0.0067,-0.0033,0.0046999999999999,0.0116999999999999,0.0008,0.0002,-0.0018
2025-10-23,0.0066,0.0032,-0.0028,-0.0031,0.0016,0.0002,0.0066
2025-10-24,0.0079,0.0025,0.0027,-0.0064,-0.0051,0.0002,0.0095
2025-10-27,0.0118,-0.0081999999999999,-0.0121,-0.0022,-0.0118999999999999,0.0002,0.005
2025-10-28,0.0018,-0.0034,-0.0060999999999999,0.0063,-0.01,0.0002,0.0077
2025-10-29,-0.0009,-0.0098,-0.0081,0.003,-0.0137,0.0002,0.0194
2025-10-30,-0.011,0.0,0.0066,-0.0025,0.0043,0.0002,-0.0003
2025-10-31,0.004,-0.0007,-0.0024,-0.013,0.0018,0.0002,-0.0046
2025-11-03,0.0012,-0.0033,0.0039,0.0019,-0.0056999999999999,0.0002,0.0085
2025-11-04,-0.0126,-0.0058,0.009,0.0113999999999999,0.0072,0.0002,-0.0060999999999999
2025-11-05,0.0042,0.01,-0.0018,-0.0031,0.0089,0.0002,0.0011
2025-11-06,-0.0121,-0.008,0.0143,0.0103,0.005,0.0002,-0.0046999999999999
2025-11-07,0.0013,0.001,0.0073,-0.0012,0.0023,0.0002,-0.0059
2025-11-10,0.0151,-0.0022,-0.0084,-0.006,-0.0107,0.0002,0.0168
2025-11-11,0.0018,0.0019,0.0031,-0.0004,0.006,0.0002,-0.0108
2025-11-12,0.0003,-0.0034999999999999,0.004,-0.0003,0.0025,0.0002,-0.0017
2025-11-13,-0.0179,-0.0028,0.0079,0.0148,0.0063,0.0002,-0.015
2025-11-14,-0.0005,0.0021,-0.0038,-0.0055,-0.01,0.0002,0.0093999999999999
2025-11-17,-0.0103,-0.0093,-0.0086,0.0026,-0.0054,0.0002,0.0098
2025-11-18,-0.0076,0.0070999999999999,0.0097,-0.0053,0.0069999999999999,0.0002,-0.0031
2025-11-19,0.0034,-0.0046,-0.005,0.005,-0.0062,0.0002,0.0118999999999999
2025-11-20,-0.0158,0.0024,0.0043,0.0113,0.0025,0.0002,-0.0127
2025-11-21,0.0103,0.0184,0.0073,0.0005,0.0093999999999999,0.0002,-0.0166
2025-11-24,0.0161,0.0004,-0.0098,-0.0108,-0.0157,0.0002,0.0235
2025-11-25,0.0104,0.0158,0.0004,-0.001,0.0037,0.0002,-0.0101
2025-11-26,0.0069,-0.0001,-0.0009,-0.0034999999999999,-0.0006,0.0002,0.0049
2025-11-28,0.0054,-0.0034999999999999,0.0037,-0.0073,-0.0001,0.0002,0.0017
2025-12-01,-0.0053,-0.0027,0.0049,0.0083,0.0013,0.0002,-0.0085
2025-12-02,0.0021,-0.0049,0.0009,0.0026,0.0007,0.0002,0.0013
2025-12-03,0.0044,0.0131,0.0007,-0.0111,0.0006,0.0002,-0.0104
2025-12-04,0.0014,0.0013,-0.0068,-0.0065,-0.0059,0.0002,0.0064
2025-12-05,0.0018,-0.0037,0.0007,-0.002,-0.0036,0.0002,-0.0026
2025-12-08,-0.0037,0.0025,-0.0002,-0.0072,-0.004,0.0002,0.0069999999999999
2025-12-09,-0.0007,0.0054,0.0022,0.0006,0.0008,0.0002,-0.0016
2025-12-10,0.0068,0.0087,0.0141999999999999,0.0008,0.0069,0.0002,-0.0138
2025-12-11,0.0022,0.006,0.0025,-0.001,0.0006,0.0002,-0.0046
2025-12-12,-0.0111,-0.0013,0.0091,0.0066,0.0076,0.0002,-0.0103
2025-12-15,-0.0026,-0.0065,0.0095,0.0089,0.0051,0.0002,0.0067
2025-12-16,-0.0025,0.0006,-0.0085,-0.0019,-0.0039,0.0002,0.0
2025-12-17,-0.0116,0.0017,0.0132,0.0060999999999999,0.0098999999999999,0.0002,-0.0141999999999999
2025-12-18,0.008,-0.0013,-0.0081999999999999,-0.0037,-0.0042,0.0002,0.0083
2025-12-19,0.009,-0.005,-0.0105,-0.0088,-0.0069999999999999,0.0002,0.0191
2025-12-22,0.0069,0.0009,-0.0023,-0.0072,-0.0031,0.0002,0.0068
2025-12-23,0.0032,-0.0089,-0.002,0.0069999999999999,-0.0040999999999999,0.0002,0.0081999999999999
2025-12-24,0.0029,0.0007,0.0001,-0.0005,0.0023,0.0002,-0.0023
2025-12-26,-0.0006,-0.0022,0.001,0.0056999999999999,0.0023,0.0002,-0.002
2025-12-29,-0.0040999999999999,-0.0015,0.0007,0.0032,0.0003,0.0002,-0.0017
2025-12-30,-0.002,-0.0049,0.0029,0.0036,0.0014,0.0002,-0.003
2025-12-31,-0.0076,0.0006,-0.001,-0.0007,-0.0004,0.0002,0.0016
2026-01-02,0.0025,0.0003,0.0092,-0.0031,0.0042,0.0002,0.0107
2026-01-05,0.0075,0.0046,0.0008,-0.0063,0.0012,0.0002,-0.0037
2026-01-06,0.0063,0.0078,-0.0012,-0.0024,0.0018,0.0002,-0.0060999999999999
2026-01-07,-0.0031,0.0016,-0.0085,-0.0054,-0.0069,0.0002,0.0104
2026-01-08,0.0003,0.012,0.0133,0.0116999999999999,0.0063,0.0002,-0.0144
2026-01-09,0.0067,0.0012,-0.0044,-0.001,-0.002,0.0002,0.0029
2026-01-12,0.0018,0.0024,-0.0069999999999999,-0.0015,-0.0005,0.0002,0.0053
2026-01-13,-0.0021,-0.0013,0.005,-0.0023,0.0033,0.0002,0.0102
2026-01-14,-0.0051,0.0113,0.0048,-0.006,0.005,0.0002,-0.0032
2026-01-15,0.0026,0.0051,0.0063,0.0052,0.0034999999999999,0.0002,0.0049
2026-01-16,-0.0012,-0.0015,-0.0025,-0.0001,-0.0046,0.0002,0.0065
2026-01-20,-0.0204999999999999,0.0040999999999999,0.0048,-0.0064,0.0018,0.0002,0.0028
2026-01-21,0.0118999999999999,0.0103,0.0137,-0.0025,0.0074,0.0002,-0.0036
2026-01-22,0.006,0.0043,-0.0037,-0.0085,-0.0034999999999999,0.0002,-0.0052
2026-01-23,-0.0013,-0.0128,-0.0144999999999999,0.0098,-0.0045,0.0002,-0.0042
2026-01-26,0.004,-0.0069999999999999,-0.0022,0.0066,0.0008,0.0002,0.0046999999999999
2026-01-27,0.0034,-0.001,0.002,-0.0007,-0.005,0.0002,0.0254
2026-01-28,-0.001,-0.0081999999999999,0.0039,0.0017,-0.0043,0.0002,0.0046
2026-01-29,-0.0026,0.0039,0.0139,0.0128,0.0059,0.0002,0.0134
2026-01-30,-0.0055,-0.0048,0.0034999999999999,0.0168,0.0077,0.0002,-0.0113999999999999
2026-02-02,0.0054,0.0074,0.0028,0.0025,0.0031,0.0001,0.0070999999999999
2026-02-03,-0.0077,0.0044,0.0200999999999999,-0.0048,0.0083,0.0001,0.0210999999999999
2026-02-04,-0.0056,0.0007,0.0233,0.0224,0.0237,0.0001,-0.036
2026-02-05,-0.0133,-0.006,0.0093,0.0172,0.0077,0.0001,0.0039
2026-02-06,0.0209,0.0098999999999999,-0.0040999999999999,-0.0144,-0.0004,0.0001,0.0151
2026-02-09,0.0052,-0.0026,-0.0068,-0.0089,-0.005,0.0001,0.0118999999999999
2026-02-10,-0.0036,0.0011,-0.0008,-0.0018,0.0033,0.0001,-0.0085
2026-02-11,-0.0012,-0.0042,0.0056,0.0092,0.0040999999999999,0.0001,0.0086
2026-02-12,-0.0166,-0.0002,0.0016,0.0078,0.0023,0.0001,0.0012
2026-02-13,0.0015,0.0056,0.006,-0.0058,0.0040999999999999,0.0001,-0.0032
2026-02-17,0.0001,-0.0017,-0.0032,0.0012,-0.0023,0.0001,0.001
2026-02-18,0.006,-0.002,-0.0006,-0.0014,0.0016,0.0001,-0.0031
2026-02-19,-0.0024,0.0034999999999999,-0.0032,-0.0054,-0.0021,0.0001,0.0011
2026-02-20,0.0058,-0.0022,0.0026,0.0097,0.0011,0.0001,0.0012
2026-02-23,-0.0118,-0.0049,-0.0132,0.0034,0.0008,0.0001,0.0137
2026-02-24,0.0081999999999999,0.0031,-0.0065,-0.0067,-0.0005,0.0001,0.0032
2026-02-25,0.0079,-0.0043,0.0048,-0.0066,-0.0086,0.0001,0.0039
2026-02-26,-0.0046999999999999,0.0069999999999999,0.0032,-0.0056999999999999,0.0070999999999999,0.0001,-0.019
2026-02-27,-0.0052,-0.0073,-0.0125,0.0037,0.0016,0.0001,-0.0108
2026-03-02,0.0013,0.0055,0.0029,-0.0077,-0.0015,0.0001,0.0109
2026-03-03,-0.0098,-0.0004,-0.0027,0.0113999999999999,-0.0026,0.0001,-0.0166
2026-03-04,0.0081999999999999,0.0016,0.0,-0.0131,-0.0066,0.0001,0.0093
2026-03-05,-0.0065,-0.0098999999999999,-0.004,0.003,-0.0072,0.0001,-0.0157
2026-03-06,-0.0136,-0.0075,-0.001,-0.0007,0.0001,0.0001,-0.0115
2026-03-09,0.0083,-0.0011,-0.0101,-0.0056999999999999,-0.0067,0.0001,0.0176
2026-03-10,-0.0025,-0.0002,0.0015,-0.0009,-0.001,0.0001,0.0197
2026-03-11,-0.0007,-0.0015,0.0004,-0.0034999999999999,-0.0019,0.0001,0.0077
2026-03-12,-0.0161,-0.0031,0.0077,0.0087,0.0014,0.0001,-0.0034
2026-03-13,-0.006,0.0008,0.0022,-0.001,0.0031,0.0001,-0.0076
2026-03-16,0.0098,0.0001,-0.0046,-0.0048,-0.0040999999999999,0.0001,0.0056
2026-03-17,0.0028,0.0019,-0.0006,-0.0038,0.0013,0.0001,-0.0008
2026-03-18,-0.0139999999999999,-0.0043,0.0070999999999999,-0.003,0.002,0.0001,0.0033
2026-03-19,-0.0026,0.0070999999999999,0.0011,-0.0072,0.0014,0.0001,0.004
2026-03-20,-0.0157,-0.0037,0.0088,0.0088,0.004,0.0001,-0.015
2026-03-23,0.0125,0.0124,-0.0024,-0.0025,0.0038,0.0001,0.0098
2026-03-24,-0.0039,0.0044,0.0184,0.0023,0.0104,0.0001,0.0199
2026-03-25,0.0063,0.0065,0.0006,-0.0098999999999999,-0.0027,0.0001,0.0087
2026-03-26,-0.0173,0.0031,0.0126,0.006,0.009,0.0001,-0.0248
2026-03-27,-0.0174,-0.0014,0.0070999999999999,0.0058,0.0060999999999999,0.0001,0.0045
2026-03-30,-0.0044,-0.0060999999999999,0.0046,0.0092,0.0008,0.0001,-0.0277
2026-03-31,0.0298,0.0036,-0.0168,-0.0143,-0.0111,0.0001,0.0265
2026-04-01,0.0069,-0.0006,0.0005,-0.004,-0.0018,0.0001,0.0163999999999999
2026-04-02,0.0009,0.0045,0.0026,-0.0091,-0.0043,0.0001,-0.0031
2026-04-06,0.0043,0.0013,0.0004,0.0032,0.0001,0.0001,-0.0012
2026-04-07,0.0003,0.0016,0.0031,-0.0007,-0.0072,0.0001,0.0059
2026-04-08,0.0247,0.0001,0.0014,-0.001,0.0018,0.0001,0.0169
2026-04-09,0.0053,0.0040999999999999,0.0051,0.0098,-0.0017,0.0001,0.0109
2026-04-10,-0.0018,-0.0026,-0.0015,0.0023,-0.0043,0.0001,0.0144999999999999
2026-04-13,0.0109,0.002,-0.0075,-0.0089,-0.0016,0.0001,-0.0075
2026-04-14,0.0118999999999999,0.0006,-0.0189,-0.0043,-0.0096,0.0001,0.0095
2026-04-15,0.0081999999999999,-0.0033,-0.0124,-0.0065,-0.008,0.0001,-0.0044
2026-04-16,0.0026,-0.0008,0.0017,-0.0055,0.0028,0.0001,-0.0005
2026-04-17,0.0127,0.0098999999999999,-0.0059,-0.0034999999999999,-0.0004,0.0001,0.0029
2026-04-20,-0.0015,0.0048,0.0009,-0.0042,0.0076,0.0001,-0.0037
2026-04-21,-0.0064,-0.004,0.0027,0.0024,-0.0024,0.0001,0.0034
2026-04-22,0.0095,-0.0017,-0.0112,-0.0026,-0.0113,0.0001,0.0107
2026-04-23,-0.0055,-0.0012,0.0151,0.0077,0.005,0.0001,0.0102
2026-04-24,0.0069999999999999,-0.003,-0.0026,-0.0116,-0.0055,0.0001,0.0075
2026-04-27,0.001,0.0007,0.0062,0.0056,-0.008,0.0001,0.0045
2026-04-28,-0.0056999999999999,-0.0022,0.0089,0.0101,0.0053,0.0001,-0.0159
2026-04-29,-0.0013,-0.013,0.0052,-0.0070999999999999,0.0022,0.0001,0.0046999999999999
2026-04-30,0.0113,0.0078,-0.0069999999999999,-0.0098,0.0055,0.0001,0.0219
2026-05-01,0.0031,0.0028,-0.0044,-0.0108,0.0005,0.0002,-0.0038
2026-05-04,-0.004,-0.0016,-0.0107,-0.0056999999999999,-0.0056,0.0002,0.003
2026-05-05,0.0083,0.0042,0.0092,-0.0049,-0.0017,0.0002,0.015
2026-05-06,0.0139,-0.0063,-0.0037,-0.0116,-0.0011,0.0002,0.0182
2026-05-07,-0.004,-0.0051,-0.0056999999999999,0.0029,-0.0046,0.0002,-0.0245
2026-05-08,0.0076,-0.0042,0.0055,-0.0116,0.0004,0.0002,0.0165
2026-05-11,0.0008,-0.0060999999999999,-0.0028,-0.0118999999999999,-0.0039,0.0002,0.0213
2026-05-12,-0.0022,-0.0063,-0.0013,0.009,-0.0014,0.0002,-0.0021
2026-05-13,0.006,-0.0044,-0.0105,0.0002,-0.0067,0.0002,0.0178
2026-05-14,0.0076,-0.0009,-0.0064,0.0049,-0.0056999999999999,0.0002,0.0034999999999999
2026-05-15,-0.0132,-0.0048,-0.0003,0.0105,0.0029,0.0002,-0.0215
2026-05-18,-0.001,-0.0032,0.0113,0.0081,0.0040999999999999,0.0002,-0.0231
2026-05-19,-0.0070999999999999,-0.0049,0.0056,-0.0055,0.0049,0.0002,-0.0022
2026-05-20,0.0116999999999999,0.0091,0.003,-0.0149,-0.0029,0.0002,0.0083
2026-05-21,0.0012,0.0045,-0.0026,-0.0059,0.0048,0.0002,0.0021
2026-05-22,0.0044,0.0013,0.0021,-0.004,0.0056,0.0002,-0.0053
2026-05-26,0.0065,0.0087,0.0022,-0.0125,-0.0039,0.0002,0.0220999999999999
2026-05-27,0.0002,0.0040999999999999,-0.0039,0.0016,-0.0018,0.0002,-0.0027
2026-05-28,0.0067,-0.0018,-0.0056,-0.011,0.0005,0.0002,-0.0092
2026-05-29,0.0019,-0.0101,-0.003,-0.0062,0.0015,0.0002,-0.0167
2026-06-01,0.0026,-0.0015,-0.0098999999999999,-0.0018,-0.0022,0.0001,-0.0023
2026-06-02,0.0017,-0.0023,0.0136,-0.0026,0.0147,0.0001,0.0286
2026-06-03,-0.0085,-0.0083,0.0062,0.0006,0.0046,0.0001,0.0106
2026-06-04,0.005,0.0091,0.0042,-0.0005,0.0005,0.0001,-0.0027
2026-06-05,-0.0275,0.0004,0.0084,0.0282,0.0085,0.0001,-0.031
2026-06-08,0.0036,0.0013,0.0049,-0.0073,-0.001,0.0001,0.0149
2026-06-09,-0.0028,0.0069999999999999,0.0040999999999999,0.0087,0.0017,0.0001,-0.0093999999999999
2026-06-10,-0.0161,0.0078,0.0102,0.0063,0.0077,0.0001,-0.0067
2026-06-11,0.0181,0.0060999999999999,-0.0006,-0.0216,0.0009,0.0001,0.0262
2026-06-12,0.0044,-0.0001,0.0135,-0.0079,0.0046,0.0001,0.0044
2026-06-15,0.016,-0.0116999999999999,-0.0203,-0.0171,-0.0113999999999999,0.0001,0.0046999999999999
2026-06-16,-0.0062,0.0005,0.0008,0.0147,0.0012,0.0001,-0.0124
2026-06-17,-0.0121,0.0011,-0.0006,-0.0121999999999999,-0.0017,0.0001,0.0206
2026-06-18,0.0111,0.0059,-0.0034999999999999,-0.0106,-0.0039,0.0001,0.0101
2026-06-22,-0.0045,0.0007,0.0155,-0.0139999999999999,0.0052,0.0001,0.0223
2026-06-23,-0.0131,0.0096,0.0053,0.0121999999999999,0.0032,0.0001,-0.026
2026-06-24,-0.0007,0.0078,-0.0016,0.0044,0.006,0.0001,-0.0103
2026-06-25,-0.0013,0.0062,0.0088,-0.0074,0.005,0.0001,0.0162
2026-06-26,0.0015,0.0134,-0.009,0.0040999999999999,0.0004,0.0001,-0.0317
2026-06-29,0.012,-0.0089,-0.0089,-0.0177,-0.0051,0.0001,0.0167
2026-06-30,0.0073,-0.0012,-0.0056999999999999,-0.0113,-0.0051,0.0001,0.0106
2026-07-01,-0.0018,0.0034,0.0043,0.01,0.001,0.0002,-0.0366
2026-07-02,-0.0004,-0.0025,-0.0023,0.0183,0.0113,0.0002,-0.0286
2026-07-06,0.0076,-0.0040999999999999,-0.0087,-0.0069,-0.0055,0.0002,0.0098
2026-07-07,-0.0051,0.0017,0.0004,0.0154,0.0053,0.0002,-0.0134
2026-07-08,-0.0038,-0.0069,-0.0049,0.0048,0.0040999999999999,0.0002,0.0214
2026-07-09,0.0085,0.0031,-0.0036,-0.0109,-0.0026,0.0002,0.0046999999999999
2026-07-10,0.0028,-0.0040999999999999,0.0060999999999999,0.0133,-0.0016,0.0002,-0.0060999999999999
2026-07-13,-0.0078,0.0027,0.0126,0.0124,0.0092,0.0002,-0.0138
2026-07-14,0.0037,-0.0017,-0.0064,-0.0076,-0.0093999999999999,0.0002,0.0177
2026-07-15,0.0042,0.0032,0.0015,0.0108,0.0049,0.0002,-0.0098999999999999
2026-07-16,-0.0052,0.0097,0.0187999999999999,0.0165,0.0155,0.0002,-0.0282
2026-07-17,-0.0103,0.0015,0.0015,-0.0046999999999999,0.009,0.0002,0.0124
2026-07-20,-0.0029,-0.0042,-0.0021,0.0036,-0.0062,0.0002,-0.0067
2026-07-21,0.0087,-0.0021,0.0024,-0.0147,-0.0038,0.0002,0.0306
2026-07-22,-0.0018,-0.0085,0.0118999999999999,0.0065,0.0039,0.0002,0.008
2026-07-23,-0.0137,0.0013,0.0026,0.0103,0.0044,0.0002,0.0055
2026-07-24,-0.0001,0.0013,0.0067,0.0167,0.0118,0.0002,-0.0179
2026-07-27,0.0015,0.0086,-0.0084,0.0037,0.0045,0.0002,-0.0248
2026-07-28,0.0027,0.0076,0.0044,0.0149,0.0053,0.0002,-0.0281
2026-07-29,-0.0152,0.0044,0.0031,0.0113999999999999,0.009,0.0002,-0.0197
2026-07-30,0.0159,-0.0113999999999999,-0.0135,-0.0223,-0.0187999999999999,0.0002,0.0210999999999999
2026-07-31,0.0068,-0.0038,-0.006,0.011,-0.0289999999999999,0.0002,-0.0086
2026-08-03,0.0155,0.0077,-0.0116999999999999,-0.0040999999999999,-0.0173,0.0001,-0.0163999999999999
2026-08-04,0.018,0.002,-0.012,-0.0155,-0.0017,0.0001,0.0095
2026-08-05,-0.0024,-0.0033,-0.0031,0.0036,-0.0016,0.0001,-0.0034
2026-08-06,-0.0018,-0.0039,-0.0027,-0.003,-0.0014,0.0001,-0.0031
2026-08-07,0.0074,0.0027,-0.0074,-0.0149,-0.0005,0.0001,-0.0063
2026-08-10,-0.0003,-0.0067,0.003,-0.0001,-0.0046,0.0001,-0.0019
2026-08-11,-0.0031,0.0056,0.0040999999999999,-0.0072,-0.0034,0.0001,-0.0056
2026-08-12,0.0025,-0.0007,0.0031,-0.0008,-0.0026,0.0001,0.0184
2026-08-13,0.0058,0.0006,-0.0006,0.0002,-0.0002,0.0001,-0.0144
2026-08-14,-0.0021,0.0019,0.0064,-0.0060999999999999,-0.0002,0.0001,0.0106
2026-08-17,-0.0055,-0.0027,0.0009,-0.0019,0.0008,0.0001,0.0243999999999999
2026-08-18,-0.0066,-0.0011,-0.0014,0.0087,0.0084,0.0001,-0.0098
2026-08-19,0.0029,0.0034999999999999,-0.0044,-0.0028,0.0069,0.0001,-0.0235
2026-08-20,-0.0098999999999999,-0.002,0.0039,0.0037,0.0004,0.0001,-0.0021
2026-08-21,0.0053,0.0038,-0.0015,-0.0025,-0.0032,0.0001,-0.0027
2026-08-24,-0.0032,-0.0028,0.0019,0.0107,0.0026,0.0001,-0.0083
2026-08-25,0.0031,0.0,-0.0033,-0.0088,-0.003,0.0001,-0.0006
2026-08-26,-0.0006,-0.0013,0.002,0.0026,0.0046,0.0001,0.0021
2026-08-27,0.0072,-0.0017,-0.0113999999999999,-0.0078,-0.0089,0.0001,-0.0023
2026-08-28,-0.0034,-0.0037,0.0028,0.0166,0.0049,0.0001,-0.0147
2026-08-31,-0.0033,-0.0029,-0.0039,-0.0109,0.0003,0.0001,-0.0014
