ticker,cik,entity_name,fiscal_year,period_end_date,filed,accn,form,revenue,cogs,gross_profit,sga_expense,ebit,ebitda,interest_expense,pretax_income,tax_expense,net_income,eps_basic,eps_diluted,shares_basic,shares_diluted,cash_and_equivalents,total_current_assets,total_assets,short_term_debt,long_term_debt,total_current_liabilities,total_liabilities,total_equity,cfo,capex,cfi,cff,dividends_paid
AAPL,320193,Apple Inc.,2007,2007-09-29,2009-10-27,0001193125-09-214859,10-K,24006000000,15852000000,8154000000,2963000000,4409000000,4726000000,,5008000000,1512000000,3496000000,4.04,3.93,864595000,889292000,9352000000,,,,,,,14532000000,5470000000,735000000,-3249000000,739000000,
AAPL,320193,Apple Inc.,2008,2008-09-27,2009-10-27,0001193125-09-214859,10-K,32479000000,21334000000,11145000000,3761000000,6275000000,6748000000,,6895000000,2061000000,4834000000,5.48,5.36,881592000,902139000,11875000000,32311000000,39572000000,,,14092000000,18542000000,21030000000,9596000000,1091000000,-8189000000,1116000000,
AAPL,320193,Apple Inc.,2009,2009-09-26,2009-10-27,0001193125-09-214859,10-K,36537000000,23397000000,13140000000,4149000000,7658000000,8361000000,,7984000000,2280000000,5704000000,6.39,6.29,893016000,907005000,5263000000,36265000000,53851000000,,,19282000000,26019000000,27832000000,10159000000,1144000000,-17434000000,663000000,
AAPL,320193,Apple Inc.,2010,2010-09-25,2010-10-27,0001193125-10-238044,10-K,65225000000,39541000000,25684000000,5517000000,18385000000,19412000000,,18540000000,4527000000,14013000000,15.41,15.15,909461000,924712000,11261000000,41678000000,75183000000,,,20722000000,27392000000,47791000000,18595000000,2005000000,-13854000000,1257000000,
AAPL,320193,Apple Inc.,2011,2011-09-24,2011-10-26,0001193125-11-282113,10-K,108249000000,64431000000,43818000000,7599000000,33790000000,35604000000,,34205000000,8283000000,25922000000,28.05,27.68,924258000,936645000,9815000000,44988000000,116371000000,,,27970000000,39756000000,76615000000,37529000000,4260000000,-40419000000,1444000000,
AAPL,320193,Apple Inc.,2012,2012-09-29,2012-10-31,0001193125-12-444068,10-K,156508000000,87846000000,68662000000,10040000000,55241000000,58518000000,,55763000000,14030000000,41733000000,44.64,44.15,934818000,945355000,10746000000,57653000000,176064000000,,,38542000000,57854000000,118210000000,50856000000,8295000000,-48227000000,-1698000000,
AAPL,320193,Apple Inc.,2013,2013-09-28,2013-10-30,0001193125-13-416534,10-K,170910000000,106606000000,64304000000,10830000000,48999000000,55756000000,136000000,50155000000,13118000000,37037000000,40.03,39.75,925331000,931662000,14259000000,73286000000,207000000000,,16960000000,43658000000,83451000000,123549000000,53666000000,8165000000,-33774000000,-16379000000,10528000000
AAPL,320193,Apple Inc.,2014,2014-09-27,2014-10-27,0001193125-14-383437,10-K,182795000000,112258000000,70537000000,11993000000,52503000000,60449000000,384000000,53483000000,13973000000,39510000000,6.49,6.45,6085572000,6122663000,13844000000,68531000000,231839000000,,28987000000,63448000000,120292000000,111547000000,59713000000,9571000000,-22579000000,-37549000000,11031000000
AAPL,320193,Apple Inc.,2015,2015-09-26,2015-10-28,0001193125-15-356351,10-K,233715000000,140089000000,93626000000,14329000000,71230000000,82487000000,733000000,72515000000,19121000000,53394000000,9.28,9.22,5753421000,5793069000,21120000000,89378000000,290479000000,2500000000,53463000000,80610000000,171124000000,119355000000,81266000000,11247000000,-56274000000,-17716000000,11431000000
AAPL,320193,Apple Inc.,2016,2016-09-24,2016-10-26,0001628280-16-020309,10-K,215639000000,131376000000,84263000000,14194000000,60024000000,70529000000,1456000000,61372000000,15685000000,45687000000,8.35,8.31,5470820000,5500281000,20484000000,106869000000,321686000000,3500000000,75427000000,79006000000,193437000000,128249000000,65824000000,12734000000,-45977000000,-20483000000,11965000000
AAPL,320193,Apple Inc.,2017,2017-09-30,2017-11-03,0000320193-17-000070,10-K,229234000000,141048000000,88186000000,15261000000,61344000000,69544000000,2323000000,64089000000,15738000000,48351000000,9.27,9.21,5217242000,5251692000,20289000000,128645000000,375319000000,6496000000,97207000000,100814000000,241272000000,134047000000,63598000000,12451000000,-46446000000,-17347000000,12769000000
AAPL,320193,Apple Inc.,2018,2018-09-29,2018-11-05,0000320193-18-000145,10-K,265595000000,163756000000,101839000000,16705000000,70898000000,81801000000,3240000000,72903000000,13372000000,59531000000,12.01,11.91,4955377000,5000109000,25913000000,131339000000,365725000000,8784000000,93735000000,116866000000,258578000000,107147000000,77434000000,13313000000,16066000000,-87876000000,13712000000
AAPL,320193,Apple Inc.,2019,2019-09-28,2019-10-31,0000320193-19-000119,10-K,260174000000,161782000000,98392000000,18245000000,63930000000,76477000000,3576000000,65737000000,10481000000,55256000000,11.97,11.89,4617834000,4648913000,48844000000,162819000000,338516000000,10260000000,91807000000,105718000000,248028000000,90488000000,69391000000,10495000000,45896000000,-90976000000,14119000000
AAPL,320193,Apple Inc.,2020,2020-09-26,2020-10-30,0000320193-20-000096,10-K,274515000000,169559000000,104956000000,19916000000,66288000000,77344000000,2873000000,67091000000,9680000000,57411000000,3.31,3.28,17352119000,17528214000,38016000000,143713000000,323888000000,8773000000,98667000000,105392000000,258549000000,65339000000,80674000000,7309000000,-4289000000,-86820000000,14081000000
AAPL,320193,Apple Inc.,2021,2021-09-25,2021-10-29,0000320193-21-000105,10-K,365817000000,212981000000,152836000000,21973000000,108949000000,120233000000,2645000000,109207000000,14527000000,94680000000,5.67,5.61,16701272000,16864919000,34940000000,134836000000,351002000000,9613000000,109106000000,125481000000,287912000000,63090000000,104038000000,11085000000,-14545000000,-93353000000,14467000000
AAPL,320193,Apple Inc.,2022,2022-09-24,2022-10-28,0000320193-22-000108,10-K,394328000000,223546000000,170782000000,25094000000,119437000000,130541000000,2931000000,119103000000,19300000000,99803000000,6.15,6.11,16215963000,16325819000,23646000000,135405000000,352755000000,11128000000,98959000000,153982000000,302083000000,50672000000,122151000000,10708000000,-22354000000,-110749000000,14841000000
AAPL,320193,Apple Inc.,2023,2023-09-30,2023-11-03,0000320193-23-000106,10-K,383285000000,214137000000,169148000000,24932000000,114301000000,125820000000,3933000000,113736000000,16741000000,96995000000,6.16,6.13,15744231000,15812547000,29965000000,143566000000,352583000000,9822000000,95281000000,145308000000,290437000000,62146000000,110543000000,10959000000,3705000000,-108488000000,15025000000
AAPL,320193,Apple Inc.,2024,2024-09-28,2024-11-01,0000320193-24-000123,10-K,391035000000,210352000000,180683000000,26097000000,123216000000,134661000000,,123485000000,29749000000,93736000000,6.11,6.08,15343783000,15408095000,29943000000,152987000000,364980000000,10912000000,85750000000,176392000000,308030000000,56950000000,118254000000,9447000000,2935000000,-121983000000,15234000000
AAPL,320193,Apple Inc.,2025,2025-09-27,2025-10-31,0000320193-25-000079,10-K,416161000000,220960000000,195201000000,27601000000,133050000000,144748000000,,132729000000,20719000000,112010000000,7.49,7.46,14948500000,15004697000,35934000000,147957000000,359241000000,12350000000,78328000000,165631000000,285508000000,73733000000,111482000000,12715000000,15195000000,-120686000000,15421000000
ABBV,1551152,AbbVie Inc.,2014,2014-12-31,2017-02-17,0001551152-17-000004,10-K,19960000000,4426000000,15534000000,7724000000,3411000000,3794000000,429000000,2369000000,595000000,1774000000,1.11,1.1,1595000000,1610000000,8348000000,,,,,,,1742000000,3549000000,612000000,-926000000,-3293000000,2661000000
ABBV,1551152,AbbVie Inc.,2015,2015-12-31,2017-02-17,0001551152-17-000004,10-K,22859000000,4500000000,18359000000,6387000000,7537000000,7954000000,719000000,6645000000,1501000000,5144000000,3.15,3.13,1625000000,1637000000,8399000000,16314000000,53050000000,406000000,,10894000000,,3945000000,7535000000,532000000,-12936000000,5752000000,3294000000
ABBV,1551152,AbbVie Inc.,2016,2016-12-31,2017-02-17,0001551152-17-000004,10-K,25638000000,5833000000,19805000000,5855000000,9384000000,9809000000,1047000000,7884000000,1931000000,5953000000,3.65,3.63,1622000000,1631000000,5100000000,16187000000,66099000000,377000000,,9781000000,,4636000000,7041000000,479000000,-6074000000,-3928000000,3717000000
ABBV,1551152,AbbVie Inc.,2017,2017-12-31,2018-02-16,0001551152-18-000014,10-K,28216000000,7040000000,21176000000,6275000000,9592000000,10017000000,1150000000,7727000000,2418000000,5309000000,3.31,3.3,1596000000,1603000000,9303000000,21223000000,70786000000,400000000,,16641000000,,5097000000,9960000000,529000000,-274000000,-5512000000,4107000000
ABBV,1551152,AbbVie Inc.,2018,2018-12-31,2019-02-27,0001551152-19-000008,10-K,32753000000,7718000000,25035000000,7399000000,6383000000,6854000000,1348000000,5197000000,-490000000,5687000000,3.67,3.66,1541000000,1546000000,7289000000,16945000000,59352000000,3699000000,,17239000000,,-8446000000,13427000000,638000000,-1006000000,-14396000000,5580000000
ABBV,1551152,AbbVie Inc.,2019,2019-12-31,2020-02-21,0001551152-20-000007,10-K,33266000000,7439000000,25827000000,6942000000,12983000000,13447000000,1784000000,8426000000,544000000,7882000000,5.3,5.28,1481000000,1484000000,39924000000,49519000000,89115000000,0,67233000000,15585000000,,-8172000000,13324000000,552000000,596000000,18708000000,6366000000
ABBV,1551152,AbbVie Inc.,2020,2020-12-31,2021-02-19,0001551152-21-000008,10-K,45804000000,15387000000,30417000000,11299000000,11363000000,12029000000,2454000000,3398000000,-1224000000,4616000000,2.73,2.72,1667000000,1673000000,8449000000,24173000000,150565000000,34000000,84948000000,28661000000,,13076000000,17588000000,798000000,-37557000000,-11501000000,7716000000
ABBV,1551152,AbbVie Inc.,2021,2021-12-31,2022-02-18,0001551152-22-000007,10-K,56197000000,17446000000,38751000000,12349000000,17924000000,18727000000,2423000000,12989000000,1440000000,11542000000,6.48,6.45,1770000000,1777000000,9746000000,27928000000,146529000000,14000000,75962000000,35194000000,,15408000000,22777000000,787000000,-2344000000,-19039000000,9261000000
ABBV,1551152,AbbVie Inc.,2022,2022-12-31,2023-02-17,0001551152-23-000011,10-K,58054000000,17414000000,40640000000,15260000000,18117000000,18895000000,2230000000,13477000000,1632000000,11836000000,6.65,6.63,1771000000,1778000000,9201000000,28463000000,138805000000,1000000,63128000000,29538000000,,17254000000,24943000000,695000000,-623000000,-24803000000,10043000000
ABBV,1551152,AbbVie Inc.,2023,2023-12-31,2024-02-20,0001551152-24-000011,10-K,54318000000,20415000000,33903000000,12872000000,12757000000,13509000000,2224000000,6250000000,1377000000,4863000000,2.73,2.72,1768000000,1773000000,12814000000,33002000000,134711000000,0,59245000000,37841000000,,10360000000,22839000000,777000000,-2009000000,-17222000000,10539000000
ABBV,1551152,AbbVie Inc.,2024,2024-12-31,2025-02-14,0001551152-25-000020,10-K,56334000000,16904000000,39430000000,14752000000,9137000000,9901000000,2808000000,3716000000,-570000000,4278000000,2.4,2.39,1769000000,1773000000,5524000000,25582000000,135161000000,,66841000000,38749000000,,3325000000,18806000000,974000000,-20820000000,-5211000000,11025000000
ABBV,1551152,AbbVie Inc.,2025,2025-12-31,2026-02-20,0001551152-26-000008,10-K,61160000000,18204000000,42956000000,14010000000,15075000000,15837000000,2893000000,6597000000,2364000000,4226000000,2.37,2.36,1769000000,1773000000,5229000000,29062000000,133960000000,2499000000,64503000000,43289000000,,-3270000000,19030000000,1214000000,-6643000000,-12724000000,11657000000
ACM,868857,AECOM,2008,2008-09-30,2010-11-22,0001047469-10-009946,10-K,,4907784000,286898000,70582000,238507000,301259000,-1336000,,76493000,147226000,1.45,1.41,101456000,104215000,197122000,,,,,,,1443043000,168955000,69086000,-521305000,335581000,
ACM,868857,AECOM,2009,2009-09-30,2010-11-22,0001047469-10-009946,10-K,,5768262000,351203000,86894000,286866000,370983000,10691000,,77002000,189696000,1.76,1.73,108003000,109706000,290777000,2214535000,3789881000,13268000,142102000,1556739000,2035476000,1729718000,228640000,62924000,-14290000,-121036000,
ACM,868857,AECOM,2010,2010-09-30,2010-11-22,0001047469-10-009946,10-K,,6115520000,430271000,110463000,340795000,419694000,9928000,,91696000,236887000,2.07,2.05,114344000,115463000,612857000,2946499000,5242909000,2087000,914686000,1852260000,3104440000,2090012000,158635000,68490000,-614527000,770579000,
ACM,868857,AECOM,2011,2011-09-30,2011-11-21,0001047469-11-009697,10-K,,7570672000,466702000,90298000,421223000,531529000,40411000,,100090000,275800000,2.35,2.33,117396000,118345000,456940000,2990066000,5789328000,6570000,,1814446000,3394191000,2339711000,132012000,77991000,-421917000,137460000,
ACM,868857,AECOM,2012,2012-09-30,2012-11-19,0001047469-12-010679,10-K,,7796321000,421859000,80903000,53606000,156580000,45096000,-89200000,74416000,-58567000,-0.52,-0.52,111875000,111875000,593776000,3147293000,5664568000,1641000,,2078402000,3440080000,2169464000,433352000,62874000,-73773000,-237614000,
ACM,868857,AECOM,2013,2013-09-30,2013-11-13,0001047469-13-010484,10-K,,7703507000,449988000,97318000,376989000,471395000,44737000,335774000,92578000,239243000,2.38,2.35,100618000,101942000,600677000,3131602000,5665623000,29578000,,2053549000,3591529000,2021443000,408598000,52117000,-139490000,-254373000,
ACM,868857,AECOM,2014,2014-09-30,2014-11-17,0001047469-14-009283,10-K,,7953607000,403176000,80908000,352882000,448276000,40842000,314788000,82024000,229854000,2.36,2.33,97226000,98657000,574188000,3434113000,6123377000,23915000,,2455769000,3850897000,2186517000,360625000,62852000,-142796000,-233757000,
ACM,868857,AECOM,2015,2015-09-30,2015-11-25,0001047469-15-008965,10-K,,17454692000,535188000,113975000,129018000,728283000,299627000,-151470000,-80237000,-154845000,-1.04,-1.04,149605000,149605000,683893000,6246085000,14014298000,2788000,,4836052000,10383355000,3407748000,764433000,69426000,-3345728000,2719764000,
ACM,868857,AECOM,2016,2016-09-30,2016-11-16,0001047469-16-016739,10-K,,16768001000,642824000,115088000,375537000,774267000,,125555000,-37917000,96109000,0.62,0.62,154772000,156073000,692145000,6000771000,13726745000,26303000,,5304756000,10174256000,3366921000,814155000,191386000,-162615000,-637979000,
ACM,868857,AECOM,2017,2017-09-30,2017-11-14,0001047469-17-007051,10-K,,17519682000,683720000,133309000,653856000,932487000,,429182000,7706000,339390000,2.18,2.13,155728000,159135000,802362000,6682222000,14396956000,1221000,,5578379000,10182270000,3996126000,696654000,86354000,-202711000,-386490000,
ACM,868857,AECOM,2018,2018-09-30,2018-11-13,0001047469-18-007225,10-K,,19504863000,650649000,135787000,424868000,692438000,,177484000,-19643000,136468000,0.86,0.84,159101000,162261000,886733000,7127322000,14681131000,8353000,,6129677000,10402757000,4092780000,774553000,113279000,-59087000,-624868000,
ACM,868857,AECOM,2019,2019-09-30,2019-11-13,0001104659-19-063367,10-K,20173329000,19359884000,813445000,148123000,25085000,286270000,,-184120000,-130000,-261050000,-1.66,-1.66,157044000,157044000,1080354000,7534645000,14461591000,47835000,,6461754000,10562241000,3690576000,777616000,100664000,-146760000,-433279000,
ACM,868857,AECOM,2020,2020-09-30,2020-11-19,0001104659-20-126988,10-K,13239976000,12530416000,709560000,188535000,381461000,618837000,,232603000,45753000,-186370000,-1.17,-1.16,159005000,161292000,1708332000,7530366000,12998951000,223000,,6090454000,9585407000,3292558000,329622000,114591000,2037437000,-1627970000,
ACM,868857,AECOM,2021,2021-09-30,2021-11-17,0001104659-21-140569,10-K,13340852000,12542431000,798421000,155072000,629553000,805953000,,408804000,89011000,173185000,1.18,1.16,147279000,149676000,1229196000,6173543000,11733954000,4369000,,5521715000,8904377000,2712470000,704670000,136262000,-421087000,-872533000,
ACM,868857,AECOM,2022,2022-09-30,2022-11-17,0001104659-22-119637,10-K,13148182000,12300208000,847974000,147309000,646804000,817690000,,550682000,136051000,310611000,2.21,2.18,140768000,142696000,1172209000,5822810000,11139315000,5032000,,5404171000,8533936000,2476654000,713636000,137017000,-175034000,-588315000,63288000
ACM,868857,AECOM,2023,2023-09-30,2023-11-15,0001104659-23-118329,10-K,14378461000,13432996000,945465000,153575000,324134000,499859000,,213400000,56052000,55332000,0.4,0.39,138614000,140109000,1260206000,6169511000,11233398000,3085000,,5850283000,8849687000,2212332000,695980000,105600000,-138177000,-472935000,96192000
ACM,868857,AECOM,2024,2024-09-30,2024-11-19,0001410578-24-002030,10-K,16105498000,15021157000,1084341000,160105000,827442000,1006254000,,718152000,152900000,402266000,2.97,2.95,135544000,136453000,1580877000,7176059000,12061669000,3080000,,6374081000,9691259000,2184205000,827490000,119597000,-210639000,-295460000,115244000
ACM,868857,AECOM,2025,2025-09-30,2025-11-19,0000868857-25-000013,10-K,16139622000,14922909000,1216713000,157849000,1026522000,1202439000,,915569000,204018000,561774000,4.24,4.21,132373000,133311000,1585739000,6730227000,12200249000,4069000,,5928816000,9504065000,2492584000,821602000,136675000,-413221000,-403670000,133572000
ADBE,796343,ADOBE INC.,2007,2007-11-30,2010-01-22,0000796343-10-000003,10-K,3157881000,354694000,2803187000,274982000,857585000,1173049000,253000,947190000,223383000,723807000,1.24,1.21,584203000,598775000,946422000,,,,,,,4649982000,1441053000,132075000,81544000,-1350390000,
ADBE,796343,ADOBE INC.,2008,2008-11-28,2010-01-22,0000796343-10-000003,10-K,3579889000,362630000,3217259000,337291000,1028271000,1298540000,10019000,1078508000,206694000,871814000,1.62,1.59,539373000,548553000,886450000,2735103000,5821598000,,350000000,762599000,1411244000,4410354000,1280682000,111792000,-304681000,-1021567000,
ADBE,796343,ADOBE INC.,2009,2009-11-27,2010-01-22,0000796343-10-000003,10-K,2945853000,296732000,2649121000,298749000,690513000,972936000,3407000,701520000,315012000,386508000,0.74,0.73,524470000,530610000,999487000,2473624000,7282237000,,1000000000,844553000,2391669000,4890568000,1117772000,119592000,-1497096000,477658000,
ADBE,796343,ADOBE INC.,2010,2010-12-03,2011-01-27,0000796343-11-000003,10-K,3800000000,403502000,3396498000,383499000,993074000,1285812000,56952000,943151000,168471000,774680000,1.49,1.47,519045000,525824000,749891000,3216050000,8141148000,,,1068088000,2948761000,5192387000,1112995000,169642000,-1159294000,-215262000,
ADBE,796343,ADOBE INC.,2011,2011-12-02,2012-01-26,0000796343-12-000003,10-K,4216258000,437873000,3778385000,414605000,1099299000,1369504000,66952000,1035230000,202383000,832847000,1.67,1.65,497469000,503921000,989500000,3771451000,8991183000,,,1250779000,3208070000,5783113000,1543314000,210294000,-757402000,-550358000,
ADBE,796343,ADOBE INC.,2012,2012-11-30,2013-01-22,0000796343-13-000008,10-K,4403677000,483782000,3919895000,434982000,1180191000,1479957000,67487000,1118794000,286019000,832775000,1.68,1.66,494731000,502721000,1425052000,4331360000,9974523000,,,1271752000,3309341000,6665182000,1499580000,271076000,-834662000,-234723000,
ADBE,796343,ADOBE INC.,2013,2013-11-29,2014-01-21,0000796343-14-000004,10-K,4055240000,586557000,3468683000,520124000,422723000,743950000,67508000,356141000,66156000,289985000,0.58,0.56,501372000,513476000,834556000,4045929000,10380298000,,,1525648000,3655664000,6724634000,1151686000,188358000,-1177803000,-559138000,
ADBE,796343,ADOBE INC.,2014,2014-11-28,2015-01-20,0000796343-15-000022,10-K,4147065000,622080000,3524985000,543332000,412685000,726275000,59732000,361376000,92981000,268395000,0.54,0.53,497867000,508480000,1117400000,4602328000,10785829000,,,2494435000,4009924000,6775905000,1287482000,148332000,-490707000,-507283000,
ADBE,796343,ADOBE INC.,2015,2015-11-27,2016-01-19,0000796343-16-000224,10-K,4795511000,744317000,4051194000,531919000,903095000,1242568000,64184000,873781000,244230000,629551000,1.26,1.24,498764000,507164000,876560000,4821892000,11726472000,,,2213556000,4724892000,7001580000,1469502000,184936000,-1488358000,-200687000,
ADBE,796343,ADOBE INC.,2016,2016-12-02,2017-01-20,0000796343-17-000031,10-K,5854430000,819908000,5034522000,577710000,1493602000,1825137000,70442000,1435138000,266356000,1168782000,2.35,2.32,498345000,504299000,1011315000,5839774000,12707114000,,,2811635000,5282279000,7424835000,2199728000,203805000,-960033000,-1090706000,
ADBE,796343,ADOBE INC.,2017,2017-12-01,2018-01-22,0000796343-18-000015,10-K,7301505000,1010491000,6291014000,624706000,2168095000,2494092000,74402000,2137641000,443687000,1693954000,3.43,3.38,493632000,501123000,2306072000,7247813000,14535556000,,,3527457000,6075687000,8459869000,2912853000,178122000,-442877000,-1183735000,
ADBE,796343,ADOBE INC.,2018,2018-11-30,2019-01-25,0000796343-19-000019,10-K,9030008000,1194999000,7835009000,744898000,2840369000,3186861000,89242000,2793876000,203102000,2590774000,5.28,5.2,490564000,497843000,1642775000,4857039000,18768682000,,,4301126000,9406568000,9362114000,4029304000,266579000,-4685295000,-5568000,
ADBE,796343,ADOBE INC.,2019,2019-11-29,2020-01-21,0000796343-20-000013,10-K,11171297000,1672720000,9498577000,880637000,3268121000,4004790000,157214000,3204741000,253283000,2951458000,6.07,6,486291000,491572000,2650221000,6494925000,20762400000,3149343000,,8190938000,10232245000,10530155000,4421813000,394479000,-455584000,-2946044000,
ADBE,796343,ADOBE INC.,2020,2020-11-27,2021-01-15,0000796343-21-000004,10-K,12868000000,1722000000,11146000000,968000000,4237000000,4994000000,116000000,4176000000,-1084000000,5260000000,10.94,10.83,480900000,485500000,4478000000,8146000000,24284000000,0,4117000000,5512000000,11020000000,13264000000,5727000000,419000000,-414000000,-3488000000,
ADBE,796343,ADOBE INC.,2021,2021-12-03,2022-01-21,0000796343-22-000032,10-K,15785000000,1865000000,13920000000,1085000000,5802000000,6590000000,113000000,5705000000,883000000,4822000000,10.1,10.02,477300000,481000000,3844000000,8669000000,27241000000,,4123000000,6932000000,12444000000,14797000000,7230000000,348000000,-3537000000,-4301000000,
ADBE,796343,ADOBE INC.,2022,2022-12-02,2023-01-17,0000796343-23-000007,10-K,17606000000,2165000000,15441000000,1219000000,6098000000,6954000000,112000000,6008000000,1252000000,4756000000,10.13,10.1,469500000,470900000,4236000000,8996000000,27165000000,500000000,3629000000,8128000000,13114000000,14051000000,7838000000,442000000,-570000000,-6825000000,
ADBE,796343,ADOBE INC.,2023,2023-12-01,2024-01-17,0000796343-24-000006,10-K,19409000000,2354000000,17055000000,1413000000,6650000000,7522000000,113000000,6799000000,1371000000,5428000000,11.87,11.82,457100000,459100000,7141000000,11084000000,29779000000,0,3634000000,8251000000,13261000000,16518000000,7302000000,360000000,776000000,-5182000000,
ADBE,796343,ADOBE INC.,2024,2024-11-29,2025-01-13,0000796343-25-000004,10-K,21505000000,2358000000,19147000000,1529000000,6741000000,7598000000,,6931000000,1371000000,5560000000,12.43,12.36,447100000,449700000,7613000000,11232000000,30230000000,1499000000,4129000000,10521000000,16125000000,14105000000,8056000000,183000000,149000000,-7724000000,
ADBE,796343,ADOBE INC.,2025,2025-11-28,2026-01-15,0000796343-26-000003,10-K,23769000000,2551000000,21218000000,1573000000,8706000000,9524000000,,8734000000,1604000000,7130000000,16.73,16.7,426200000,427000000,5431000000,10163000000,29496000000,0,6210000000,10200000000,17873000000,11623000000,10031000000,179000000,-1187000000,-11060000000,
AMGN,318154,Amgen Inc.,2007,2007-12-31,2010-03-01,0001193125-10-044311,10-K,14771000000,,,3361000000,3980000000,5182000000,496000000,3793000000,715000000,3078000000,2.76,2.74,1117000000,1123000000,2024000000,,,,,,,18512000000,5401000000,1267000000,-1992000000,-2668000000,
AMGN,318154,Amgen Inc.,2008,2008-12-31,2010-03-01,0001193125-10-044311,10-K,15003000000,,,3789000000,5214000000,6287000000,551000000,5015000000,963000000,4052000000,3.79,3.77,1070000000,1075000000,1774000000,15221000000,36427000000,,,4886000000,,20885000000,5988000000,672000000,-3165000000,-3073000000,
AMGN,318154,Amgen Inc.,2009,2009-12-31,2010-03-01,0001193125-10-044311,10-K,14642000000,,,3820000000,5506000000,6555000000,578000000,5204000000,599000000,4605000000,4.53,4.51,1016000000,1021000000,2884000000,18932000000,39629000000,,,3873000000,,22667000000,6336000000,530000000,-3202000000,-2024000000,
AMGN,318154,Amgen Inc.,2010,2010-12-31,2011-02-25,0000950123-11-018800,10-K,15053000000,,,3983000000,5545000000,6562000000,604000000,5317000000,690000000,4627000000,4.82,4.79,960000000,965000000,3287000000,23129000000,43486000000,,10874000000,6570000000,,23944000000,5787000000,580000000,-4152000000,-1232000000,
AMGN,318154,Amgen Inc.,2011,2011-12-31,2012-02-29,0001193125-12-086670,10-K,15582000000,,,4486000000,4312000000,5372000000,610000000,4150000000,467000000,3683000000,4.07,4.04,905000000,912000000,6946000000,27593000000,48871000000,,21428000000,5754000000,,19029000000,5119000000,567000000,-786000000,-674000000,500000000
AMGN,318154,Amgen Inc.,2012,2012-12-31,2013-02-27,0001445305-13-000364,10-K,17265000000,,,4801000000,5577000000,6665000000,1053000000,5009000000,664000000,4345000000,5.61,5.52,775000000,787000000,3257000000,31209000000,54298000000,,26529000000,8191000000,,19060000000,5882000000,689000000,-9990000000,419000000,1118000000
AMGN,318154,Amgen Inc.,2013,2013-12-31,2014-02-24,0000318154-14-000004,10-K,18676000000,3346000000,15330000000,5184000000,5867000000,7153000000,1022000000,5265000000,184000000,5081000000,6.75,6.64,753000000,765000000,3805000000,27367000000,66125000000,,32128000000,7947000000,,22096000000,6291000000,693000000,-8469000000,2726000000,1415000000
AMGN,318154,Amgen Inc.,2014,2014-12-31,2015-02-19,0000318154-15-000005,10-K,20063000000,4422000000,15641000000,4699000000,6191000000,8283000000,1071000000,5585000000,427000000,5158000000,6.8,6.7,759000000,770000000,3731000000,34713000000,69009000000,500000000,30215000000,7008000000,,25778000000,8555000000,718000000,-5752000000,-2877000000,1851000000
AMGN,318154,Amgen Inc.,2015,2015-12-31,2016-02-16,0000318154-16-000031,10-K,21662000000,4227000000,17435000000,4846000000,8470000000,10578000000,1095000000,7978000000,1039000000,6939000000,9.15,9.06,758000000,766000000,4144000000,38518000000,71576000000,2250000000,29306000000,8667000000,,28083000000,9077000000,594000000,-5547000000,-3117000000,2396000000
AMGN,318154,Amgen Inc.,2016,2016-12-31,2017-02-14,0000318154-17-000004,10-K,22991000000,4162000000,18829000000,5062000000,9794000000,11899000000,1260000000,9163000000,1441000000,7722000000,10.32,10.24,748000000,754000000,3241000000,46010000000,77626000000,4403000000,30193000000,11204000000,,29875000000,10354000000,738000000,-8658000000,-2599000000,2998000000
AMGN,318154,Amgen Inc.,2017,2017-12-31,2018-02-13,0000318154-18-000004,10-K,22849000000,4069000000,18780000000,4870000000,9973000000,11928000000,1304000000,9597000000,7618000000,1979000000,2.71,2.69,731000000,735000000,3800000000,49476000000,79954000000,1152000000,34190000000,9020000000,,25241000000,11177000000,664000000,-4024000000,-6594000000,3365000000
AMGN,318154,Amgen Inc.,2018,2018-12-31,2019-02-13,0000318154-19-000008,10-K,23747000000,4101000000,19646000000,5332000000,10263000000,12209000000,1392000000,9545000000,1151000000,8394000000,12.7,12.62,661000000,665000000,6945000000,37618000000,66416000000,4419000000,29510000000,13488000000,,12500000000,11296000000,738000000,14339000000,-22490000000,3507000000
AMGN,318154,Amgen Inc.,2019,2019-12-31,2020-02-12,0000318154-20-000017,10-K,23362000000,4356000000,19006000000,5150000000,9674000000,11880000000,1289000000,9138000000,1296000000,7842000000,12.96,12.88,605000000,609000000,6037000000,18440000000,59707000000,2953000000,26950000000,12835000000,,9673000000,9150000000,618000000,5709000000,-15767000000,3509000000
AMGN,318154,Amgen Inc.,2020,2020-12-31,2021-02-09,0000318154-21-000010,10-K,25424000000,6159000000,19265000000,5730000000,9139000000,12740000000,1262000000,8133000000,869000000,7264000000,12.4,12.31,586000000,590000000,6266000000,21144000000,62948000000,91000000,32895000000,11653000000,,9409000000,10497000000,608000000,-5401000000,-4867000000,3755000000
AMGN,318154,Amgen Inc.,2021,2021-12-31,2022-02-16,0000318154-22-000010,10-K,25979000000,6454000000,19525000000,5368000000,7639000000,11037000000,1197000000,6701000000,808000000,5893000000,10.34,10.28,570000000,573000000,7989000000,19385000000,61165000000,87000000,33222000000,12184000000,,6700000000,9261000000,880000000,733000000,-8271000000,4013000000
AMGN,318154,Amgen Inc.,2022,2022-12-31,2023-02-09,0000318154-23-000017,10-K,26323000000,6406000000,19917000000,5414000000,9566000000,12983000000,1406000000,7346000000,794000000,6552000000,12.18,12.11,538000000,541000000,7629000000,22186000000,65121000000,1591000000,37354000000,15687000000,,3661000000,9721000000,936000000,-6044000000,-4037000000,4196000000
AMGN,318154,Amgen Inc.,2023,2023-12-31,2024-02-14,0000318154-24-000011,10-K,28190000000,8451000000,19739000000,6179000000,7897000000,11968000000,2875000000,7855000000,1138000000,6717000000,12.56,12.49,535000000,538000000,10944000000,30332000000,97154000000,1443000000,63170000000,18392000000,,6232000000,8471000000,1112000000,-26204000000,21048000000,4556000000
AMGN,318154,Amgen Inc.,2024,2024-12-31,2025-02-14,0000318154-25-000010,10-K,33424000000,12858000000,20566000000,7096000000,7258000000,12850000000,3155000000,4609000000,519000000,4090000000,7.62,7.56,537000000,541000000,11973000000,29030000000,91839000000,3550000000,56549000000,23099000000,,5877000000,11490000000,1096000000,-1046000000,-9415000000,4832000000
AMGN,318154,Amgen Inc.,2025,2025-12-31,2026-02-13,0000318154-26-000010,10-K,36751000000,12037000000,24714000000,7050000000,9080000000,14247000000,2755000000,8976000000,1265000000,7711000000,14.33,14.23,538000000,542000000,9129000000,29057000000,90586000000,4599000000,50005000000,25489000000,,8658000000,9958000000,1858000000,-1943000000,-10859000000,5124000000
AMZN,1018724,AMAZON COM INC,2007,2007-12-31,2010-01-29,0001193125-10-016098,10-K,14835000000,11482000000,3353000000,235000000,655000000,901000000,77000000,660000000,184000000,476000000,1.15,1.12,413000000,424000000,2539000000,,,,,,,1197000000,1405000000,224000000,42000000,50000000,
AMZN,1018724,AMAZON COM INC,2008,2008-12-31,2010-01-29,0001193125-10-016098,10-K,19166000000,14896000000,4270000000,279000000,842000000,1129000000,71000000,901000000,247000000,645000000,1.52,1.49,423000000,432000000,2769000000,6157000000,8314000000,,409000000,4746000000,,2672000000,1697000000,333000000,-1199000000,-198000000,
AMZN,1018724,AMAZON COM INC,2009,2009-12-31,2010-01-29,0001193125-10-016098,10-K,24509000000,18978000000,5531000000,328000000,1129000000,1507000000,34000000,1161000000,253000000,902000000,2.08,2.04,433000000,442000000,3444000000,9797000000,13813000000,,109000000,7364000000,,5257000000,3293000000,373000000,-2337000000,-280000000,
AMZN,1018724,AMAZON COM INC,2010,2010-12-31,2011-01-28,0001193125-11-016253,10-K,34204000000,26561000000,7643000000,470000000,1406000000,1958000000,39000000,1497000000,352000000,1152000000,2.58,2.53,447000000,456000000,3777000000,13747000000,18797000000,,184000000,10372000000,,6864000000,3495000000,979000000,-3360000000,181000000,
AMZN,1018724,AMAZON COM INC,2011,2011-12-31,2012-02-01,0001193125-12-032846,10-K,48077000000,37288000000,10789000000,658000000,862000000,1896000000,65000000,934000000,291000000,631000000,1.39,1.37,453000000,461000000,5269000000,17490000000,25278000000,129000000,255000000,14896000000,,7757000000,3903000000,1811000000,-1930000000,-482000000,
AMZN,1018724,AMAZON COM INC,2012,2012-12-31,2013-01-30,0001193125-13-028520,10-K,61093000000,45971000000,15122000000,896000000,676000000,2329000000,92000000,544000000,428000000,-39000000,-0.09,-0.09,453000000,453000000,8084000000,21296000000,32555000000,579000000,3084000000,19002000000,,8192000000,4180000000,3785000000,-3595000000,2259000000,
AMZN,1018724,AMAZON COM INC,2013,2013-12-31,2014-01-31,0001018724-14-000006,10-K,74452000000,54181000000,20271000000,1129000000,745000000,3205000000,141000000,506000000,161000000,274000000,0.6,0.59,457000000,465000000,8658000000,24625000000,40159000000,753000000,3191000000,22980000000,,9746000000,5475000000,3444000000,-4276000000,-539000000,
AMZN,1018724,AMAZON COM INC,2014,2014-12-31,2015-01-30,0001018724-15-000006,10-K,88988000000,62752000000,26236000000,1552000000,178000000,3794000000,210000000,-111000000,167000000,-241000000,-0.52,-0.52,462000000,462000000,14557000000,31327000000,54505000000,1520000000,8265000000,28089000000,,10741000000,6842000000,4893000000,-5065000000,4432000000,
AMZN,1018724,AMAZON COM INC,2015,2015-12-31,2016-01-29,0001018724-16-000172,10-K,107006000000,71651000000,35355000000,1747000000,2233000000,7182000000,459000000,1568000000,950000000,596000000,1.28,1.25,467000000,477000000,15890000000,36474000000,65444000000,238000000,8235000000,33899000000,,13384000000,11920000000,4589000000,-6450000000,-3763000000,
AMZN,1018724,AMAZON COM INC,2016,2016-12-31,2017-02-10,0001018724-17-000011,10-K,135987000000,88265000000,47722000000,2432000000,4186000000,10548000000,484000000,3892000000,1425000000,2371000000,5.01,4.9,474000000,484000000,19334000000,45781000000,83402000000,1056000000,7694000000,43816000000,,19285000000,16443000000,6737000000,-9876000000,-2911000000,
AMZN,1018724,AMAZON COM INC,2017,2017-12-31,2018-02-02,0001018724-18-000005,10-K,177866000000,111934000000,65932000000,3674000000,4106000000,15584000000,848000000,3806000000,769000000,3033000000,6.32,6.15,480000000,493000000,20522000000,60197000000,131310000000,100000000,24743000000,57883000000,,27709000000,18434000000,,-27819000000,9860000000,
AMZN,1018724,AMAZON COM INC,2018,2018-12-31,2019-02-01,0001018724-19-000004,10-K,232887000000,139156000000,93731000000,4336000000,12421000000,27762000000,1417000000,11261000000,1197000000,10073000000,20.68,20.14,487000000,500000000,31750000000,75101000000,162648000000,1371000000,23495000000,68391000000,,43549000000,30723000000,13427000000,-12369000000,-7686000000,
AMZN,1018724,AMAZON COM INC,2019,2019-12-31,2020-01-31,0001018724-20-000004,10-K,280522000000,165536000000,114986000000,5203000000,14541000000,36330000000,1600000000,13976000000,2374000000,11588000000,23.46,23.01,494000000,504000000,36092000000,96334000000,225248000000,1307000000,23414000000,87812000000,,62060000000,38514000000,16861000000,-24281000000,-10066000000,
AMZN,1018724,AMAZON COM INC,2020,2020-12-31,2021-02-03,0001018724-21-000004,10-K,386064000000,233307000000,152757000000,6668000000,22899000000,48150000000,1647000000,24178000000,2863000000,21331000000,42.64,41.83,500000000,510000000,42122000000,132733000000,321195000000,1155000000,31816000000,126385000000,,93404000000,66064000000,40140000000,-59611000000,-1104000000,
AMZN,1018724,AMAZON COM INC,2021,2021-12-31,2022-02-04,0001018724-22-000005,10-K,469822000000,272344000000,197478000000,8823000000,24879000000,59175000000,1809000000,38151000000,4791000000,33364000000,65.96,64.81,506000000,515000000,36220000000,161580000000,420549000000,1491000000,48744000000,142266000000,,138245000000,46327000000,61053000000,-58154000000,6291000000,
AMZN,1018724,AMAZON COM INC,2022,2022-12-31,2023-02-03,0001018724-23-000004,10-K,513983000000,288831000000,225152000000,11891000000,12248000000,54169000000,2367000000,-5936000000,-3217000000,-2722000000,-0.27,-0.27,10189000000,10189000000,53888000000,146791000000,462675000000,2999000000,67150000000,155393000000,,146043000000,46752000000,63645000000,-37601000000,9718000000,
AMZN,1018724,AMAZON COM INC,2023,2023-12-31,2024-02-02,0001018724-24-000008,10-K,574785000000,304739000000,270046000000,11816000000,36852000000,85515000000,3182000000,37557000000,7120000000,30425000000,2.95,2.9,10304000000,10492000000,73387000000,172351000000,527854000000,8494000000,58314000000,164917000000,,201875000000,84946000000,52729000000,-49833000000,-15879000000,
AMZN,1018724,AMAZON COM INC,2024,2024-12-31,2025-02-07,0001018724-25-000004,10-K,637959000000,326288000000,311671000000,11359000000,68593000000,121388000000,,68614000000,9265000000,59248000000,5.66,5.53,10473000000,10721000000,78779000000,190867000000,624894000000,151000000,52623000000,179431000000,,285970000000,115877000000,82999000000,-94342000000,-11812000000,
AMZN,1018724,AMAZON COM INC,2025,2025-12-31,2026-02-06,0001018724-26-000004,10-K,716924000000,356414000000,360510000000,11172000000,79975000000,145731000000,,97311000000,19087000000,77670000000,7.29,7.17,10656000000,10827000000,86810000000,229083000000,818042000000,455000000,65648000000,218005000000,,411065000000,139514000000,131819000000,-142545000000,9661000000,
BIIB,875045,BIOGEN INC.,2007,2007-12-31,2010-02-09,0000950123-10-010528,10-K,3171617000,335192000,2836425000,776103000,779772000,1160065000,,852168000,272423000,638172000,2.02,1.99,315836000,320171000,659662000,,,,,,,5554023000,1018754000,284106000,-286572000,-733339000,
BIIB,875045,BIOGEN INC.,2008,2008-12-31,2010-02-09,0000950123-10-010528,10-K,4097507000,401989000,3695518000,925305000,1213611000,1675670000,,1155883000,365776000,783167000,2.67,2.65,292332000,294984000,622385000,2458000000,8478991000,,,923222000,2645039000,5806083000,1562445000,275954000,-365873000,-1234625000,
BIIB,875045,BIOGEN INC.,2009,2009-12-31,2010-02-09,0000950123-10-010528,10-K,4377348000,382104000,3995244000,911034000,1295427000,1723388000,,1332679000,355617000,970132000,3.37,3.35,287356000,289476000,581889000,2480595000,8551854000,,,714942000,2289972000,6221530000,1074898000,165646000,-395031000,-724151000,
BIIB,875045,BIOGEN INC.,2010,2010-12-31,2011-02-04,0000950123-11-009300,10-K,4716423000,400262000,4316200000,1031540000,1248889000,1602990000,36100000,1229906000,331333000,1005273000,3.98,3.94,252307000,254867000,759598000,2540420000,8092493000,,1035200000,1050122000,2643050000,5396506000,1624673000,173055000,345325000,-1784919000,
BIIB,875045,BIOGEN INC.,2011,2011-12-31,2012-02-03,0001193125-12-039072,10-K,5048634000,466780000,4581900000,1056133000,1724691000,2083624000,33000000,1711214000,444528000,1234428000,5.09,5.04,242395000,245033000,514542000,2975427000,9049604000,,1023700000,912889000,2622617000,6425499000,1727741000,208020000,-1650294000,-319862000,
BIIB,875045,BIOGEN INC.,2012,2012-12-31,2013-02-05,0000875045-13-000006,10-K,5516461000,545494000,4971000000,1277465000,1855849000,2221497000,36500000,1855105000,470554000,1380033000,5.8,5.76,237938000,239740000,570721000,3244337000,10130118000,,1020900000,1657389000,3166323000,6961523000,1879897000,254548000,-950342000,-877478000,
BIIB,875045,BIOGEN INC.,2013,2013-12-31,2014-02-06,0000875045-14-000004,10-K,6932199000,857726000,6074500000,1712051000,2515509000,3047249000,31900000,2480579000,601014000,1862341000,7.86,7.81,236919000,238308000,602562000,3184934000,11863335000,3494000,592433000,1758279000,3242497000,8620242000,2345078000,246281000,-1604668000,-716528000,
BIIB,875045,BIOGEN INC.,2014,2014-12-31,2015-02-04,0000875045-15-000005,10-K,9703324000,1171036000,8532300000,2232342000,3972414000,4660564000,29500000,3946633000,989942000,2934784000,12.42,12.37,236359000,237176000,1204924000,4672673000,14316559000,3136000,582061000,2219706000,3502519000,10809010000,2942115000,287751000,-1542976000,-755873000,
BIIB,875045,BIOGEN INC.,2015,2015-12-31,2016-02-03,0000875045-16-000042,10-K,10763800000,1240400000,9523400000,2113100000,4891000000,5491400000,95500000,4767300000,1161600000,3547000000,15.38,15.34,230700000,231200000,1308000000,6700300000,19504800000,4800000,6521500000,2577700000,10129900000,9372800000,3716100000,643000000,-4553600000,986400000,
BIIB,875045,BIOGEN INC.,2016,2016-12-31,2017-02-02,0000875045-17-000009,10-K,11448800000,1478700000,9970100000,1947900000,5150400000,5833100000,260000000,4933000000,1237300000,3702800000,16.96,16.93,218400000,218800000,2326500000,8732200000,22876800000,4700000,6512700000,3419900000,10748200000,12140100000,4522400000,616100000,-2484800000,-987800000,
BIIB,875045,BIOGEN INC.,2017,2017-12-31,2018-02-01,0000875045-18-000005,10-K,12273900000,1630000000,10643900000,1935500000,5344200000,6425200000,250800000,5128800000,2458700000,2539100000,11.94,11.92,212600000,213000000,1573800000,7873300000,23652600000,3200000,5935000000,3368200000,11054500000,12612800000,4551000000,867400000,-2963100000,-2380000000,
BIIB,875045,BIOGEN INC.,2018,2018-12-31,2019-02-06,0000875045-19-000006,10-K,13452900000,1816300000,11636600000,2106300000,5888600000,6905200000,200600000,5899600000,1425600000,4430700000,21.63,21.58,204900000,205300000,1224600000,7640900000,25288900000,0,5936500000,3295200000,12257300000,13039600000,6187700000,770600000,-2046300000,-4472000000,
BIIB,875045,BIOGEN INC.,2019,2019-12-31,2020-02-06,0000875045-20-000005,10-K,14377900000,1955400000,12422500000,2374700000,7042600000,7723200000,187400000,7125900000,1158000000,5888500000,31.47,31.42,187100000,187400000,2913700000,8381800000,27234300000,1495800000,4459000000,4863800000,13895200000,13343200000,7078600000,514500000,470500000,-5860400000,
BIIB,875045,BIOGEN INC.,2020,2020-12-31,2021-02-03,0000875045-21-000010,10-K,13444600000,1805200000,11639400000,2504500000,4550100000,5007300000,222500000,5047500000,992300000,4000600000,24.86,24.8,160900000,161300000,1331200000,6887100000,24618900000,0,7426200000,3742200000,13932800000,10700300000,4229800000,424800000,-608600000,-5272700000,
BIIB,875045,BIOGEN INC.,2021,2021-12-31,2022-02-03,0000875045-22-000007,10-K,10981700000,2109700000,8872000000,2674300000,2840700000,3328400000,253600000,1745200000,52500000,1556100000,10.44,10.4,149100000,149600000,2261400000,7856500000,23877300000,999100000,6274000000,4298200000,12917600000,10896200000,3639900000,258100000,-563700000,-2086200000,
BIIB,875045,BIOGEN INC.,2022,2022-12-31,2023-02-15,0000875045-23-000009,10-K,10173400000,2278300000,7895100000,2403600000,,,246600000,3591800000,632800000,3046900000,20.96,20.87,145300000,146000000,3419300000,9791200000,24554100000,0,6281000000,3272800000,11165700000,13397900000,1384300000,240300000,1576600000,-1747300000,
BIIB,875045,BIOGEN INC.,2023,2023-12-31,2024-02-14,0000875045-24-000009,10-K,9835600000,2533400000,7302200000,2549700000,,,246900000,1296800000,135300000,1161100000,8.02,7.97,144700000,145600000,1049900000,6859300000,26844800000,150000000,6938200000,3434300000,12045400000,14799400000,1547200000,277000000,-4101000000,149300000,
BIIB,875045,BIOGEN INC.,2024,2024-12-31,2025-02-12,0000875045-25-000009,10-K,9675900000,2310400000,7365500000,2403700000,,,250300000,1906000000,273800000,1632200000,11.21,11.18,145600000,145900000,2375000000,7456800000,28049300000,1748600000,6295800000,5528800000,11333300000,16716000000,2875500000,153700000,-799200000,-683500000,
BIIB,875045,BIOGEN INC.,2025,2025-12-31,2026-02-06,0000875045-26-000013,10-K,9890600000,2404200000,7486400000,2433600000,,,267500000,1556500000,263600000,1292900000,8.83,8.79,146500000,147100000,3008500000,8974100000,29439500000,0,6286800000,3349400000,11182700000,18256800000,2204600000,153800000,-1371100000,-301900000,
BLDR,1316835,"BUILDERS FIRSTSOURCE, INC.",2009,2009-12-31,2012-03-02,0001193125-12-094395,10-K,677886000,535480000,142406000,201403000,-60667000,,27045000,-87712000,-30823000,-61854000,,,,,84098000,,,,,,,46947000,-2746000,2103000,-117000,-19930000,
BLDR,1316835,"BUILDERS FIRSTSOURCE, INC.",2010,2010-12-31,2012-03-02,0001193125-12-094395,10-K,700343000,568587000,131756000,194092000,-63733000,,31672000,-95405000,-1112000,-95508000,,,,,103234000,235349000,412804000,5301000,163801000,76451000,253299000,159505000,-41720000,8953000,-8351000,69207000,
BLDR,1316835,"BUILDERS FIRSTSOURCE, INC.",2011,2011-12-31,2012-03-02,0001193125-12-094395,10-K,779093000,621148000,157945000,192959000,-37475000,,24939000,-62414000,2217000,-64995000,,,,,146833000,319661000,488803000,54000,297455000,73855000,387579000,101224000,-66408000,4792000,-18608000,128615000,
BLDR,1316835,"BUILDERS FIRSTSOURCE, INC.",2012,2012-12-31,2013-03-01,0001193125-13-087218,10-K,1070676000,856110000,214566000,222263000,-8703000,1997000,45139000,-53842000,577000,-56856000,,,95463000,95463000,131432000,379872000,550841000,60000,360895000,117235000,502745000,48096000,-66850000,10398000,-9033000,60482000,
BLDR,1316835,"BUILDERS FIRSTSOURCE, INC.",2013,2013-12-31,2014-02-28,0001564590-14-000455,10-K,1489892000,1169972000,319920000,271885000,48042000,56942000,89638000,-41596000,769000,-42691000,,,96449000,96449000,54696000,331161000,515839000,67000,353904000,126423000,500471000,15368000,-47576000,15051000,571000,-29731000,
BLDR,1316835,"BUILDERS FIRSTSOURCE, INC.",2014,2014-12-31,2015-03-03,0001564590-15-001235,10-K,1604096000,1247099000,356997000,306508000,50018000,58518000,30349000,19669000,1111000,18150000,0.19,0.18,98050000,100522000,17773000,331540000,583065000,30074000,353830000,172167000,542865000,40200000,27493000,25716000,-94840000,30424000,
BLDR,1316835,"BUILDERS FIRSTSOURCE, INC.",2015,2015-12-31,2016-03-11,0001564590-16-014562,10-K,3564425000,2662967000,901458000,810841000,90617000,136917000,109199000,-18582000,4387000,-22831000,-0.22,-0.22,103190000,103190000,65063000,1194329000,2882038000,,,735238000,2732843000,149195000,177034000,43811000,-1508047000,1378303000,
BLDR,1316835,"BUILDERS FIRSTSOURCE, INC.",2016,2016-12-31,2017-03-01,0001564590-17-003114,10-K,6367284000,4770536000,1596748000,1360412000,236336000,323536000,214667000,21669000,-122672000,144341000,1.3,1.27,110754000,113585000,14449000,1215981000,2909887000,,,754697000,2600267000,309620000,158227000,42662000,-38327000,-170514000,
BLDR,1316835,"BUILDERS FIRSTSOURCE, INC.",2017,2017-12-31,2018-03-01,0001564590-18-004035,10-K,7034209000,5306818000,1727391000,1442288000,285103000,378096000,193174000,91929000,53148000,38781000,0.34,0.34,112587000,115597000,57533000,1395868000,3006124000,,,798354000,2629915000,376209000,178528000,62407000,-59426000,-76018000,
BLDR,1316835,"BUILDERS FIRSTSOURCE, INC.",2018,2018-12-31,2019-03-01,0001564590-19-005770,10-K,7724771000,5801831000,1922940000,1553972000,368968000,466874000,,260755000,55564000,205191000,1.79,1.76,114586000,116554000,10127000,1373751000,2932309000,,,731259000,2335971000,596338000,282830000,101411000,-96658000,-233578000,
BLDR,1316835,"BUILDERS FIRSTSOURCE, INC.",2019,2019-12-31,2020-02-21,0001564590-20-005717,10-K,7280431000,5303602000,1976829000,1584523000,392306000,492344000,,282755000,60946000,221809000,1.92,1.9,115713000,117025000,14096000,1306867000,3249490000,,,821301000,2424537000,824953000,504046000,112870000,-199180000,-300897000,
BLDR,1316835,"BUILDERS FIRSTSOURCE, INC.",2020,2020-12-31,2021-02-26,0001564590-21-009308,10-K,8558874000,6336290000,2222584000,1678730000,543854000,660420000,,408166000,94629000,313537000,2.69,2.66,116611000,117917000,423806000,2223682000,4173671000,,,1074853000,3020888000,1152783000,260067000,112082000,-136225000,285868000,
BLDR,1316835,"BUILDERS FIRSTSOURCE, INC.",2021,2021-12-31,2022-03-01,0001564590-22-007980,10-K,19893856000,14042900000,5850956000,3463532000,2387424000,2934776000,,2251547000,526131000,1725416000,8.55,8.48,201839000,203470000,42603000,3968269000,10714343000,,,2128711000,5911862000,4802481000,1743549000,227891000,-1344640000,-780112000,
BLDR,1316835,"BUILDERS FIRSTSOURCE, INC.",2022,2022-12-31,2023-02-28,0000950170-23-004939,10-K,22726418000,14982039000,7744379000,3974173000,3770206000,4267346000,,3571833000,822464000,2749369000,16.98,16.82,161960000,163481000,80445000,3497647000,10595160000,,,1842779000,5632594000,4962566000,3599231000,340152000,-957479000,-2603910000,
BLDR,1316835,"BUILDERS FIRSTSOURCE, INC.",2023,2023-12-31,2024-02-22,0000950170-24-018584,10-K,17097330000,11084996000,6012334000,3836015000,2176319000,2734594000,,1984204000,443649000,1540555000,12.06,11.94,127777000,128998000,66156000,3300728000,10499452000,,,1863437000,5767101000,4732351000,2306872000,476335000,-668293000,-1652868000,
BLDR,1316835,"BUILDERS FIRSTSOURCE, INC.",2024,2024-12-31,2025-02-20,0000950170-25-023953,10-K,16400492000,11017448000,5383044000,3787795000,1595249000,2157178000,,1387525000,309627000,1077898000,9.13,9.06,118038000,118980000,153624000,3141239000,10583086000,,,1777276000,6286616000,4296470000,1872692000,380569000,-710719000,-1074505000,
BLDR,1316835,"BUILDERS FIRSTSOURCE, INC.",2025,2025-12-31,2026-02-17,0001193125-26-054643,10-K,15190638000,10574861000,4615777000,3829501000,786276000,1377708000,,512382000,77183000,435199000,3.91,3.89,111421000,111822000,181753000,2927283000,11237530000,,,1574941000,6885279000,4352251000,1215886000,362602000,-1467174000,279417000,
BMY,14272,BRISTOL-MYERS SQUIBB COMPANY,2007,2007-12-31,2010-02-19,0001193125-10-035167,10-K,15617000000,4919000000,10698000000,3941000000,,,,2523000000,471000000,2165000000,1.09,1.09,,,1801000000,,,,,,,,3153000000,843000000,-202000000,-3213000000,2213000000
BMY,14272,BRISTOL-MYERS SQUIBB COMPANY,2008,2008-12-31,2010-02-19,0001193125-10-035167,10-K,17715000000,5316000000,12399000000,4140000000,,,,4776000000,1090000000,5247000000,2.64,2.62,,,7976000000,14697000000,29486000000,154000000,6585000000,6710000000,17278000000,12241000000,3707000000,941000000,5079000000,-2582000000,2461000000
BMY,14272,BRISTOL-MYERS SQUIBB COMPANY,2009,2009-12-31,2010-02-19,0001193125-10-035167,10-K,18808000000,5140000000,13668000000,3946000000,,,,5602000000,1182000000,10612000000,5.35,5.34,,,7683000000,13958000000,31008000000,231000000,6130000000,6313000000,16223000000,14843000000,4065000000,730000000,-4380000000,-17000000,2483000000
BMY,14272,BRISTOL-MYERS SQUIBB COMPANY,2010,2010-12-31,2011-02-18,0001193125-11-040120,10-K,19484000000,5277000000,14207000000,3686000000,,,145000000,6071000000,1558000000,3102000000,1.8,1.79,,,5033000000,13273000000,31076000000,117000000,5328000000,6739000000,15438000000,15713000000,4491000000,424000000,-3812000000,-3343000000,2202000000
BMY,14272,BRISTOL-MYERS SQUIBB COMPANY,2011,2011-12-31,2012-02-17,0001193125-12-066416,10-K,21244000000,5598000000,15646000000,4203000000,,,145000000,6981000000,1721000000,3709000000,2.18,2.16,1700000000,1717000000,5776000000,15318000000,32970000000,115000000,5376000000,7780000000,17103000000,15956000000,4840000000,367000000,-1437000000,-2657000000,2254000000
BMY,14272,BRISTOL-MYERS SQUIBB COMPANY,2012,2012-12-31,2013-02-15,0001193125-13-061678,10-K,17621000000,4610000000,13011000000,4220000000,,,182000000,2340000000,-161000000,1960000000,1.17,1.16,1670000000,1688000000,1656000000,9521000000,35897000000,,6568000000,8279000000,22259000000,13623000000,6941000000,548000000,-6727000000,-4333000000,2286000000
BMY,14272,BRISTOL-MYERS SQUIBB COMPANY,2013,2013-12-31,2014-02-14,0000014272-14-000054,10-K,16385000000,4619000000,11766000000,4084000000,,,199000000,2891000000,311000000,2563000000,1.56,1.54,1644000000,1662000000,3586000000,18916000000,38592000000,359000000,7981000000,12440000000,23356000000,15154000000,3545000000,537000000,-572000000,-1068000000,2309000000
BMY,14272,BRISTOL-MYERS SQUIBB COMPANY,2014,2014-12-31,2015-02-13,0000014272-15-000055,10-K,15879000000,3932000000,11947000000,4088000000,,,203000000,2381000000,352000000,2004000000,1.21,1.2,1657000000,1670000000,5571000000,14608000000,33749000000,590000000,7242000000,8461000000,18766000000,14852000000,3148000000,526000000,1216000000,-2437000000,2398000000
BMY,14272,BRISTOL-MYERS SQUIBB COMPANY,2015,2015-12-31,2016-02-12,0000014272-16-000288,10-K,16560000000,3909000000,12651000000,4841000000,,,184000000,2077000000,446000000,1565000000,0.94,0.93,1667000000,1679000000,2385000000,10415000000,31748000000,139000000,6550000000,8017000000,17324000000,14266000000,1832000000,820000000,-1572000000,-3351000000,2477000000
BMY,14272,BRISTOL-MYERS SQUIBB COMPANY,2016,2016-12-31,2017-02-21,0000014272-17-000047,10-K,19427000000,4946000000,14481000000,4911000000,,,167000000,5915000000,1408000000,4457000000,2.67,2.65,1671000000,1680000000,4237000000,13704000000,33707000000,992000000,5716000000,8841000000,17360000000,16177000000,2850000000,1215000000,1480000000,-2445000000,2547000000
BMY,14272,BRISTOL-MYERS SQUIBB COMPANY,2017,2017-12-31,2018-02-13,0000014272-18-000055,10-K,20776000000,6066000000,14710000000,4687000000,,,196000000,5131000000,4156000000,1007000000,0.61,0.61,1645000000,1652000000,5421000000,14854000000,33551000000,512000000,6975000000,9563000000,21704000000,11741000000,5275000000,1055000000,-66000000,-4077000000,2577000000
BMY,14272,BRISTOL-MYERS SQUIBB COMPANY,2018,2018-12-31,2019-02-25,0000014272-19-000047,10-K,22561000000,6547000000,16014000000,4551000000,,,183000000,5968000000,1021000000,4920000000,3.01,3.01,1633000000,1637000000,6911000000,17160000000,34986000000,1703000000,5646000000,10654000000,20859000000,14031000000,5940000000,951000000,-874000000,-3535000000,2613000000
BMY,14272,BRISTOL-MYERS SQUIBB COMPANY,2019,2019-12-31,2020-02-24,0000014272-20-000082,10-K,26145000000,8078000000,18067000000,4871000000,,,656000000,4975000000,1515000000,3439000000,2.02,2.01,1705000000,1712000000,12346000000,29354000000,129944000000,3346000000,43387000000,18304000000,78246000000,51598000000,8067000000,836000000,-9770000000,7621000000,2679000000
BMY,14272,BRISTOL-MYERS SQUIBB COMPANY,2020,2020-12-31,2021-02-10,0000014272-21-000066,10-K,42518000000,11773000000,30745000000,7661000000,,,1420000000,-6871000000,2124000000,-9015000000,-3.99,-3.99,2258000000,2258000000,14546000000,30192000000,118481000000,2340000000,48336000000,19080000000,80599000000,37822000000,14052000000,753000000,-10859000000,-1151000000,4075000000
BMY,14272,BRISTOL-MYERS SQUIBB COMPANY,2021,2021-12-31,2022-02-09,0000014272-22-000051,10-K,46385000000,9940000000,36445000000,7690000000,,,1334000000,8098000000,1084000000,6994000000,3.15,3.12,2221000000,2245000000,13979000000,33262000000,109314000000,4948000000,39605000000,21868000000,73308000000,35946000000,16207000000,973000000,-538000000,-16224000000,4396000000
BMY,14272,BRISTOL-MYERS SQUIBB COMPANY,2022,2022-12-31,2023-02-14,0000014272-23-000046,10-K,46159000000,10137000000,36022000000,7814000000,,,1232000000,7713000000,1368000000,6327000000,2.97,2.95,2130000000,2146000000,9123000000,27273000000,96820000000,4264000000,35056000000,21890000000,65702000000,31061000000,13066000000,1118000000,-1062000000,-16962000000,4634000000
BMY,14272,BRISTOL-MYERS SQUIBB COMPANY,2023,2023-12-31,2024-02-13,0000014272-24-000044,10-K,45006000000,10693000000,34313000000,7772000000,,,1166000000,8440000000,400000000,8025000000,3.88,3.86,2069000000,2078000000,11464000000,31770000000,95159000000,3119000000,36653000000,22262000000,65674000000,29430000000,13860000000,1209000000,-2295000000,-9416000000,4744000000
BMY,14272,BRISTOL-MYERS SQUIBB COMPANY,2024,2024-12-31,2025-02-12,0000014272-25-000039,10-K,48300000000,13968000000,34332000000,8414000000,,,,-8379000000,554000000,-8948000000,-4.41,-4.41,2027000000,2027000000,10346000000,29780000000,92603000000,2046000000,47603000000,23774000000,76215000000,16335000000,15190000000,1248000000,-21352000000,5127000000,4863000000
BMY,14272,BRISTOL-MYERS SQUIBB COMPANY,2025,2025-12-31,2026-02-11,0000014272-26-000004,10-K,48194000000,13936000000,34258000000,7267000000,,,,9328000000,2272000000,7054000000,3.47,3.46,2034000000,2039000000,10209000000,29390000000,90038000000,2261000000,42850000000,23417000000,71533000000,18473000000,14156000000,1311000000,-4132000000,-10348000000,5045000000
CAT,18230,CATERPILLAR INC,2007,2007-12-31,2010-02-19,0000018230-10-000092,10-K,44958000000,32626000000,12332000000,3821000000,4921000000,6718000000,,4990000000,1485000000,3541000000,5.55,5.37,638200000,659500000,1122000000,25477000000,56132000000,,,22245000000,47136000000,8996000000,7955000000,1700000000,-4408000000,-2989000000,845000000
CAT,18230,CATERPILLAR INC,2008,2008-12-31,2010-02-19,0000018230-10-000092,10-K,51324000000,38415000000,12909000000,4399000000,4448000000,6428000000,,4501000000,953000000,3557000000,5.83,5.66,610500000,627900000,2736000000,31633000000,67782000000,,,26069000000,61068000000,6190000000,4797000000,2445000000,-6296000000,2955000000,953000000
CAT,18230,CATERPILLAR INC,2009,2009-12-31,2010-02-19,0000018230-10-000092,10-K,32396000000,23886000000,8510000000,3645000000,577000000,2913000000,,569000000,-270000000,895000000,1.45,1.43,615200000,626000000,4867000000,26789000000,60038000000,,,19292000000,50738000000,8823000000,6343000000,1348000000,1002000000,-5215000000,1029000000
CAT,18230,CATERPILLAR INC,2010,2010-12-31,2011-02-22,0001104659-11-008938,10-K,42588000000,30367000000,12221000000,4248000000,3963000000,6259000000,,3750000000,968000000,2700000000,4.28,4.15,631500000,650400000,,31810000000,64020000000,4056000000,20437000000,22020000000,52695000000,10864000000,5009000000,1575000000,-1595000000,-4613000000,1084000000
CRM,1108524,"Salesforce, Inc.",2008,2008-01-31,2010-03-11,0001193125-10-053838,10-K,748700000,171591000,577109000,116508000,20309000,44528000,46000,46213000,23385000,18356000,0.16,0.15,116840000,122422000,279095000,,,,,,,461002000,204275000,43552000,-102709000,92713000,
CRM,1108524,"Salesforce, Inc.",2009,2009-01-31,2010-03-11,0001193125-10-053838,10-K,1076769000,220471000,856298000,158613000,63742000,99713000,107000,85592000,37557000,43428000,0.36,0.35,121183000,125228000,483834000,1068557000,1479822000,,,766966000,797335000,671784000,229557000,61059000,-120997000,96911000,
CRM,1108524,"Salesforce, Inc.",2010,2010-01-31,2010-03-11,0001193125-10-053838,10-K,1305583000,257925000,1047658000,195290000,115272000,168449000,2000000,142381000,57689000,80719000,0.65,0.63,124462000,128114000,1011306000,1706159000,2460201000,,,908130000,1403535000,1043802000,270911000,53901000,-378616000,637153000,
CRM,1108524,"Salesforce, Inc.",2011,2011-01-31,2011-03-23,0001193125-11-075314,10-K,1657139000,323813000,1333326000,255913000,97497000,173243000,24909000,104298000,34601000,64474000,0.5,0.47,130222000,136598000,424292000,1074924000,3091165000,,,1276466000,1814674000,1276491000,459081000,90887000,-1062554000,14074000,
CRM,1108524,"Salesforce, Inc.",2012,2012-01-31,2012-03-09,0001193125-12-107281,10-K,2266539000,488886000,1777653000,347781000,-35085000,122201000,17045000,-33317000,-21745000,-11572000,-0.09,-0.09,135302000,135302000,607284000,1672222000,4164154000,,,2323471000,2498053000,1587360000,591507000,151645000,-489690000,75850000,
CRM,1108524,"Salesforce, Inc.",2013,2013-01-31,2013-03-08,0001193125-13-098852,10-K,3050195000,683579000,2366616000,433821000,-110710000,106085000,30948000,-127794000,142651000,-270445000,-1.92,-1.92,141224000,141224000,747245000,2015880000,5528956000,,,2917624000,3157711000,2317633000,736897000,175601000,-938918000,334545000,
CRM,1108524,"Salesforce, Inc.",2014,2014-01-31,2014-03-05,0001193125-14-084762,10-K,4071003000,968428000,3102575000,596719000,-286074000,83349000,77211000,-357935000,-125760000,-232175000,-0.39,-0.39,597613000,597613000,781635000,2680252000,9152930000,30000000,255000000,3980188000,6087715000,3038510000,875469000,299110000,-2431555000,1598234000,
CRM,1108524,"Salesforce, Inc.",2015,2015-01-31,2015-03-06,0001108524-15-000008,10-K,5373586000,1289270000,4084316000,679936000,-145633000,302663000,73237000,-213085000,49603000,-262688000,-0.42,-0.42,624148000,624148000,908117000,3550072000,10692982000,,,4390103000,6717799000,3975183000,1173714000,290454000,-698360000,-310481000,
CRM,1108524,"Salesforce, Inc.",2016,2016-01-31,2016-03-07,0001108524-16-000053,10-K,6667216000,1654548000,5012668000,748238000,114923000,640673000,72485000,64279000,111705000,-47426000,-0.07,-0.07,661647000,661647000,1158363000,4347327000,12770772000,,,5617005000,7767903000,5002869000,1612585000,284476000,-1487878000,132648000,
CRM,1108524,"Salesforce, Inc.",2017,2017-01-31,2017-03-06,0001108524-17-000006,10-K,8391984000,2234039000,6157945000,967563000,64228000,696473000,88988000,25383000,-154249000,179632000,0.26,0.26,687797000,700217000,1606549000,5996827000,17584923000,,,7258353000,10084796000,7500127000,2162198000,463958000,-2684341000,997698000,
CRM,1108524,"Salesforce, Inc.",2018,2018-01-31,2018-03-09,0001108524-18-000011,10-K,,2773522000,7706490000,1088358000,235768000,988368000,86943000,202108000,74630000,127478000,0.18,0.17,714919000,734598000,2543484000,9290371000,21009802000,1024717000,694781000,10129518000,11617439000,9388496000,2737965000,534027000,-2010502000,221225000,
CRM,1108524,"Salesforce, Inc.",2019,2019-01-31,2019-03-08,0001108524-19-000009,10-K,13282000000,3451000000,9831000000,1346000000,535000000,1497000000,154000000,983000000,-127000000,1110000000,1.48,1.43,751000000,775000000,2669000000,10683000000,30737000000,3000000,3173000000,11255000000,15132000000,15605000000,3398000000,595000000,-5308000000,2010000000,
CRM,1108524,"Salesforce, Inc.",2020,2020-01-31,2020-03-05,0001108524-20-000014,10-K,17098000000,4235000000,12863000000,1704000000,297000000,752000000,110000000,706000000,580000000,126000000,0.15,0.15,829000000,850000000,4145000000,15963000000,55126000000,4000000,2673000000,14845000000,21241000000,33885000000,4331000000,643000000,-2980000000,164000000,
CRM,1108524,"Salesforce, Inc.",2021,2021-01-31,2021-03-17,0001108524-21-000014,10-K,21252000000,5438000000,15814000000,2087000000,455000000,1034000000,110000000,2561000000,-1511000000,4072000000,4.48,4.38,908000000,930000000,6195000000,21889000000,66301000000,4000000,2673000000,17728000000,24808000000,41493000000,4801000000,710000000,-3971000000,1194000000,
CRM,1108524,"Salesforce, Inc.",2022,2022-01-31,2022-03-11,0001108524-22-000013,10-K,26492000000,7026000000,19466000000,2598000000,548000000,1226000000,216000000,1532000000,88000000,1444000000,1.51,1.48,955000000,974000000,5464000000,22850000000,95209000000,4000000,10592000000,21788000000,37078000000,58131000000,6000000000,717000000,-14536000000,7838000000,
CRM,1108524,"Salesforce, Inc.",2023,2023-01-31,2023-03-08,0001108524-23-000011,10-K,31352000000,8360000000,22992000000,2553000000,1030000000,1933000000,287000000,660000000,452000000,208000000,0.21,0.21,992000000,997000000,7016000000,26395000000,98849000000,1182000000,9419000000,25891000000,40490000000,58359000000,7111000000,798000000,-1989000000,-3562000000,
CRM,1108524,"Salesforce, Inc.",2024,2024-01-31,2024-03-06,0001108524-24-000005,10-K,34857000000,8541000000,26316000000,2534000000,5011000000,6111000000,,4950000000,814000000,4136000000,4.25,4.2,974000000,984000000,8472000000,29074000000,99823000000,999000000,8427000000,26631000000,40177000000,59646000000,10234000000,736000000,-1327000000,-7477000000,
CRM,1108524,"Salesforce, Inc.",2025,2025-01-31,2025-03-05,0001108524-25-000006,10-K,37895000000,8643000000,29252000000,2836000000,7205000000,8205000000,272000000,7438000000,1241000000,6197000000,6.44,6.36,962000000,974000000,8848000000,29727000000,102928000000,0,8433000000,27980000000,41755000000,61173000000,13092000000,658000000,-3163000000,-9429000000,1537000000
CRM,1108524,"Salesforce, Inc.",2026,2026-01-31,2026-03-02,0001108524-26-000060,10-K,41525000000,9270000000,32255000000,3000000000,8331000000,9531000000,324000000,9520000000,2063000000,7457000000,7.85,7.8,950000000,956000000,7327000000,28222000000,112305000000,4000000000,10439000000,37118000000,53163000000,59142000000,14996000000,594000000,-8590000000,-8079000000,1587000000
CSCO,858877,"CISCO SYSTEMS, INC.",2008,2008-07-26,2010-09-21,0001193125-10-213400,10-K,39540000000,14194000000,25346000000,1387000000,9442000000,,319000000,3044000000,2203000000,8052000000,1.35,1.31,5986000000,6163000000,5191000000,,,,,,,34402000000,12089000000,1268000000,-4193000000,-6433000000,
CSCO,858877,"CISCO SYSTEMS, INC.",2009,2009-07-25,2010-09-21,0001193125-10-213400,10-K,36117000000,13023000000,23094000000,1565000000,7322000000,,346000000,1650000000,1559000000,6134000000,1.05,1.05,5828000000,5857000000,5718000000,44177000000,68128000000,0,10295000000,13655000000,29451000000,38647000000,9897000000,1005000000,-9959000000,589000000,
CSCO,858877,"CISCO SYSTEMS, INC.",2010,2010-07-31,2010-09-21,0001193125-10-213400,10-K,40040000000,14397000000,25643000000,1999000000,9164000000,,623000000,1102000000,1648000000,7767000000,1.36,1.33,5732000000,5848000000,4581000000,51421000000,81130000000,3096000000,12188000000,19233000000,36845000000,44267000000,10173000000,1008000000,-11931000000,621000000,
CSCO,858877,"CISCO SYSTEMS, INC.",2011,2011-07-30,2011-09-14,0001193125-11-247394,10-K,43218000000,16682000000,26536000000,1908000000,7674000000,,628000000,1214000000,1335000000,6490000000,1.17,1.17,5529000000,5563000000,7662000000,57231000000,87095000000,588000000,16234000000,17506000000,39836000000,47226000000,10079000000,1174000000,-2934000000,-4064000000,658000000
CSCO,858877,"CISCO SYSTEMS, INC.",2012,2012-07-28,2012-09-12,0001193125-12-388590,10-K,46061000000,17852000000,28209000000,2322000000,10065000000,,596000000,3235000000,2118000000,8041000000,1.5,1.49,5370000000,5404000000,9799000000,61933000000,91759000000,31000000,16297000000,17731000000,40458000000,51286000000,11491000000,1126000000,-3815000000,-5539000000,1501000000
CSCO,858877,"CISCO SYSTEMS, INC.",2013,2013-07-27,2013-09-10,0000858877-13-000049,10-K,48607000000,19167000000,29440000000,2264000000,11196000000,,583000000,11227000000,1244000000,9983000000,1.87,1.86,5329000000,5380000000,7925000000,65521000000,101191000000,3283000000,12928000000,22192000000,42063000000,59120000000,12894000000,1160000000,-11768000000,-3000000000,3310000000
CSCO,858877,"CISCO SYSTEMS, INC.",2014,2014-07-26,2014-09-09,0000858877-14-000029,10-K,47142000000,19373000000,27769000000,1934000000,9345000000,10545000000,564000000,9715000000,1862000000,7853000000,1.5,1.49,5234000000,5281000000,6726000000,67114000000,105134000000,508000000,20401000000,19809000000,48473000000,56654000000,12332000000,1275000000,-6643000000,-6888000000,3758000000
CSCO,858877,"CISCO SYSTEMS, INC.",2015,2015-07-25,2015-09-08,0000858877-15-000070,10-K,49161000000,19480000000,29681000000,2040000000,10770000000,11870000000,566000000,11201000000,2220000000,8981000000,1.76,1.75,5104000000,5146000000,6877000000,76283000000,113481000000,3897000000,21457000000,23623000000,53774000000,59698000000,12552000000,1227000000,-10088000000,-2313000000,4086000000
CSCO,858877,"CISCO SYSTEMS, INC.",2016,2016-07-30,2016-09-08,0000858877-16-000117,10-K,49247000000,18287000000,30960000000,1814000000,12660000000,13660000000,676000000,12920000000,2181000000,10739000000,2.13,2.11,5053000000,5088000000,7631000000,78719000000,121652000000,4160000000,24483000000,24911000000,58067000000,63586000000,13570000000,1146000000,-8117000000,-4699000000,4750000000
CSCO,858877,"CISCO SYSTEMS, INC.",2017,2017-07-29,2017-09-07,0000858877-17-000016,10-K,48005000000,17781000000,30224000000,1993000000,11973000000,13073000000,861000000,12287000000,2678000000,9609000000,1.92,1.9,5010000000,5049000000,11708000000,83703000000,129818000000,7992000000,25725000000,27583000000,63681000000,66137000000,13876000000,964000000,-5993000000,-3806000000,5511000000
CSCO,858877,"CISCO SYSTEMS, INC.",2018,2018-07-28,2018-09-06,0000858877-18-000011,10-K,49330000000,18724000000,30606000000,2144000000,12309000000,13409000000,943000000,13039000000,12929000000,110000000,0.02,0.02,4837000000,4881000000,8934000000,61837000000,108784000000,5238000000,20331000000,27035000000,65580000000,43204000000,13666000000,834000000,15324000000,-31764000000,5968000000
CSCO,858877,"CISCO SYSTEMS, INC.",2019,2019-07-27,2019-09-05,0000858877-19-000012,10-K,51904000000,19238000000,32666000000,1827000000,14219000000,15219000000,859000000,14571000000,2950000000,11621000000,2.63,2.61,4419000000,4453000000,11750000000,47755000000,97793000000,10191000000,14475000000,31712000000,64222000000,33571000000,15831000000,909000000,14837000000,-27889000000,5979000000
CSCO,858877,"CISCO SYSTEMS, INC.",2020,2020-07-25,2020-09-03,0000858877-20-000010,10-K,49301000000,17618000000,31683000000,1925000000,13620000000,14520000000,585000000,13970000000,2756000000,11214000000,2.65,2.64,4236000000,4254000000,11809000000,43573000000,94853000000,3005000000,11578000000,25331000000,56933000000,37920000000,15426000000,770000000,3500000000,-18886000000,6016000000
CSCO,858877,"CISCO SYSTEMS, INC.",2021,2021-07-31,2021-09-09,0000858877-21-000013,10-K,49818000000,17924000000,31894000000,2152000000,12833000000,13633000000,434000000,13262000000,2671000000,10591000000,2.51,2.5,4222000000,4236000000,9175000000,39112000000,97497000000,2508000000,9018000000,26257000000,56222000000,41275000000,15454000000,692000000,-5285000000,-12039000000,6163000000
CSCO,858877,"CISCO SYSTEMS, INC.",2022,2022-07-30,2022-09-08,0000858877-22-000013,10-K,51557000000,19309000000,32248000000,2101000000,13969000000,14769000000,360000000,14477000000,2665000000,11812000000,2.83,2.82,4170000000,4192000000,7079000000,36717000000,94002000000,1099000000,8416000000,25640000000,54229000000,39773000000,13226000000,477000000,1553000000,-15962000000,6224000000
CSCO,858877,"CISCO SYSTEMS, INC.",2023,2023-07-29,2023-09-07,0000858877-23-000023,10-K,56998000000,21245000000,35753000000,2478000000,15031000000,15731000000,427000000,15318000000,2705000000,12613000000,3.08,3.07,4093000000,4105000000,10123000000,43348000000,101852000000,1733000000,6658000000,31309000000,57499000000,44353000000,19886000000,849000000,-5107000000,-11626000000,6302000000
CSCO,858877,"CISCO SYSTEMS, INC.",2024,2024-07-27,2024-09-05,0000858877-24-000017,10-K,53803000000,18975000000,34828000000,2813000000,12181000000,12881000000,,12234000000,1914000000,10320000000,2.55,2.54,4043000000,4062000000,7508000000,36862000000,124413000000,11341000000,19621000000,40584000000,78956000000,45457000000,10880000000,670000000,-20478000000,6844000000,6384000000
CSCO,858877,"CISCO SYSTEMS, INC.",2025,2025-07-26,2025-09-03,0000858877-25-000111,10-K,56654000000,19864000000,36790000000,2992000000,11760000000,12460000000,,11100000000,920000000,10180000000,2.56,2.55,3976000000,3998000000,8346000000,34986000000,122291000000,5232000000,22861000000,35064000000,75448000000,46843000000,14193000000,905000000,1733000000,-15815000000,6437000000
DHI,882184,"D.R. Horton, Inc.",2008,2008-09-30,2010-11-17,0000950123-10-106707,10-K,,,,,,,,-2631800000,1800000,-2633600000,-8.34,-8.34,,,1387300000,,,,,,,2864800000,1876500000,6600000,-3200000,-755600000,142000000
DHI,882184,"D.R. Horton, Inc.",2009,2009-09-30,2010-11-17,0000950123-10-106707,10-K,,,,,,,,-556800000,-7000000,-549800000,-1.73,-1.73,,,1957300000,,6756800000,,,,4356200000,2391800000,1141200000,6200000,-59400000,-511800000,47500000
DHI,882184,"D.R. Horton, Inc.",2010,2010-09-30,2010-11-17,0000950123-10-106707,10-K,,,,,,,,99500000,-145600000,245100000,0.77,0.77,,,1309300000,,5938600000,,,,3315700000,2613200000,709400000,19200000,-318000000,-1039400000,47700000
DHI,882184,"D.R. Horton, Inc.",2016,2016-09-30,2018-11-16,0000882184-18-000120,10-K,12157400000,9502600000,2654800000,1320300000,,,,1353500000,467200000,886300000,2.39,2.36,371000000,375100000,1303200000,,,,,,,6793000000,623900000,78100000,-112600000,-591900000,118700000
DHI,882184,"D.R. Horton, Inc.",2017,2017-09-30,2018-11-16,0000882184-18-000120,10-K,14091000000,11042800000,3048200000,1471600000,,,,1602100000,563700000,1038400000,2.77,2.74,374300000,378900000,1007800000,,12184600000,,,,4437000000,7747100000,440200000,102700000,-171000000,-564600000,149600000
DHI,882184,"D.R. Horton, Inc.",2018,2018-09-30,2018-11-16,0000882184-18-000120,10-K,16068000000,12398100000,3669900000,1676800000,,,0,2060000000,597700000,1460300000,3.88,3.81,376600000,383400000,1473100000,,14114600000,,,,4955700000,8984400000,545200000,68100000,2600000,-82500000,188400000
DHI,882184,"D.R. Horton, Inc.",2019,2019-09-30,2019-11-25,0000882184-19-000147,10-K,17592900000,13720900000,3872000000,1832500000,,,,2125300000,506700000,1618500000,4.34,4.29,372600000,377400000,1494300000,,15606600000,,,,5311500000,10020900000,892100000,127200000,-394000000,-490100000,223400000
DHI,882184,"D.R. Horton, Inc.",2020,2020-09-30,2020-11-20,0000882184-20-000143,10-K,20311100000,15373200000,4937900000,2047800000,,,,2983000000,602500000,2373700000,6.49,6.41,365500000,370200000,3018500000,,18912300000,,,,6790800000,11840000000,1421600000,96500000,-166100000,270600000,256000000
DHI,882184,"D.R. Horton, Inc.",2021,2021-09-30,2021-11-18,0000882184-21-000190,10-K,27774200000,19899200000,7875000000,2556200000,,,,5356300000,1165100000,4175800000,11.56,11.41,361100000,365800000,3210400000,,24015900000,,,,8799700000,14886500000,534400000,93500000,-252200000,-85100000,289300000
DHI,882184,"D.R. Horton, Inc.",2022,2022-09-30,2022-11-18,0000882184-22-000184,10-K,33480000000,22975900000,10504100000,2933700000,,,,7629700000,1734100000,5857500000,16.65,16.51,351700000,354800000,2540500000,,30351100000,,,,10565500000,19396300000,561800000,148200000,-414900000,-811200000,316500000
DHI,882184,"D.R. Horton, Inc.",2023,2023-09-30,2023-11-17,0000882184-23-000115,10-K,35460400000,26110000000,9350400000,3248800000,,,,6314700000,1519500000,4745700000,13.93,13.82,340700000,343300000,3873600000,,32582400000,,,,9444500000,22696200000,4304100000,148600000,-310200000,-2666700000,341200000
DHI,882184,"D.R. Horton, Inc.",2024,2024-09-30,2024-11-19,0000882184-24-000057,10-K,36801400000,27266000000,9535400000,3599500000,,,,6284700000,1478700000,4756400000,14.44,14.34,329500000,331600000,4516400000,,36104300000,,,,10279900000,25312800000,2189800000,165300000,-190600000,-1355300000,395200000
DHI,882184,"D.R. Horton, Inc.",2025,2025-09-30,2025-11-19,0000882184-25-000081,10-K,34250400000,26134200000,8116200000,3692000000,,,,4739900000,1119000000,3585200000,11.62,11.57,308500000,309900000,2985400000,,35471200000,,,,10729000000,24190400000,3420900000,137400000,-168700000,-4762900000,494800000
EXP,918646,EAGLE MATERIALS INC,2009,2009-03-31,2011-05-26,0001193125-11-151814,10-K,598580000,526604000,71976000,16901000,108004000,159236000,28920000,,20419000,41764000,0.96,0.95,43486728,43879416,17798000,,,,,,,434112000,79385000,16078000,-12082000,-68465000,30441000
EXP,918646,EAGLE MATERIALS INC,2010,2010-03-31,2011-05-26,0001193125-11-151814,10-K,467905000,416032000,51873000,15886000,79191000,129972000,21460000,,10347000,28950000,0.66,0.66,43684942,44038401,1416000,161274000,1013776000,,303000000,71884000,562129000,451647000,64566000,13779000,-13779000,-67169000,17471000
EXP,918646,EAGLE MATERIALS INC,2011,2011-03-31,2011-05-26,0001193125-11-151814,10-K,462180000,426603000,35577000,16667000,60650000,109862000,16520000,,1913000,14849000,0.34,0.34,43891817,44251276,1874000,174626000,982810000,,287000000,70350000,523246000,459564000,44083000,17224000,-16624000,-27001000,17634000
EXP,918646,EAGLE MATERIALS INC,2012,2012-03-31,2012-05-25,0001193125-12-249223,10-K,495023000,454546000,40477000,47312000,69361000,119485000,16621000,21912000,3180000,18732000,0.42,0.42,44224924,44515981,6481000,191841000,985145000,4677000,262259000,77043000,512634000,472511000,60852000,26099000,-26099000,-30146000,17876000
EXP,918646,EAGLE MATERIALS INC,2013,2013-03-31,2013-05-24,0001193125-13-235755,10-K,642562000,539317000,103245000,63051000,134520000,191370000,15823000,84096000,26352000,57744000,1.24,1.22,46622646,47340450,3897000,261271000,1476233000,,489259000,100229000,780063000,696170000,124407000,53011000,-506431000,379441000,18532000
EXP,918646,EAGLE MATERIALS INC,2014,2014-03-31,2014-05-23,0001193125-14-211568,10-K,898396000,712937000,185459000,74727000,224638000,294659000,18282000,181804000,57561000,124243000,2.53,2.49,49090750,49939165,6482000,306960000,1511529000,9500000,371759000,108820000,680030000,831499000,170633000,59490000,-59490000,-108558000,19899000
EXP,918646,EAGLE MATERIALS INC,2015,2015-03-31,2015-05-22,0001564590-15-004591,10-K,1066368000,812235000,254133000,80077000,302301000,378600000,11743000,252927000,66074000,186853000,3.77,3.71,49604249,50372243,7514000,366635000,1882591000,57045000,455714000,184576000,871998000,1010593000,234121000,111573000,-348744000,115655000,20072000
EXP,918646,EAGLE MATERIALS INC,2016,2016-03-31,2016-05-25,0001564590-16-019955,10-K,1143492000,911875000,231617000,93303000,273028000,370133000,16583000,219252000,66660000,152592000,3.08,3.05,49471157,50070829,5391000,380003000,1883635000,8000000,499714000,120589000,843104000,1040531000,265767000,89563000,-121990000,-145900000,20020000
EXP,918646,EAGLE MATERIALS INC,2017,2017-03-31,2017-05-24,0001564590-17-011625,10-K,1211220000,899175000,312045000,90944000,356570000,448361000,22631000,294519000,96300000,198219000,4.14,4.1,47931518,48361286,6561000,400624000,2247124000,81214000,605253000,229519000,1043674000,1203450000,331598000,56938000,-457426000,126998000,19341000
EXP,918646,EAGLE MATERIALS INC,2018,2018-03-31,2018-05-23,0001564590-18-014244,10-K,1386520000,1047764000,338756000,103734000,382175000,496190000,27638000,271962000,15330000,256632000,5.33,5.28,48141226,48645986,9315000,458735000,2368003000,,620922000,179329000,950313000,1417690000,337665000,131957000,-168718000,-127440000,19438000
EXP,918646,EAGLE MATERIALS INC,2019,2019-03-31,2019-05-23,0001564590-19-020349,10-K,1393241000,1066673000,326568000,91158000,365133000,487668000,28374000,79735000,10875000,68860000,1.48,1.47,46620894,46932380,8601000,427621000,2169163000,36500000,655092000,179333000,959676000,1209487000,350284000,168873000,-166592000,-223159000,18927000
EXP,918646,EAGLE MATERIALS INC,2020,2020-03-31,2020-05-22,0001564590-20-026773,10-K,1450814000,1119552000,331262000,122487000,373847000,487365000,38421000,45724000,-25170000,70894000,1.69,1.68,42021892,42285343,118648000,678217000,2961020000,,1567315000,169697000,1993177000,967843000,399301000,132119000,-831080000,541826000,17142000
EXP,918646,EAGLE MATERIALS INC,2021,2021-03-31,2021-05-21,0001564590-21-029341,10-K,1622642000,1214287000,408355000,105820000,445796000,574883000,44420000,424112000,89946000,339444000,8.17,8.12,41543067,41826709,263520000,661689000,2838681000,,1008616000,169354000,1479691000,1358990000,643073000,53933000,37089000,-530290000,4163000
EXP,918646,EAGLE MATERIALS INC,2022,2022-03-31,2022-05-20,0000950170-22-010413,10-K,1861522000,1341908000,519614000,103362000,552102000,680913000,30873000,475094000,100847000,374247000,9.23,9.14,40547048,40929712,19416000,442727000,2579652000,,938265000,207551000,1446096000,1133556000,517171000,74121000,-74121000,-692154000,30770000
EXP,918646,EAGLE MATERIALS INC,2023,2023-03-31,2023-05-19,0000950170-23-023282,10-K,2148069000,1508803000,639266000,119098000,674740000,813294000,35171000,588593000,127053000,461540000,12.54,12.46,36798354,37052942,15242000,521503000,2781002000,10000000,1079032000,212889000,1595308000,1185694000,541726000,110143000,-268594000,-277306000,37496000
EXP,918646,EAGLE MATERIALS INC,2024,2024-03-31,2024-05-22,0000950170-24-063523,10-K,2259297000,1573976000,685321000,134796000,716902000,866734000,42257000,617937000,140298000,477639000,13.72,13.61,34811560,35097871,34925000,627693000,2947019000,10000000,1083299000,239409000,1638484000,1308535000,563938000,120305000,-175358000,-368897000,35298000
EXP,918646,EAGLE MATERIALS INC,2025,2025-03-31,2025-05-20,0000950170-25-075321,10-K,2260508000,1587371000,673137000,148655000,,,40526000,591485000,128069000,463416000,13.88,13.77,33378050,33646395,20401000,668657000,3264588000,15000000,1223316000,245004000,1807888000,1456700000,548548000,195281000,-370131000,-192941000,33722000
EXP,918646,EAGLE MATERIALS INC,2026,2026-03-31,2026-05-19,0001193125-26-230979,10-K,2308658000,1656115000,652543000,167126000,,,46482000,541976000,118167000,423809000,13.24,13.16,32014721,32193791,297920000,950889000,3842244000,15000000,1745081000,260155000,2367416000,1474828000,614166000,416739000,-431739000,95092000,32385000
FLR,1124198,FLUOR CORPORATION,2007,2007-12-31,2010-02-25,0001047469-10-001356,10-K,16691033000,15869204000,821829000,,,,32707000,,113375000,527961000,2.99,2.88,,181043000,1175144000,,,,,,,2318353000,921592000,284240000,-793432000,17173000,70399000
FLR,1124198,FLUOR CORPORATION,2008,2008-12-31,2010-02-25,0001047469-10-001356,10-K,22325894000,21081870000,1244024000,,,,18439000,,392791000,716061000,3.99,3.89,,182612000,1834324000,4668518000,6423577000,,17722000,3162226000,,2671322000,974624000,299611000,22533000,-253198000,89928000
FLR,1124198,FLUOR CORPORATION,2009,2009-12-31,2010-02-25,0001047469-10-001356,10-K,21990297000,20689161000,1301136000,,,,10054000,,403913000,684889000,3.79,3.75,,180862000,1687028000,5122088000,7178483000,,17740000,3301398000,,3305533000,899312000,233113000,-818059000,-317297000,90692000
FLR,1124198,FLUOR CORPORATION,2010,2010-12-31,2011-02-23,0001047469-11-001167,10-K,20849349000,20144099000,705250000,,,,10616000,454066000,118514000,357496000,2.01,1.98,178047000,180988000,2134997000,5562825000,7614923000,,17759000,3523383000,,3496999000,550914000,265410000,218430000,-389872000,90093000
FLR,1124198,FLUOR CORPORATION,2011,2011-12-31,2012-02-22,0001047469-12-001294,10-K,23381399000,22232483000,1148916000,163460000,1043300000,1242665000,15601000,1001816000,303729000,593728000,3.44,3.4,172501000,174564000,2161411000,5880623000,8270276000,,513500000,3840111000,,3395525000,889769000,338167000,-436424000,-395825000,87678000
FLR,1124198,FLUOR CORPORATION,2012,2012-12-31,2013-02-20,0001047469-13-001314,10-K,27577135000,26692138000,884997000,151010000,769400000,979841000,28238000,733505000,162438000,456330000,2.73,2.71,167121000,168491000,2154541000,6094137000,8276043000,20792000,520205000,3887114000,,3341295000,628378000,254747000,-38347000,-616626000,128650000
FLR,1124198,FLUOR CORPORATION,2016,2016-12-31,2019-02-21,0001628280-19-001658,10-K,19036525000,18246209000,790316000,191073000,,,69689000,546600000,219151000,281401000,2.02,2,139171000,140912000,1850436000,,,,,,,3242831000,705919000,235904000,-741351000,-10350000,117995000
FLR,1124198,FLUOR CORPORATION,2017,2017-12-31,2019-02-21,0001628280-19-001658,10-K,19520970000,18902480000,618490000,192187000,,,67638000,386441000,121972000,191377000,1.37,1.36,139761000,140893000,1804075000,5601257000,9327692000,27361000,1591598000,3574170000,,3342310000,601971000,283107000,-484278000,-215502000,117995000
FLR,1124198,FLUOR CORPORATION,2018,2018-12-31,2019-02-21,0001628280-19-001658,10-K,19166599000,18496675000,669924000,147958000,,,77179000,481752000,188794000,224833000,1.6,1.59,140413000,141272000,1764746000,5440893000,8913637000,26887000,1661565000,3552513000,,2963181000,162164000,210998000,1383000,-140491000,118734000
FLR,1124198,FLUOR CORPORATION,2019,2019-12-31,2020-09-25,0001628280-20-013900,10-K,14348018000,14775399000,-427381000,159089000,-385900000,-231301000,74104000,-1276700000,440982000,-1522164000,-10.87,-10.87,140061000,140061000,1997199000,5516272000,7966658000,38727000,1651739000,3932061000,,1487752000,219018000,180842000,80472000,-77299000,118073000
FLR,1124198,FLUOR CORPORATION,2020,2020-12-31,2021-02-26,0001628280-21-003360,10-K,15668477000,15283226000,385251000,240692000,317000000,419451000,72120000,-207052000,18592000,-435046000,-3.1,-3.1,140511000,140511000,2198781000,5034009000,7309812000,25415000,1710033000,3572037000,,1030247000,185884000,113442000,-41562000,48446000,28720000
FLR,1124198,FLUOR CORPORATION,2021,2021-12-31,2022-02-22,0001628280-22-003231,10-K,12434879000,12023284000,411595000,216451000,-59730000,13470000,84481000,-127705000,16489000,-440170000,,,141275000,141275000,2209382000,5562642000,7279563000,911000,1167366000,3904060000,,1392453000,25332000,75073000,-121869000,122252000,
FLR,1124198,FLUOR CORPORATION,2022,2022-12-31,2023-02-21,0001628280-23-004139,10-K,13744000000,13389000000,355000000,237000000,209000000,282000000,59000000,244000000,171000000,145000000,,,142000000,145000000,2439000000,5044000000,6827000000,152000000,978000000,3216000000,,1786000000,31000000,75000000,-78000000,315000000,
FLR,1124198,FLUOR CORPORATION,2023,2023-12-31,2024-02-20,0001628280-24-005451,10-K,15474000000,14997000000,477000000,232000000,147000000,221000000,60000000,315000000,236000000,139000000,,,150000000,153000000,2519000000,5063000000,6973000000,0,1158000000,3163000000,,1940000000,212000000,106000000,-277000000,127000000,
FLR,1124198,FLUOR CORPORATION,2024,2024-12-31,2025-02-18,0001628280-25-005924,10-K,16315000000,15741000000,574000000,203000000,463000000,536000000,,2718000000,634000000,2145000000,12.48,12.3,172000000,174000000,2829000000,5175000000,9143000000,,1104000000,3071000000,,3949000000,828000000,164000000,-333000000,-116000000,
FLR,1124198,FLUOR CORPORATION,2025,2025-12-31,2026-02-17,0001124198-26-000007,10-K,15503000000,15623000000,-120000000,196000000,-378000000,-310000000,,-101000000,-39000000,-51000000,-0.31,-0.31,164000000,164000000,2135000000,6442000000,8236000000,,1070000000,3378000000,,3244000000,-387000000,50000000,437000000,-797000000,
GILD,882095,"GILEAD SCIENCES, INC.",2007,2007-12-31,2010-03-01,0001193125-10-044753,10-K,4230045000,768771000,3461274000,705741000,2164507000,2201395000,63181000,2211149000,635355000,1584902000,1.71,1.64,929133000,964356000,968086000,,,,,,,3752630000,1669082000,78648000,-1302467000,-170983000,
GILD,882095,"GILEAD SCIENCES, INC.",2008,2008-12-31,2010-03-01,0001193125-10-044753,10-K,5335750000,1127246000,4208504000,797344000,2678541000,2730263000,65244000,2672698000,702363000,1978899000,2.15,2.06,920693000,958825000,1459302000,4278408000,6936831000,5631000,,1220992000,,4272573000,2143384000,115005000,-178819000,-1474569000,
GILD,882095,"GILEAD SCIENCES, INC.",2009,2009-12-31,2010-03-01,0001193125-10-044753,10-K,7011383000,1595558000,5415825000,946686000,3529221000,3593781000,69662000,3501956000,876364000,2635755000,2.91,2.82,904604000,934109000,1272958000,4812558000,9698559000,5587000,,1871631000,,6367065000,3080054000,230057000,-2215900000,-1051438000,
GILD,882095,"GILEAD SCIENCES, INC.",2010,2010-12-31,2011-02-28,0001193125-11-050041,10-K,7949420000,1869876000,6079544000,1044392000,3962222000,4029462000,108961000,3913548000,1023799000,2901257000,3.39,3.32,856060000,873396000,907879000,5708082000,11592630000,646345000,,2464950000,,5863729000,2833913000,61884000,-1937751000,-1338710000,
GILD,882095,"GILEAD SCIENCES, INC.",2011,2011-12-31,2012-02-23,0001193125-12-075335,10-K,8385385000,2124410000,6260975000,1241983000,3789841000,3862028000,205418000,3651004000,861945000,2803637000,3.62,3.55,774903000,790118000,9883777000,13918785000,17303134000,1572000,,2514790000,,6738856000,3639010000,131904000,3589845000,1763569000,
GILD,882095,"GILEAD SCIENCES, INC.",2012,2012-12-31,2013-02-27,0000882095-13-000015,10-K,9702517000,2471363000,7231154000,1461034000,4010175000,4093022000,360916000,3611980000,1038381000,2591566000,1.71,1.64,1514621000,1582549000,1803694000,6156347000,21239838000,1169490000,7054555000,4270020000,,9309739000,3194716000,397046000,-11846054000,563346000,
GILD,882095,"GILEAD SCIENCES, INC.",2013,2013-12-31,2014-02-25,0000882095-14-000013,10-K,11201688000,2858502000,8343186000,1699431000,4523999000,4626643000,306894000,4208219000,1150933000,3074808000,2.01,1.81,1528620000,1694747000,2112806000,7273753000,22496785000,2697044000,3938708000,6325421000,,11369067000,3104988000,134000000,-254355000,-2543941000,
GILD,882095,"GILEAD SCIENCES, INC.",2014,2014-12-31,2015-02-25,0000882095-15-000008,10-K,24890000000,3788000000,21102000000,2983000000,15265000000,15390000000,412000000,14856000000,2797000000,12101000000,7.95,7.35,1522000000,1647000000,10027000000,17714000000,34664000000,483000000,11921000000,5761000000,,15426000000,12818000000,557000000,-1823000000,-3025000000,
GILD,882095,"GILEAD SCIENCES, INC.",2015,2015-12-31,2016-02-24,0000882095-16-000039,10-K,32639000000,4006000000,28633000000,3426000000,22193000000,22354000000,688000000,21659000000,3553000000,18108000000,12.37,11.91,1464000000,1521000000,12851000000,24763000000,51839000000,983000000,21195000000,9891000000,,18534000000,20329000000,747000000,-12475000000,-4963000000,1874000000
GILD,882095,"GILEAD SCIENCES, INC.",2016,2016-12-31,2017-02-27,0000882095-17-000006,10-K,30390000000,4261000000,26129000000,3398000000,17633000000,17810000000,964000000,17097000000,3609000000,13501000000,10.08,9.94,1339000000,1358000000,8229000000,20445000000,56977000000,0,26346000000,9219000000,,18887000000,16669000000,748000000,-11985000000,-9347000000,2455000000
GILD,882095,"GILEAD SCIENCES, INC.",2017,2017-12-31,2018-02-27,0000882095-18-000008,10-K,26107000000,4371000000,21736000000,3878000000,14124000000,14357000000,1118000000,13529000000,8885000000,4628000000,3.54,3.51,1307000000,1319000000,7588000000,31823000000,70283000000,2747000000,30795000000,11635000000,,20442000000,11898000000,590000000,-16069000000,3393000000,2731000000
GILD,882095,"GILEAD SCIENCES, INC.",2018,2018-12-31,2019-02-26,0000882095-19-000006,10-K,22127000000,4853000000,17274000000,4056000000,8200000000,8426000000,1077000000,7799000000,2339000000,5455000000,4.2,4.17,1298000000,1308000000,17940000000,35836000000,63675000000,2748000000,24574000000,10605000000,,21387000000,8400000000,924000000,14355000000,-12318000000,2971000000
GILD,882095,"GILEAD SCIENCES, INC.",2019,2019-12-31,2020-02-25,0000882095-20-000006,10-K,22449000000,4675000000,17774000000,4381000000,4287000000,4542000000,995000000,5160000000,-204000000,5386000000,4.24,4.22,1270000000,1277000000,11631000000,30296000000,61627000000,2499000000,22094000000,9759000000,,22525000000,9144000000,825000000,-7817000000,-7634000000,3222000000
GILD,882095,"GILEAD SCIENCES, INC.",2020,2020-12-31,2021-02-25,0000882095-21-000008,10-K,24689000000,4572000000,20117000000,5151000000,4071000000,4359000000,984000000,1669000000,1580000000,123000000,0.1,0.1,1257000000,1263000000,5997000000,15996000000,68407000000,2757000000,28645000000,11397000000,,18202000000,8168000000,650000000,-14615000000,770000000,3449000000
GILD,882095,"GILEAD SCIENCES, INC.",2021,2021-12-31,2022-02-23,0000882095-22-000007,10-K,27305000000,6601000000,20704000000,5246000000,9918000000,10247000000,1001000000,8278000000,2077000000,6225000000,4.96,4.93,1256000000,1262000000,5338000000,14772000000,67952000000,1516000000,25179000000,11610000000,,21069000000,11384000000,579000000,-3131000000,-8877000000,3605000000
GILD,882095,"GILEAD SCIENCES, INC.",2022,2022-12-31,2023-02-22,0000882095-23-000007,10-K,27281000000,5657000000,21624000000,5673000000,7330000000,7653000000,935000000,5814000000,1248000000,4592000000,3.66,3.64,1255000000,1262000000,5412000000,14443000000,63171000000,2273000000,22957000000,11237000000,,21240000000,9072000000,728000000,-2466000000,-6469000000,3709000000
GILD,882095,"GILEAD SCIENCES, INC.",2023,2023-12-31,2024-02-23,0000882095-24-000007,10-K,27116000000,6498000000,20618000000,6090000000,7605000000,7959000000,944000000,6859000000,1247000000,5665000000,4.54,4.5,1248000000,1258000000,6085000000,16085000000,62125000000,1798000000,23189000000,11280000000,,22833000000,8006000000,585000000,-2265000000,-5125000000,3809000000
GILD,882095,"GILEAD SCIENCES, INC.",2024,2024-12-31,2025-02-28,0000882095-25-000006,10-K,28754000000,6251000000,22503000000,6091000000,1662000000,2043000000,,690000000,211000000,480000000,0.38,0.38,1247000000,1255000000,9991000000,19173000000,58995000000,1815000000,24896000000,12004000000,,19330000000,10828000000,523000000,-3449000000,-3433000000,3918000000
GILD,882095,"GILEAD SCIENCES, INC.",2025,2025-12-31,2026-02-24,0000882095-26-000006,10-K,29443000000,6234000000,23209000000,5774000000,10022000000,10392000000,,9796000000,1286000000,8510000000,6.84,6.78,1244000000,1255000000,7564000000,18342000000,59023000000,2807000000,22129000000,11813000000,,22703000000,10019000000,563000000,-4793000000,-7745000000,4003000000
GOOGL,1652044,Alphabet Inc.,2013,2013-12-31,2016-02-11,0001652044-16-000012,10-K,55519000000,21993000000,33526000000,4432000000,15403000000,,81000000,15899000000,2739000000,12733000000,19.13,18.79,,,18898000000,,,,,,,86977000000,18659000000,7358000000,-13679000000,-857000000,0
GOOGL,1652044,Alphabet Inc.,2014,2014-12-31,2016-02-11,0001652044-16-000012,10-K,66001000000,25691000000,40310000000,5851000000,16496000000,,101000000,17259000000,3639000000,14136000000,20.91,20.57,,,18347000000,78656000000,129187000000,2009000000,2992000000,16779000000,,103860000000,22376000000,10959000000,-21055000000,-1439000000,0
GOOGL,1652044,Alphabet Inc.,2015,2015-12-31,2016-02-11,0001652044-16-000012,10-K,74989000000,28164000000,46825000000,6136000000,19360000000,,104000000,19651000000,3303000000,16348000000,,,,,16549000000,90114000000,147461000000,3225000000,1995000000,19310000000,,120331000000,26024000000,9915000000,-23711000000,-3677000000,47000000
GOOGL,1652044,Alphabet Inc.,2016,2016-12-31,2017-02-03,0001652044-17-000008,10-K,90272000000,35138000000,55134000000,6985000000,23716000000,,124000000,24150000000,4672000000,19478000000,,,,,12918000000,105408000000,167497000000,0,3935000000,16756000000,28461000000,139036000000,36036000000,10212000000,-31165000000,-8332000000,0
GOOGL,1652044,Alphabet Inc.,2017,2017-12-31,2018-02-06,0001652044-18-000007,10-K,110855000000,45583000000,65272000000,6872000000,26146000000,,109000000,27193000000,14531000000,12662000000,,,,,10715000000,124308000000,197295000000,,3943000000,24183000000,44793000000,152502000000,37091000000,13184000000,-31401000000,-8298000000,0
GOOGL,1652044,Alphabet Inc.,2018,2018-12-31,2019-02-05,0001652044-19-000004,10-K,136819000000,59549000000,77270000000,8126000000,26321000000,,114000000,34913000000,4177000000,30736000000,44.22,43.7,,,16701000000,135676000000,232792000000,,3950000000,34620000000,55164000000,177628000000,47971000000,25139000000,-28504000000,-13179000000,
GOOGL,1652044,Alphabet Inc.,2019,2019-12-31,2020-02-04,0001652044-20-000008,10-K,161857000000,71896000000,89961000000,9551000000,34231000000,,100000000,39625000000,5282000000,34343000000,49.59,49.16,,,18498000000,152578000000,275909000000,,3958000000,45221000000,74467000000,201442000000,54520000000,23548000000,-29491000000,-23209000000,
GOOGL,1652044,Alphabet Inc.,2020,2020-12-31,2021-02-03,0001652044-21-000010,10-K,182527000000,84732000000,97795000000,11052000000,41224000000,,135000000,48082000000,7813000000,40269000000,59.15,58.61,,,26465000000,174296000000,319616000000,999000000,15319000000,56834000000,97072000000,222544000000,65124000000,22281000000,-32773000000,-24408000000,
GOOGL,1652044,Alphabet Inc.,2021,2021-12-31,2022-02-02,0001652044-22-000019,10-K,257637000000,110939000000,146698000000,13510000000,78714000000,,346000000,90734000000,14701000000,76033000000,113.88,112.2,,,20945000000,188143000000,359268000000,0,15440000000,64254000000,107633000000,251635000000,91652000000,24640000000,-35523000000,-61362000000,
GOOGL,1652044,Alphabet Inc.,2022,2022-12-31,2023-02-03,0001652044-23-000016,10-K,282836000000,126203000000,156633000000,15724000000,74842000000,,357000000,71328000000,11356000000,59972000000,4.59,4.56,,,21879000000,164795000000,365264000000,,15312000000,69300000000,109120000000,256144000000,91495000000,31485000000,-20298000000,-69757000000,
GOOGL,1652044,Alphabet Inc.,2023,2023-12-31,2024-01-31,0001652044-24-000022,10-K,307394000000,133332000000,174062000000,16425000000,84293000000,96239000000,308000000,85717000000,11922000000,73795000000,5.84,5.8,,,24048000000,171530000000,402392000000,1000000000,14862000000,81814000000,119013000000,283379000000,101746000000,32251000000,-27063000000,-72093000000,
GOOGL,1652044,Alphabet Inc.,2024,2024-12-31,2025-02-05,0001652044-25-000014,10-K,350018000000,146306000000,203712000000,14188000000,112390000000,127701000000,,119815000000,19697000000,100118000000,8.13,8.04,12319000000,12447000000,23466000000,163711000000,450256000000,999000000,10883000000,89122000000,125172000000,325084000000,125299000000,52535000000,-45536000000,-79733000000,7363000000
GOOGL,1652044,Alphabet Inc.,2025,2025-12-31,2026-02-05,0001652044-26-000018,10-K,402836000000,162535000000,240301000000,21482000000,129039000000,150175000000,,158826000000,26656000000,132170000000,10.91,10.81,12116000000,12230000000,30708000000,206038000000,595281000000,1996000000,46547000000,102745000000,180016000000,415265000000,164713000000,91447000000,-120291000000,-37388000000,10049000000
IBM,51143,INTERNATIONAL BUSINESS MACHINES CORP,2015,2015-12-31,2018-02-27,0001047469-18-001117,10-K,81741000000,41057000000,40684000000,20430000000,,,468000000,15945000000,2581000000,13190000000,13.48,13.42,978744523,982700267,7686000000,,110495000000,,,,,14424000000,17255000000,3579000000,-8159000000,-9413000000,4897000000
IBM,51143,INTERNATIONAL BUSINESS MACHINES CORP,2016,2016-12-31,2018-02-27,0001047469-18-001117,10-K,79919000000,41625000000,38294000000,21069000000,,,630000000,12330000000,449000000,11872000000,12.43,12.38,955422530,958714097,7826000000,43888000000,117470000000,7513000000,34655000000,36275000000,99078000000,18246000000,17084000000,3567000000,-10976000000,-5917000000,5256000000
IBM,51143,INTERNATIONAL BUSINESS MACHINES CORP,2017,2017-12-31,2018-02-27,0001047469-18-001117,10-K,79139000000,42913000000,36227000000,20107000000,,,615000000,11400000000,5642000000,5753000000,6.17,6.14,932828295,937385625,11972000000,49735000000,125356000000,6987000000,39837000000,37363000000,107631000000,17594000000,16724000000,3229000000,-7096000000,-6418000000,5506000000
IBM,51143,INTERNATIONAL BUSINESS MACHINES CORP,2018,2018-12-31,2019-02-26,0001047469-19-000712,10-K,79591000000,42655000000,36936000000,19366000000,,,723000000,11342000000,2619000000,8728000000,9.57,9.52,912048072,916315714,11379000000,49146000000,123382000000,10207000000,35605000000,38227000000,106452000000,16796000000,15247000000,3395000000,-4913000000,-10469000000,5666000000
IBM,51143,INTERNATIONAL BUSINESS MACHINES CORP,2019,2019-12-31,2020-02-25,0001558370-20-001334,10-K,77147000000,40659000000,36488000000,20604000000,,,1344000000,10166000000,731000000,9431000000,10.63,10.56,887235105,892813376,8172000000,38420000000,152186000000,8797000000,,37701000000,131202000000,20841000000,14770000000,2286000000,-26936000000,9042000000,5707000000
IBM,51143,INTERNATIONAL BUSINESS MACHINES CORP,2020,2020-12-31,2021-02-23,0001558370-21-001489,10-K,73620000000,38046000000,35575000000,23082000000,,,1288000000,4637000000,-864000000,5590000000,6.28,6.23,890348679,896563971,13212000000,39165000000,155971000000,7183000000,54355000000,39869000000,135244000000,20597000000,18197000000,2618000000,-3028000000,-9721000000,5797000000
IBM,51143,INTERNATIONAL BUSINESS MACHINES CORP,2021,2021-12-31,2022-02-22,0001558370-22-001584,10-K,57350000000,25865000000,31486000000,18745000000,,,1155000000,4837000000,124000000,5743000000,6.41,6.35,895990771,904641001,6650000000,29539000000,132001000000,6787000000,44917000000,33619000000,113005000000,18901000000,12796000000,2062000000,-5975000000,-13354000000,5869000000
IBM,51143,INTERNATIONAL BUSINESS MACHINES CORP,2022,2022-12-31,2023-02-28,0001558370-23-002376,10-K,60530000000,27842000000,32687000000,18609000000,,,1216000000,1156000000,-626000000,1639000000,1.82,1.8,902664190,912269062,7886000000,29118000000,127243000000,4760000000,46189000000,31505000000,105222000000,21944000000,10435000000,1346000000,-4202000000,-4958000000,5948000000
IBM,51143,INTERNATIONAL BUSINESS MACHINES CORP,2023,2023-12-31,2024-02-26,0000051143-24-000012,10-K,61860000000,27560000000,34300000000,19003000000,,,1607000000,8690000000,1176000000,7502000000,8.23,8.14,911210319,922073828,13068000000,32908000000,135241000000,6426000000,50121000000,34122000000,112628000000,22533000000,13931000000,1245000000,-7070000000,-1769000000,6040000000
IBM,51143,INTERNATIONAL BUSINESS MACHINES CORP,2024,2024-12-31,2025-02-25,0000051143-25-000015,10-K,62753000000,27201000000,35551000000,19688000000,,,1712000000,5797000000,-218000000,6023000000,6.53,6.43,921767834,937161224,13947000000,34482000000,137175000000,5089000000,49884000000,33142000000,109783000000,27307000000,13445000000,1048000000,-4937000000,-7079000000,6147000000
IBM,51143,INTERNATIONAL BUSINESS MACHINES CORP,2025,2025-12-31,2026-02-24,0000051143-26-000010,10-K,67535000000,28239000000,39297000000,20123000000,,,1935000000,10328000000,-242000000,10593000000,11.36,11.17,932293927,948675228,13587000000,36944000000,151880000000,6424000000,54836000000,38658000000,119139000000,32648000000,13193000000,1091000000,-10302000000,-3829000000,6255000000
INTC,50863,INTEL CORP,2007,2007-12-29,2010-02-22,0000950123-10-015237,10-K,38334000000,18430000000,19904000000,5401000000,8216000000,12762000000,,,,6976000000,1.2,1.18,5816000000,5936000000,7307000000,,,,,,,43220000000,12625000000,5000000000,-9926000000,-1990000000,2618000000
INTC,50863,INTEL CORP,2008,2008-12-27,2010-02-22,0000950123-10-015237,10-K,37586000000,16742000000,20844000000,5452000000,8954000000,13314000000,,,,5292000000,0.93,0.92,5663000000,5748000000,3350000000,19871000000,50472000000,102000000,1185000000,7818000000,,39546000000,10926000000,5197000000,-5865000000,-9018000000,3100000000
INTC,50863,INTEL CORP,2009,2009-12-26,2010-02-22,0000950123-10-015237,10-K,35127000000,15566000000,19561000000,7931000000,5711000000,10455000000,,,,4369000000,0.79,0.77,5557000000,5645000000,3987000000,21157000000,53095000000,172000000,2049000000,7591000000,,41704000000,11170000000,4515000000,-7965000000,-2568000000,3108000000
INTC,50863,INTEL CORP,2010,2010-12-25,2011-02-18,0000950123-11-015783,10-K,43623000000,15132000000,28491000000,6309000000,15588000000,19986000000,,13926000000,,11464000000,2.06,2.01,5555000000,5696000000,5498000000,31611000000,63186000000,38000000,2077000000,9327000000,,49430000000,16692000000,5207000000,-10539000000,-4642000000,3503000000
INTC,50863,INTEL CORP,2011,2011-12-31,2012-02-23,0001193125-12-075534,10-K,53999000000,20242000000,33757000000,7670000000,17477000000,22618000000,41000000,17781000000,,12942000000,2.46,2.39,5256000000,5411000000,5065000000,25872000000,71119000000,247000000,7084000000,12028000000,,45911000000,20963000000,10764000000,-10301000000,-11100000000,4127000000
INTC,50863,INTEL CORP,2012,2012-12-29,2013-02-19,0001193125-13-065416,10-K,53341000000,20190000000,33151000000,8057000000,14638000000,20995000000,90000000,14873000000,,11005000000,2.2,2.13,4996000000,5160000000,8478000000,31358000000,84351000000,312000000,13136000000,12898000000,,51203000000,18884000000,11027000000,-14060000000,-1408000000,4350000000
INTC,50863,INTEL CORP,2013,2013-12-28,2014-02-14,0000050863-14-000020,10-K,52708000000,21187000000,31521000000,8088000000,12291000000,19081000000,244000000,12611000000,2991000000,9620000000,1.94,1.89,4970000000,5097000000,5674000000,32084000000,92358000000,281000000,13165000000,13568000000,,58256000000,20776000000,10711000000,-18073000000,-5498000000,4479000000
INTC,50863,INTEL CORP,2014,2014-12-27,2015-02-13,0000050863-15-000015,10-K,55870000000,20261000000,35609000000,8136000000,15347000000,22727000000,192000000,15801000000,4097000000,11704000000,2.39,2.31,4901000000,5056000000,2561000000,27730000000,91956000000,1604000000,12107000000,16019000000,,55865000000,20418000000,10105000000,-9905000000,-13611000000,4409000000
INTC,50863,INTEL CORP,2015,2015-12-26,2016-02-12,0000050863-16-000105,10-K,55355000000,20676000000,34679000000,7930000000,14002000000,21823000000,337000000,14212000000,2792000000,11420000000,2.41,2.33,4742000000,4894000000,15308000000,40356000000,103065000000,2634000000,20036000000,15667000000,,61085000000,19017000000,7326000000,-8183000000,1912000000,4556000000
INTC,50863,INTEL CORP,2016,2016-12-31,2017-02-17,0000050863-17-000012,10-K,59387000000,23196000000,36191000000,8397000000,12874000000,19140000000,733000000,12936000000,2620000000,10316000000,2.18,2.12,4730000000,4875000000,5560000000,35508000000,113327000000,4634000000,20649000000,20302000000,,66226000000,21808000000,9625000000,-25817000000,-5739000000,4925000000
INTC,50863,INTEL CORP,2017,2017-12-30,2018-02-16,0000050863-18-000007,10-K,62761000000,23692000000,39069000000,7474000000,17936000000,18113000000,646000000,20352000000,10751000000,9601000000,2.04,1.99,4701000000,4835000000,3433000000,29500000000,123249000000,1776000000,25037000000,17421000000,,69019000000,22110000000,11778000000,-15762000000,-8475000000,5072000000
INTC,50863,INTEL CORP,2018,2018-12-29,2019-02-01,0000050863-19-000007,10-K,70848000000,27111000000,43737000000,6750000000,23316000000,23516000000,468000000,23317000000,2264000000,21053000000,4.57,4.48,4611000000,4701000000,3019000000,28787000000,127963000000,1261000000,25098000000,16626000000,,74563000000,29432000000,15181000000,-11239000000,-18607000000,5541000000
INTC,50863,INTEL CORP,2019,2019-12-28,2020-01-24,0000050863-20-000011,10-K,71965000000,29825000000,42140000000,6150000000,22035000000,22235000000,489000000,24058000000,3010000000,21048000000,4.77,4.71,4417000000,4473000000,4194000000,31239000000,136524000000,3693000000,25308000000,22310000000,,77504000000,33145000000,16213000000,-14405000000,-17565000000,5576000000
INTC,50863,INTEL CORP,2020,2020-12-26,2021-01-22,0000050863-21-000010,10-K,77867000000,34255000000,43612000000,6180000000,23678000000,34160000000,629000000,25078000000,4179000000,20899000000,4.98,4.94,4199000000,4232000000,5865000000,47249000000,153091000000,2504000000,33897000000,24754000000,,81038000000,35384000000,14259000000,-20796000000,-12917000000,5568000000
INTC,50863,INTEL CORP,2021,2021-12-25,2022-01-27,0000050863-22-000007,10-K,79024000000,35209000000,43815000000,6543000000,19456000000,29409000000,597000000,21703000000,1835000000,19868000000,4.89,4.86,4059000000,4090000000,4827000000,57718000000,168406000000,4591000000,33510000000,27462000000,,95391000000,29991000000,18733000000,-25167000000,-5862000000,5644000000
INTC,50863,INTEL CORP,2022,2022-12-31,2023-01-27,0000050863-23-000006,10-K,63054000000,36188000000,26866000000,7002000000,2334000000,13462000000,496000000,7768000000,-249000000,8014000000,1.95,1.94,4108000000,4123000000,11144000000,50407000000,182103000000,4367000000,37684000000,32155000000,,101423000000,15433000000,24844000000,-10477000000,1361000000,5997000000
INTC,50863,INTEL CORP,2023,2023-12-30,2024-01-26,0000050863-24-000010,10-K,54228000000,32517000000,21711000000,5634000000,93000000,7940000000,878000000,762000000,-913000000,1689000000,0.4,0.4,4190000000,4212000000,7079000000,43269000000,191572000000,2288000000,46978000000,28053000000,,105590000000,11471000000,25750000000,-24041000000,8505000000,3088000000
INTC,50863,INTEL CORP,2024,2024-12-28,2025-01-31,0000050863-25-000009,10-K,53101000000,35756000000,17345000000,5507000000,-11678000000,-1727000000,,-11210000000,8023000000,-18756000000,-4.38,-4.38,4280000000,4280000000,8249000000,47324000000,196485000000,3729000000,46282000000,35666000000,,99270000000,8288000000,23944000000,-18256000000,11138000000,1599000000
INTC,50863,INTEL CORP,2025,2025-12-27,2026-01-23,0000050863-26-000011,10-K,52853000000,34478000000,18375000000,4624000000,-2214000000,8543000000,,1557000000,1531000000,-267000000,-0.06,-0.06,4530000000,4530000000,14265000000,63688000000,211429000000,2499000000,44086000000,31575000000,,114281000000,9697000000,14646000000,-14821000000,11587000000,0
J,52988,JACOBS SOLUTIONS INC.,2007,2007-09-28,2009-11-20,0001193125-09-239188,10-K,8473970000,,,769393000,441956000,491668000,8019000,448642000,161512000,287130000,2.42,2.35,,,613352000,,,,,,,1843662000,360861000,64620000,-165796000,-20295000,
J,52988,JACOBS SOLUTIONS INC.,2008,2008-09-26,2009-11-20,0001193125-09-239188,10-K,11252159000,,,1091427000,643059000,706784000,4414000,657411000,236669000,420742000,3.47,3.38,,,604420000,2750234000,4278238000,,55675000,1576997000,,2245147000,313411000,114786000,-409910000,98789000,
J,52988,JACOBS SOLUTIONS INC.,2009,2009-10-02,2009-11-20,0001193125-09-239188,10-K,11467376000,,,940310000,620573000,689243000,2916000,624773000,224919000,399854000,3.26,3.21,,,1033619000,2818449000,4428614000,,737000,1295901000,,2625913000,533467000,55528000,-94914000,-39003000,
J,52988,JACOBS SOLUTIONS INC.,2010,2010-10-01,2010-11-23,0001193125-10-267422,10-K,9915517000,,,932522000,400083000,464530000,9874000,391934000,145647000,245974000,1.98,1.96,124134000,125790000,938842000,2767042000,4683917000,,509000,1239453000,,2859048000,196970000,49075000,-374351000,95630000,
J,52988,JACOBS SOLUTIONS INC.,2011,2011-09-30,2011-11-21,0001193125-11-318681,10-K,10381664000,,,1040575000,518918000,576538000,8799000,516661000,181440000,331029000,2.63,2.6,125686000,127235000,905633000,3157353000,6049428000,,2042000,2058045000,,3312988000,236490000,,-801836000,556933000,
J,52988,JACOBS SOLUTIONS INC.,2012,2012-09-28,2012-11-20,0000052988-12-000086,10-K,10893778000,,,1130916000,596073000,654963000,11686000,593336000,202382000,378954000,2.97,2.94,127644000,128692000,1032457000,3612077000,6839433000,,528260000,1747052000,,3722473000,299805000,,-181127000,-2724000,
J,52988,JACOBS SOLUTIONS INC.,2013,2013-09-27,2013-11-22,0000052988-13-000140,10-K,11818376000,,,1173340000,668979000,738868000,12906000,661548000,221366000,423093000,3.27,3.23,129288000,130945000,1256405000,4039558000,7274144000,,415086000,1887619000,,4213097000,448516000,,-157083000,-59707000,
J,52988,JACOBS SOLUTIONS INC.,2014,2014-09-26,2014-11-24,0000052988-14-000173,10-K,12695157000,,,1545716000,528068000,626660000,11437000,542166000,190054000,328108000,2.51,2.48,130483000,132371000,732647000,3892071000,8453659000,,764075000,2349846000,,4469255000,721716000,,-1518782000,304920000,
J,52988,JACOBS SOLUTIONS INC.,2015,2015-10-02,2015-11-24,0000052988-15-000155,10-K,12114832000,,,1522811000,445527000,545451000,19503000,430137000,101255000,302971000,2.42,2.4,125007000,126110000,460859000,3282976000,7785926000,,584434000,1981166000,,4291745000,484572000,,-96123000,-553314000,
J,52988,JACOBS SOLUTIONS INC.,2016,2016-09-30,2016-11-22,0001564590-16-029571,10-K,10964157000,,,1429233000,338598000,420961000,15260000,286723000,72208000,210463000,1.75,1.73,120133000,121483000,655716000,2864470000,7360022000,,385330000,1782686000,,4265276000,680173000,67688000,-139621000,-317026000,
J,52988,JACOBS SOLUTIONS INC.,2017,2017-09-29,2017-11-21,0001564590-17-024192,10-K,10022788000,,,1379983000,392269000,468687000,12035000,393217000,105842000,293727000,2.43,2.42,,120147000,774151000,2996180000,7380859000,,235000000,1926227000,,4428352000,574881000,118060000,-236198000,-242580000,54234000
J,52988,JACOBS SOLUTIONS INC.,2018,2018-09-28,2018-11-21,0000052988-18-000036,10-K,14984646000,12156276000,2828370000,2180399000,647971000,765827000,76760000,554705000,381563000,163431000,1.18,1.17,137536000,138712000,793358000,4556584000,12645795000,,2146877000,3145693000,,5854345000,481152000,94884000,-1577607000,1142420000,86569000
J,52988,JACOBS SOLUTIONS INC.,2019,2019-09-27,2019-11-25,0000052988-19-000069,10-K,12737868000,10260840000,2477028000,2072177000,404851000,495022000,83847000,350959000,36954000,847979000,6.14,6.08,137907000,139206000,631068000,4111768000,11462711000,,1201245000,3073706000,,5714691000,-366436000,135977000,2152349000,-1969012000,106396000
J,52988,JACOBS SOLUTIONS INC.,2020,2020-10-02,2020-11-24,0000052988-20-000070,10-K,13566975000,10980307000,2586668000,2050695000,535973000,627043000,62206000,441203000,55320000,491845000,3.74,3.71,131514000,132721000,862424000,4539599000,12354353000,,1676941000,2941597000,,5815712000,806849000,118269000,-429092000,-208315000,143962000
J,52988,JACOBS SOLUTIONS INC.,2021,2021-10-01,2021-11-23,0000052988-21-000065,10-K,14092632000,11048860000,3043772000,2355683000,688089000,789113000,72714000,695602000,274781000,477030000,3.22,3.2,130194000,131274000,1014249000,4291895000,14632609000,53456000,2839933000,3209924000,,5940041000,726276000,92814000,-1380743000,798983000,155972000
J,52988,JACOBS SOLUTIONS INC.,2022,2022-09-30,2022-11-21,0000052988-22-000111,10-K,14922825000,11595785000,3327040000,2409190000,917850000,1020304000,100246000,876347000,160903000,644039000,5.01,4.98,128665000,129445000,1140479000,4721994000,14660419000,50415000,3357256000,3250845000,,6060056000,474709000,127615000,-538419000,320234000,115948000
J,52988,JACOBS SOLUTIONS INC.,2023,2023-09-29,2023-11-21,0000052988-23-000084,10-K,16352414000,12879099000,3473315000,2398078000,1075237000,1178583000,168108000,916679000,196181000,665777000,5.32,5.3,126607000,127214000,926582000,4690353000,14617109000,51773000,2813471000,3422561000,,6546220000,974763000,137486000,-145663000,-1086410000,128420000
J,52988,JACOBS SOLUTIONS INC.,2024,2024-09-27,2024-11-25,0000052988-24-000065,10-K,11500941000,8668185000,2832756000,2140320000,692436000,791668000,,777286000,131493000,806093000,6.35,6.32,125324000,125881000,1144795000,4895580000,11759005000,870415000,1348594000,4079741000,,4549467000,1054673000,121114000,-127190000,-751637000,142779000
J,52988,JACOBS SOLUTIONS INC.,2025,2025-09-26,2025-11-20,0001628280-25-053316,10-K,12029783000,9044849000,2984934000,2121300000,863634000,945693000,,543477000,215555000,289336000,2.39,2.38,121468000,121932000,1235448000,4359319000,11252535000,0,2236456000,3350899000,,3640807000,686704000,79232000,-75291000,-525221000,153027000
JNJ,200406,Johnson & Johnson,2010,2011-01-02,2013-02-22,0000200406-13-000038,10-K,61587000000,18792000000,42795000000,19424000000,17700000000,20639000000,455000000,16947000000,3613000000,13334000000,4.85,4.78,2751400000,2788800000,19355000000,,102908000000,,,,,56579000000,16385000000,2384000000,-7854000000,-4980000000,
JNJ,200406,Johnson & Johnson,2011,2012-01-01,2013-02-22,0000200406-13-000038,10-K,65030000000,20360000000,44670000000,20969000000,13765000000,16923000000,571000000,12361000000,2689000000,9672000000,3.54,3.49,2736000000,2775300000,24542000000,54316000000,113644000000,6658000000,12969000000,22811000000,56564000000,57080000000,14298000000,2893000000,-4612000000,-4452000000,
JNJ,200406,Johnson & Johnson,2012,2012-12-30,2013-02-22,0000200406-13-000038,10-K,67224000000,21658000000,45566000000,20869000000,14955000000,18621000000,532000000,13775000000,3261000000,10853000000,3.94,3.86,2753300000,2812600000,14911000000,46116000000,121347000000,4676000000,11489000000,24262000000,56521000000,64826000000,15396000000,2934000000,-4510000000,-20562000000,
JNJ,200406,Johnson & Johnson,2013,2013-12-29,2014-02-21,0000200406-14-000033,10-K,71312000000,22342000000,48970000000,21830000000,16412000000,20516000000,482000000,15471000000,1640000000,13831000000,4.92,4.81,2809200000,2877000000,20927000000,56407000000,132683000000,4852000000,13328000000,25675000000,58630000000,74053000000,17414000000,3595000000,-5103000000,-6091000000,
JNJ,200406,Johnson & Johnson,2014,2014-12-28,2015-02-24,0000200406-15-000004,10-K,74331000000,22746000000,51585000000,21954000000,21590000000,25485000000,533000000,20563000000,4240000000,16323000000,5.8,5.7,2815200000,2863900000,14523000000,59311000000,131119000000,3638000000,15122000000,25085000000,61367000000,69752000000,18471000000,3714000000,-12305000000,-12260000000,
JNJ,200406,Johnson & Johnson,2015,2016-01-03,2016-02-24,0000200406-16-000071,10-K,70074000000,21536000000,48538000000,21203000000,,,552000000,19196000000,3787000000,15409000000,5.56,5.48,2771800000,2812900000,13732000000,60210000000,133411000000,7004000000,12857000000,27747000000,62261000000,71150000000,19279000000,3463000000,-7735000000,-10846000000,
JNJ,200406,Johnson & Johnson,2016,2017-01-01,2017-02-27,0000200406-17-000006,10-K,71890000000,21685000000,50205000000,19945000000,,,726000000,19803000000,3263000000,16540000000,6.04,5.93,2737300000,2788900000,18972000000,65032000000,141208000000,4684000000,22442000000,26287000000,70790000000,70418000000,18767000000,3226000000,-4761000000,-8551000000,
JNJ,200406,Johnson & Johnson,2017,2017-12-31,2018-02-21,0000200406-18-000005,10-K,76450000000,25354000000,51096000000,21420000000,,,934000000,17673000000,16373000000,1300000000,0.48,0.47,2692000000,2745300000,17824000000,43088000000,157303000000,3906000000,30675000000,30537000000,97143000000,60160000000,21056000000,3279000000,-14868000000,-7673000000,
JNJ,200406,Johnson & Johnson,2018,2018-12-30,2019-02-20,0000200406-19-000009,10-K,81581000000,27091000000,54490000000,22540000000,,,1005000000,17999000000,2702000000,15297000000,5.7,5.61,2681500000,2728700000,18107000000,46033000000,152954000000,2796000000,27684000000,31230000000,93202000000,59752000000,22201000000,3670000000,-3167000000,-18510000000,
JNJ,200406,Johnson & Johnson,2019,2019-12-29,2020-02-18,0000200406-20-000010,10-K,82059000000,27556000000,54503000000,22178000000,,,318000000,17328000000,2209000000,15119000000,5.72,5.63,2645100000,2684300000,17305000000,45274000000,157728000000,1202000000,26494000000,35964000000,98257000000,59471000000,23416000000,3498000000,-6194000000,-18015000000,
JNJ,200406,Johnson & Johnson,2020,2021-01-03,2021-02-22,0000200406-21-000008,10-K,82584000000,28427000000,54157000000,22084000000,,,201000000,16497000000,1783000000,14714000000,5.59,5.51,2632800000,2670700000,13985000000,51237000000,174894000000,2631000000,32635000000,42493000000,111616000000,63278000000,23536000000,3347000000,-20825000000,-6120000000,
JNJ,200406,Johnson & Johnson,2021,2022-01-02,2022-02-17,0000200406-22-000022,10-K,93775000000,29855000000,63920000000,24659000000,,,183000000,22776000000,1898000000,20878000000,7.93,7.81,2632100000,2674000000,14487000000,60979000000,182018000000,3766000000,29985000000,45226000000,107995000000,74023000000,23410000000,3652000000,-8683000000,-14047000000,
JNJ,200406,Johnson & Johnson,2022,2023-01-01,2023-02-16,0000200406-23-000016,10-K,94943000000,31089000000,63854000000,24765000000,,,276000000,21725000000,3784000000,17941000000,6.83,6.73,2625200000,2663900000,14127000000,55294000000,187378000000,12771000000,26888000000,55802000000,110574000000,76804000000,21194000000,4009000000,-12371000000,-8871000000,
JNJ,200406,Johnson & Johnson,2023,2023-12-31,2024-02-16,0000200406-24-000013,10-K,85159000000,26553000000,58606000000,21512000000,,,772000000,15062000000,1736000000,35153000000,13.88,13.72,2533500000,2560400000,21859000000,53495000000,167558000000,3451000000,25881000000,46282000000,98784000000,68774000000,22791000000,4543000000,878000000,-15825000000,
JNJ,200406,Johnson & Johnson,2024,2024-12-29,2025-02-13,0000200406-25-000038,10-K,88821000000,27471000000,61350000000,22869000000,,,,16687000000,2621000000,14066000000,5.84,5.79,2407300000,2429400000,24105000000,55893000000,180104000000,5983000000,30651000000,50321000000,108614000000,71490000000,24266000000,4424000000,-18599000000,-3132000000,
JNJ,200406,Johnson & Johnson,2025,2025-12-28,2026-02-11,0000200406-26-000016,10-K,94193000000,30256000000,63937000000,23676000000,,,,32581000000,5777000000,26804000000,11.13,11.03,2407400000,2429400000,19709000000,55624000000,199210000000,8495000000,39438000000,54126000000,117666000000,81544000000,24530000000,4832000000,-23588000000,-5539000000,
LEN,920760,LENNAR CORP /NEW/,2008,2008-11-30,2011-01-31,0001193125-11-018957,10-K,4575417000,,,129752000,,,,,547557000,-1109085000,-7.01,-7.01,,,1203422000,,,,,,,2788753000,1100834000,,-265703000,-426903000,83487000
LEN,920760,LENNAR CORP /NEW/,2009,2009-11-30,2011-01-31,0001193125-11-018957,10-K,3119387000,,,117565000,,,,,-314345000,-417147000,-2.45,-2.45,,,1457438000,,7314791000,,,,4726777000,2443479000,420843000,,-275120000,108293000,27588000
LEN,920760,LENNAR CORP /NEW/,2010,2010-11-30,2011-01-31,0001193125-11-018957,10-K,3074022000,,,93926000,,,,,-25734000,95261000,0.51,0.51,,,1394135000,,8787851000,,,,5593468000,2608949000,274228000,,-673371000,335840000,29577000
LEN,920760,LENNAR CORP /NEW/,2011,2011-11-30,2012-01-30,0001193125-12-029792,10-K,3095385000,,,95256000,193230000,214730000,162970000,97974000,-14570000,92199000,0.49,0.48,,195185,1163604000,,9154671000,,,,5851146000,2696468000,-259135000,,-136154000,164758000,29906000
LEN,920760,LENNAR CORP /NEW/,2012,2012-11-30,2013-01-29,0001445305-13-000116,10-K,4104706000,,,127338000,349452000,377533000,181385000,222114000,-435218000,679124000,3.58,3.11,,218695000,1310743000,,10362206000,,,,6360998000,3414764000,-424648000,,245291000,326496000,30394000
LEN,920760,LENNAR CORP /NEW/,2013,2013-11-30,2014-01-28,0001445305-14-000129,10-K,5935095000,,,146060000,828001000,858350000,214256000,681941000,177015000,479674000,2.48,2.15,,225920000,970505000,,11273247000,,,,6645777000,4168901000,-807714000,,689249000,-221773000,30912000
LEN,920760,LENNAR CORP /NEW/,2014,2014-11-30,2015-01-23,0001628280-15-000218,10-K,7779812000,,,177161000,1146945000,1185487000,201539000,969784000,341091000,638916000,3.12,2.8,,228240000,1281814000,,12958267000,,,,7706965000,4827020000,-788488000,,438359000,661438000,32775000
LEN,920760,LENNAR CORP /NEW/,2015,2015-11-30,2016-01-22,0001628280-16-010323,10-K,9474008000,,,216244000,1425860000,1469526000,220147000,1209616000,390416000,802894000,3.87,3.46,,230812000,1158445000,,14419509000,,,,8469437000,5648944000,-419646000,8477000,-98393000,394670000,33192000
LEN,920760,LENNAR CORP /NEW/,2016,2016-11-30,2017-01-20,0001628280-17-000327,10-K,10949999000,,,232562000,1563031000,1613250000,4626000,1330469000,417378000,911844000,4.13,3.93,218421000,230712000,1329529000,,15361781000,,,,8150214000,7026042000,507804000,76439000,-85837000,-250883000,35324000
LEN,920760,LENNAR CORP /NEW/,2017,2017-11-30,2018-01-25,0001628280-18-000562,10-K,12646365000,,,285889000,1475500000,1541824000,,1189611000,417857000,810480000,3.38,3.38,237155000,237156000,2650872000,,18745034000,,,,10758902000,7872317000,996864000,111773000,-869817000,1194296000,37608000
LEN,920760,LENNAR CORP /NEW/,2018,2018-11-30,2019-01-28,0001628280-19-000598,10-K,20571631000,,,343934000,2463191000,2554372000,,2262684000,545171000,1695831000,5.46,5.44,307968000,308565000,1558458000,,28566181000,,,,13883224000,14581535000,1711609000,130439000,-608122000,-2195901000,49159000
LEN,920760,LENNAR CORP /NEW/,2019,2019-11-30,2020-01-27,0001628280-20-000559,10-K,22259561000,,,341114000,2775406000,2867606000,,2434292000,592173000,1849052000,5.76,5.74,318419000,318422000,1468691000,,29359511000,,,,13325681000,15949517000,1482343000,86497000,19596000,-1629224000,51454000
LEN,920760,LENNAR CORP /NEW/,2020,2020-11-30,2021-01-22,0001628280-21-000722,10-K,22488854000,,,358418000,3482206000,3576759000,,3123788000,656235000,2465036000,7.88,7.85,309406000,309407000,2863038000,,29935177000,,7421583000,,11835776000,17994856000,4190819000,72752000,-280205000,-2446575000,195043000
LEN,920760,LENNAR CORP /NEW/,2021,2021-11-30,2022-01-28,0001628280-22-001450,10-K,27130676000,,,398381000,,,,5819058000,1362509000,4430111000,14.28,14.27,306612000,306612000,2955683000,,33207778000,,,,12211496000,20816425000,2532774000,65172000,-105086000,-2404735000,309776000
LEN,920760,LENNAR CORP /NEW/,2022,2022-11-30,2023-01-26,0001628280-23-001606,10-K,,,,,,,,6014566000,1366065000,4614125000,15.74,15.72,289824000,289824000,4815770000,,37984295000,,,,13743928000,24100500000,3265668000,57214000,-128302000,-1277279000,438038000
LEN,920760,LENNAR CORP /NEW/,2023,2023-11-30,2024-01-26,0001628280-24-002371,10-K,34233366000,,,,,,,5202304000,1241013000,3938511000,13.73,13.73,283319000,283319000,6570938000,,39234303000,,,,12532337000,26580664000,5179738000,99799000,-176981000,-3247589000,430560000
LEN,920760,LENNAR CORP /NEW/,2024,2024-11-30,2025-01-23,0001628280-25-002404,10-K,35441452000,,,,,,,5184908000,1217253000,3932533000,14.31,14.31,272019000,272019000,4990210000,,41312781000,,,,13291556000,27870135000,2403379000,171503000,-302557000,-3681550000,548823000
LEN,920760,LENNAR CORP /NEW/,2025,2025-11-30,2026-01-28,0001628280-26-003870,10-K,34186934000,,,2678337000,,,,2813863000,705563000,2078179000,7.98,,257746000,,3756305000,,34430437000,,5874995000,,12289828000,21959417000,216812000,188629000,221568000,-1597856000,520959000
LLY,59478,ELI LILLY AND COMPANY,2007,2007-12-31,2010-02-22,0000950123-10-014958,10-K,18633500000,4248800000,14384700000,6095100000,,,,3876800000,923800000,2953000000,,,,,3220500000,,,,,,,,5154500000,,-4328100000,-844900000,1853600000
LLY,59478,ELI LILLY AND COMPANY,2008,2008-12-31,2010-02-22,0000950123-10-014958,10-K,20371900000,4376700000,15995200000,6626400000,,,,-1307600000,764300000,-2071900000,,,,,5496700000,12453300000,29212600000,5846300000,4615700000,13109700000,,6737700000,7295600000,,-7268800000,2346000000,2056700000
LLY,59478,ELI LILLY AND COMPANY,2009,2009-12-31,2010-02-22,0000950123-10-014958,10-K,21836000000,4247000000,17589000000,6892500000,,,,5357800000,1029000000,4328800000,,,,,4462900000,12486500000,27460900000,27400000,6634700000,6568100000,,9525300000,4335500000,,142800000,-5533700000,2152100000
LLY,59478,ELI LILLY AND COMPANY,2010,2010-12-31,2011-02-22,0001193125-11-041620,10-K,23076000000,4366200000,18709800000,7053400000,,,-185500000,6525200000,1455700000,5069500000,4.58,4.58,1105788000,1105813000,5993200000,14840000000,31001400000,156000000,6770500000,7101400000,,12412800000,6856800000,,-3159800000,-2021900000,2165300000
LLY,59478,ELI LILLY AND COMPANY,2011,2011-12-31,2012-02-24,0001193125-12-078393,10-K,24286500000,5067900000,19218600000,7879900000,,,186000000,5349500000,1001800000,4347700000,3.9,3.9,1113923000,1113967000,5922500000,14248200000,33659800000,1522300000,5464700000,8930900000,,13535600000,7234500000,,-4824400000,-2369900000,2180100000
LLY,59478,ELI LILLY AND COMPANY,2012,2012-12-31,2013-02-21,0000059478-13-000007,10-K,22603400000,4796500000,17806900000,7513500000,,,177800000,4901500000,1319600000,4088600000,3.67,3.66,1113178000,,4018800000,13038700000,34398900000,11900000,5519400000,8389500000,,14773900000,5304800000,,-2832800000,-4419600000,2187400000
LLY,59478,ELI LILLY AND COMPANY,2013,2013-12-31,2014-02-19,0000059478-14-000078,10-K,23113100000,4908100000,18205000000,7125600000,,,160100000,5889300000,1204500000,4684800000,4.33,4.32,1080874000,1084766000,3830200000,13104700000,35248700000,1012600000,4200300000,8916600000,,17631400000,5735000000,,-2072800000,-3829300000,2120700000
LLY,59478,ELI LILLY AND COMPANY,2014,2014-12-31,2015-02-19,0000059478-15-000100,10-K,19615600000,4932500000,14683100000,6620800000,,,148800000,3000300000,609800000,2390500000,2.23,2.23,1069932000,1074286000,3871600000,12179800000,37178200000,2688700000,5367700000,11207500000,,15373200000,4367100000,,-3909100000,-75100000,2101200000
LLY,59478,ELI LILLY AND COMPANY,2015,2015-12-31,2016-02-19,0000059478-16-000321,10-K,19958700000,5037200000,14921500000,6533000000,,,161200000,2790000000,381600000,2408400000,2.27,2.26,1061913000,1065720000,3666400000,12573600000,35568900000,6100000,7972400000,8229600000,,14571300000,2772800000,,26800000,-2919200000,2127300000
LLY,59478,ELI LILLY AND COMPANY,2016,2016-12-31,2017-02-21,0000059478-17-000098,10-K,21222100000,5654900000,15567200000,6452000000,,,185200000,3374000000,636400000,2737600000,2.59,2.58,1058324000,1061825000,4582100000,15101400000,38805900000,1937400000,8367800000,10986600000,,14007700000,4851000000,,-3139100000,-559800000,2158500000
LLY,59478,ELI LILLY AND COMPANY,2017,2017-12-31,2018-02-20,0000059478-18-000089,10-K,22871300000,6070200000,16801100000,6588100000,,,225000000,2197400000,2401500000,-204100000,-0.19,-0.19,1052023000,1052023000,6536200000,19202100000,44981000000,3706600000,9940500000,14535900000,,11592200000,5615600000,,-3783600000,142600000,2192100000
LLY,59478,ELI LILLY AND COMPANY,2018,2018-12-31,2019-02-19,0000059478-19-000082,10-K,24555700000,6430000000,18125700000,6631800000,,,272100000,3795700000,563700000,3232000000,3.14,3.13,1027721000,1033667000,7998200000,20549600000,43908400000,1131200000,11639700000,11888100000,,9828700000,5524500000,,1906000000,-5904900000,2311800000
LLY,59478,ELI LILLY AND COMPANY,2019,2019-12-31,2020-02-19,0000059478-20-000057,10-K,22319500000,4721200000,17598300000,6213800000,,,400600000,5265900000,628000000,8318400000,8.93,8.89,931059000,935684000,2337500000,13709600000,39286100000,1499300000,13817900000,11775200000,,2606900000,4836600000,,-8082900000,-2324500000,2409800000
LLY,59478,ELI LILLY AND COMPANY,2020,2020-12-31,2021-02-17,0000059478-21-000083,10-K,24539800000,5483300000,19056500000,6121200000,,,359600000,7229900000,1036200000,6193700000,6.82,6.79,907634000,912505000,3657100000,17462100000,46633100000,8700000,16586600000,12481600000,,5641600000,6499600000,,-2258900000,-3137100000,2687100000
LLY,59478,ELI LILLY AND COMPANY,2021,2021-12-31,2022-02-23,0000059478-22-000068,10-K,28318400000,7312800000,21005600000,6431600000,,,339800000,6155500000,573800000,5581700000,6.15,6.12,906963000,911681000,3818500000,18452400000,48806000000,1538300000,15346400000,15052700000,,8979200000,7260700000,,-2762300000,-4131300000,3086800000
LLY,59478,ELI LILLY AND COMPANY,2022,2022-12-31,2023-02-22,0000059478-23-000082,10-K,28541400000,6629800000,21911600000,6440400000,,,331600000,6806400000,561600000,6244800000,6.93,6.9,901736000,904619000,2067000000,18034500000,49489800000,1501100000,14737500000,17138200000,,10649800000,7084400000,,-3261600000,-5406700000,3535800000
LLY,59478,ELI LILLY AND COMPANY,2023,2023-12-31,2024-02-21,0000059478-24-000065,10-K,34124100000,7082200000,27041900000,7403100000,,,485900000,6554600000,1314200000,5240400000,5.82,5.8,900181000,903284000,2818600000,25727000000,64006300000,6904500000,18320800000,27293200000,,10771900000,4240100000,,-7152700000,3495600000,4069300000
LLY,59478,ELI LILLY AND COMPANY,2024,2024-12-31,2025-02-19,0000059478-25-000067,10-K,45042700000,8418300000,36624400000,8593800000,,,,12680400000,2090400000,10590000000,11.76,11.71,900605000,904059000,3268400000,32739700000,78714900000,5117100000,28527100000,28376600000,,14192100000,8817900000,,-9301500000,1230100000,4680400000
LLY,59478,ELI LILLY AND COMPANY,2025,2025-12-31,2026-02-12,0000059478-26-000013,10-K,65179000000,11052000000,54127000000,11094000000,,,,25731000000,5091000000,20640000000,23,22.95,897300000,899300000,7268000000,55629000000,112476000000,1635000000,40868000000,35228000000,,26535000000,16813000000,,-10972000000,-2213000000,5384000000
MAS,62996,Masco Corporation,2007,2007-12-31,2010-02-16,0000950123-10-013437,10-K,11413000000,8280000000,3133000000,1953000000,1061000000,,258000000,876000000,337000000,386000000,1.02,1.02,,,922000000,,,,,,,4142000000,1270000000,248000000,-333000000,-2020000000,347000000
MAS,62996,Masco Corporation,2008,2008-12-31,2010-02-16,0000950123-10-013437,10-K,9484000000,7125000000,2359000000,1802000000,90000000,,228000000,-193000000,134000000,-391000000,-1.13,-1.13,,,1028000000,3300000000,9483000000,,3915000000,1547000000,6502000000,2821000000,797000000,200000000,-14000000,-631000000,336000000
MAS,62996,Masco Corporation,2009,2009-12-31,2010-02-16,0000950123-10-013437,10-K,7792000000,5774000000,2018000000,1701000000,55000000,,225000000,-151000000,-49000000,-183000000,-0.53,-0.53,,,1413000000,3451000000,9175000000,,3604000000,1781000000,6358000000,2629000000,705000000,125000000,-118000000,-197000000,166000000
MAS,62996,Masco Corporation,2010,2010-12-31,2011-02-18,0000950123-11-015716,10-K,7592000000,5752000000,1840000000,1618000000,-499000000,-220000000,251000000,-777000000,225000000,-1043000000,-3,-3,349000000,349000000,1715000000,3464000000,8140000000,66000000,4032000000,1487000000,6558000000,1384000000,465000000,137000000,-109000000,-40000000,108000000
MAS,62996,Masco Corporation,2011,2011-12-31,2012-02-21,0001193125-12-070524,10-K,7467000000,5683000000,1784000000,1585000000,-295000000,-38000000,254000000,-472000000,-49000000,-575000000,-1.66,-1.66,348000000,348000000,1656000000,3429000000,7297000000,,3222000000,2363000000,6555000000,527000000,239000000,151000000,-61000000,-219000000,107000000
MAS,62996,Masco Corporation,2012,2012-12-31,2013-02-15,0001193125-13-062852,10-K,7745000000,5794000000,1951000000,1561000000,271000000,485000000,254000000,42000000,83000000,-114000000,-0.33,-0.33,349000000,349000000,1351000000,3217000000,6875000000,206000000,3422000000,1862000000,6341000000,322000000,281000000,119000000,-27000000,-576000000,107000000
MAS,62996,Masco Corporation,2013,2013-12-31,2014-02-14,0001047469-14-000923,10-K,8173000000,5918000000,2255000000,1582000000,673000000,859000000,235000000,434000000,111000000,272000000,0.76,0.76,350000000,352000000,1223000000,3468000000,6933000000,,3421000000,1782000000,6170000000,535000000,645000000,126000000,-77000000,-382000000,107000000
MAS,62996,Masco Corporation,2014,2014-12-31,2015-02-13,0001047469-15-000803,10-K,8521000000,6134000000,2387000000,1607000000,788000000,955000000,225000000,575000000,-333000000,856000000,2.4,2.38,349000000,352000000,1383000000,3863000000,7167000000,,2919000000,2211000000,6039000000,924000000,602000000,128000000,-100000000,-297000000,117000000
MAS,62996,Masco Corporation,2015,2015-12-31,2016-02-12,0001047469-16-010135,10-K,7142000000,4889000000,2253000000,1339000000,914000000,1047000000,225000000,689000000,293000000,355000000,1.03,1.02,338000000,341000000,1468000000,3328000000,5680000000,,2418000000,2506000000,5622000000,-135000000,699000000,158000000,-189000000,-410000000,126000000
MAS,62996,Masco Corporation,2016,2016-12-31,2017-02-09,0000062996-17-000008,10-K,7357000000,4901000000,2456000000,1403000000,1053000000,1187000000,229000000,830000000,296000000,491000000,1.49,1.47,326000000,330000000,990000000,2934000000,5137000000,,2995000000,1460000000,5240000000,-298000000,726000000,180000000,-124000000,-1046000000,128000000
MAS,62996,Masco Corporation,2017,2017-12-31,2018-02-08,0000062996-18-000015,10-K,7644000000,5033000000,2611000000,1442000000,1169000000,1296000000,278000000,885000000,305000000,533000000,1.68,1.66,314000000,318000000,1194000000,3215000000,5488000000,,2969000000,1628000000,5312000000,-60000000,751000000,173000000,-25000000,-577000000,129000000
MAS,62996,Masco Corporation,2018,2018-12-31,2019-02-07,0000062996-19-000011,10-K,8359000000,5670000000,2689000000,1478000000,1211000000,1367000000,156000000,1042000000,258000000,734000000,2.38,2.37,305000000,307000000,559000000,2766000000,5393000000,,2971000000,1684000000,5324000000,-111000000,1032000000,219000000,-651000000,-1020000000,134000000
MAS,62996,Masco Corporation,2019,2019-12-31,2020-02-11,0000062996-20-000006,10-K,6707000000,4336000000,2371000000,1274000000,1088000000,1247000000,159000000,914000000,230000000,935000000,3.24,3.22,287000000,288000000,697000000,2711000000,5027000000,,2771000000,1548000000,5083000000,-235000000,833000000,162000000,582000000,-1291000000,144000000
MAS,62996,Masco Corporation,2020,2020-12-31,2021-02-09,0000062996-21-000008,10-K,7188000000,4601000000,2587000000,1292000000,1295000000,1428000000,144000000,1131000000,269000000,1224000000,4.6,4.59,264000000,264000000,1326000000,3489000000,5777000000,,2792000000,1934000000,5356000000,195000000,953000000,114000000,531000000,-886000000,145000000
MAS,62996,Masco Corporation,2021,2021-12-31,2022-02-08,0000062996-22-000011,10-K,8375000000,5512000000,2863000000,1413000000,1405000000,1556000000,278000000,688000000,210000000,410000000,1.63,1.62,249000000,251000000,926000000,3422000000,5575000000,,2949000000,1939000000,5497000000,-179000000,930000000,128000000,-12000000,-1298000000,211000000
MAS,62996,Masco Corporation,2022,2022-12-31,2023-02-09,0000062996-23-000008,10-K,8680000000,5967000000,2713000000,1390000000,1297000000,1442000000,108000000,1193000000,288000000,844000000,3.65,3.63,231000000,232000000,452000000,2946000000,5187000000,,2946000000,1889000000,5429000000,-480000000,840000000,224000000,-230000000,-1066000000,258000000
MAS,62996,Masco Corporation,2023,2023-12-31,2024-02-08,0000062996-24-000006,10-K,7967000000,5131000000,2836000000,1473000000,1348000000,1497000000,106000000,1238000000,278000000,908000000,4.03,4.02,225000000,226000000,634000000,2856000000,5363000000,,2945000000,1695000000,5247000000,-126000000,1413000000,243000000,-383000000,-854000000,257000000
MAS,62996,Masco Corporation,2024,2024-12-31,2025-02-11,0000062996-25-000004,10-K,7828000000,4997000000,2831000000,1468000000,1363000000,1513000000,,1161000000,287000000,822000000,3.77,3.76,218000000,219000000,634000000,2730000000,5016000000,,2945000000,1560000000,5069000000,-279000000,1075000000,168000000,-50000000,-1017000000,254000000
MAS,62996,Masco Corporation,2025,2025-12-31,2026-02-10,0000062996-26-000005,10-K,7562000000,4883000000,2679000000,1426000000,1248000000,1396000000,,1135000000,277000000,810000000,3.87,3.86,209000000,210000000,647000000,2840000000,5201000000,,2945000000,1573000000,5125000000,-185000000,1022000000,156000000,-144000000,-888000000,261000000
META,1326801,"Meta Platforms, Inc.",2010,2010-12-31,2013-02-01,0001326801-13-000003,10-K,1974000000,493000000,1481000000,138000000,1032000000,1171000000,22000000,1008000000,402000000,606000000,0.34,0.28,1107000000,1414000000,1785000000,,,,,,,,698000000,293000000,-324000000,781000000,
META,1326801,"Meta Platforms, Inc.",2011,2011-12-31,2013-02-01,0001326801-13-000003,10-K,3711000000,860000000,2851000000,314000000,1756000000,2079000000,42000000,1695000000,695000000,1000000000,0.52,0.46,1294000000,1508000000,1512000000,4604000000,6331000000,,0,899000000,1432000000,4899000000,1549000000,606000000,-3023000000,1198000000,
META,1326801,"Meta Platforms, Inc.",2012,2012-12-31,2013-02-01,0001326801-13-000003,10-K,5089000000,1364000000,3725000000,892000000,538000000,1187000000,51000000,494000000,441000000,53000000,0.02,0.01,2006000000,2166000000,2384000000,11267000000,15103000000,,1500000000,1052000000,3348000000,11755000000,1612000000,1235000000,-7024000000,6283000000,
META,1326801,"Meta Platforms, Inc.",2013,2013-12-31,2014-01-31,0001326801-14-000007,10-K,7872000000,1875000000,5997000000,781000000,2804000000,3815000000,56000000,2754000000,1254000000,1500000000,0.62,0.6,2420000000,2517000000,3323000000,13070000000,17895000000,,0,1100000000,2425000000,15470000000,4222000000,1362000000,-2624000000,-667000000,
META,1326801,"Meta Platforms, Inc.",2014,2014-12-31,2015-01-29,0001326801-15-000006,10-K,12466000000,2153000000,10313000000,973000000,4994000000,6237000000,23000000,4910000000,1970000000,2940000000,1.12,1.1,2614000000,2664000000,4315000000,13670000000,40184000000,,,1424000000,4088000000,36096000000,5457000000,1831000000,-5913000000,1571000000,
META,1326801,"Meta Platforms, Inc.",2015,2015-12-31,2016-01-28,0001326801-16-000043,10-K,17928000000,2867000000,15061000000,1295000000,6225000000,8170000000,23000000,6194000000,2506000000,3688000000,1.31,1.29,2803000000,2853000000,4907000000,21652000000,49407000000,,,1925000000,5189000000,44218000000,8599000000,2523000000,-9434000000,1582000000,
META,1326801,"Meta Platforms, Inc.",2016,2016-12-31,2017-02-03,0001326801-17-000007,10-K,27638000000,3789000000,23849000000,1731000000,12427000000,14769000000,10000000,12518000000,2301000000,10217000000,3.56,3.49,2863000000,2925000000,8903000000,34401000000,64961000000,,,2875000000,5767000000,59194000000,16108000000,4491000000,-11739000000,-310000000,
META,1326801,"Meta Platforms, Inc.",2017,2017-12-31,2018-02-01,0001326801-18-000009,10-K,40653000000,5454000000,35199000000,2517000000,20203000000,23228000000,6000000,20594000000,4660000000,15934000000,5.49,5.39,2901000000,2956000000,8079000000,48563000000,84524000000,,,3760000000,10177000000,74347000000,24216000000,6733000000,-20038000000,-5235000000,
META,1326801,"Meta Platforms, Inc.",2018,2018-12-31,2019-01-31,0001326801-19-000009,10-K,55838000000,9355000000,46483000000,3451000000,24913000000,29228000000,9000000,25361000000,3249000000,22112000000,7.65,7.57,2890000000,2921000000,10019000000,50480000000,97334000000,,,7017000000,13207000000,84127000000,29274000000,13915000000,-11603000000,-15572000000,
META,1326801,"Meta Platforms, Inc.",2019,2019-12-31,2020-01-30,0001326801-20-000013,10-K,70697000000,12770000000,57927000000,10465000000,23986000000,29727000000,20000000,24812000000,6327000000,18485000000,6.48,6.43,2854000000,2876000000,19079000000,66225000000,133376000000,,,15053000000,32322000000,101054000000,36314000000,15102000000,-19864000000,-7299000000,
META,1326801,"Meta Platforms, Inc.",2020,2020-12-31,2021-01-28,0001326801-21-000014,10-K,85965000000,16692000000,69273000000,6564000000,32671000000,39533000000,,33180000000,4034000000,29146000000,10.22,10.09,2851000000,2888000000,17576000000,75670000000,159316000000,,,14981000000,31026000000,128290000000,38747000000,15115000000,-30059000000,-10292000000,
META,1326801,"Meta Platforms, Inc.",2021,2021-12-31,2022-02-03,0001326801-22-000018,10-K,117929000000,22649000000,95280000000,9829000000,46753000000,54720000000,,47284000000,7914000000,39370000000,13.99,13.77,2815000000,2859000000,16601000000,66666000000,165987000000,,,21135000000,41108000000,124879000000,57683000000,18567000000,-7570000000,-50728000000,
META,1326801,"Meta Platforms, Inc.",2022,2022-12-31,2023-02-02,0001326801-23-000013,10-K,116609000000,25249000000,91360000000,11816000000,28944000000,37630000000,,28819000000,5619000000,23200000000,8.63,8.59,2687000000,2702000000,14681000000,59549000000,185727000000,,9923000000,27026000000,60014000000,125713000000,50475000000,31431000000,-28970000000,-22136000000,
META,1326801,"Meta Platforms, Inc.",2023,2023-12-31,2024-02-02,0001326801-24-000012,10-K,134902000000,25959000000,108943000000,11408000000,46751000000,57929000000,446000000,47428000000,8330000000,39098000000,15.19,14.87,2574000000,2629000000,41862000000,85365000000,229623000000,,18385000000,31960000000,76455000000,153168000000,71113000000,27266000000,-24495000000,-19500000000,
META,1326801,"Meta Platforms, Inc.",2024,2024-12-31,2025-01-30,0001326801-25-000017,10-K,164501000000,30161000000,134340000000,9740000000,69380000000,84878000000,683000000,70663000000,8303000000,62360000000,24.61,23.86,2534000000,2614000000,43889000000,100045000000,276054000000,,28826000000,33596000000,93417000000,182637000000,91328000000,37256000000,-47150000000,-40781000000,5072000000
META,1326801,"Meta Platforms, Inc.",2025,2025-12-31,2026-01-29,0001628280-26-003942,10-K,200966000000,36175000000,164791000000,12152000000,83276000000,101892000000,1090000000,85932000000,25474000000,60458000000,23.98,23.49,2521000000,2574000000,35873000000,108722000000,366021000000,,58744000000,41836000000,148778000000,217243000000,115800000000,69691000000,-102003000000,-20370000000,5324000000
MLM,916076,MARTIN MARIETTA MATERIALS INC,2008,2008-12-31,2011-02-25,0000950123-11-018849,10-K,2116421000,1645906000,470515000,151348000,323386000,494515000,74299000,247129000,72088000,176256000,4.2,4.18,41370000,41617000,37794000,,,,,,,1067260000,345634000,258246000,-450762000,122884000,62511000
MLM,916076,MARTIN MARIETTA MATERIALS INC,2009,2009-12-31,2011-02-25,0000950123-11-018849,10-K,1702603000,1364870000,337733000,139400000,187577000,366968000,73460000,115262000,27375000,85459000,1.92,1.91,44000000,44190000,263591000,856860000,3239283000,226119000,1023492000,373553000,1832872000,1365240000,318368000,139230000,-185031000,92460000,71178000
MLM,916076,MARTIN MARIETTA MATERIALS INC,2010,2010-12-31,2011-02-25,0000950123-11-018849,10-K,1782857000,1460906000,321951000,133230000,196354000,377891000,68456000,127696000,29217000,97012000,2.11,2.1,45485000,45659000,70323000,696211000,3074743000,248714000,782045000,385493000,1606484000,1425440000,269808000,135916000,-174182000,-288894000,73550000
MLM,916076,MARTIN MARIETTA MATERIALS INC,2011,2011-12-31,2012-02-29,0001193125-12-088047,10-K,1713823000,1411808000,302015000,124138000,161022000,334429000,58586000,100602000,20986000,82379000,1.79,1.78,45652000,45793000,26022000,657850000,3147822000,7182000,1052902000,173712000,1698958000,1409321000,259094000,155363000,-238924000,-64471000,73648000
MLM,916076,MARTIN MARIETTA MATERIALS INC,2012,2012-12-31,2013-02-22,0001193125-13-070711,10-K,2037667000,1711751000,325916000,138398000,154953000,332164000,53339000,102913000,16950000,84474000,1.83,1.83,45828000,45970000,25394000,700401000,3160926000,5676000,1042183000,173335000,1710627000,1410545000,222689000,151023000,-143210000,-80107000,73767000
MLM,916076,MARTIN MARIETTA MATERIALS INC,2013,2013-12-31,2014-02-24,0001193125-14-064999,10-K,2155551000,1791594000,363957000,150091000,217988000,391749000,53467000,164226000,44045000,121337000,2.62,2.61,46164000,46285000,42437000,755366000,3259826000,12403000,1018518000,210549000,1684907000,1537877000,308951000,155233000,-214549000,-77359000,74197000
MLM,916076,MARTIN MARIETTA MATERIALS INC,2014,2014-12-31,2015-02-24,0001193125-15-060008,10-K,2957951000,2435591000,522360000,169245000,314873000,537619000,66057000,249178000,94847000,155601000,2.73,2.71,56854000,57088000,108651000,1288816000,7464392000,14336000,1571059000,396648000,3111644000,4351166000,381658000,232183000,-49325000,-266119000,91304000
MLM,916076,MARTIN MARIETTA MATERIALS INC,2015,2015-12-31,2016-02-23,0001193125-16-473754,10-K,3539570000,2817803000,721767000,218234000,479416000,743003000,76287000,413801000,124863000,288792000,4.31,4.29,66770000,67020000,168409000,1082168000,6961732000,19246000,1553649000,367191000,2901555000,4057284000,573151000,318232000,88546000,-601939000,107462000
MLM,916076,MARTIN MARIETTA MATERIALS INC,2016,2016-12-31,2017-02-24,0001193125-17-056282,10-K,3818749000,2909783000,908966000,248005000,667321000,952574000,81677000,607028000,181584000,425386000,6.66,6.63,63610000,63861000,50038000,1086385000,7300905000,180036000,1506153000,546588000,3158315000,4139978000,678654000,387267000,-555313000,-241712000,105036000
MLM,916076,MARTIN MARIETTA MATERIALS INC,2017,2017-12-31,2018-02-23,0001193125-18-055887,10-K,3965594000,2993654000,971940000,262128000,700381000,997543000,91487000,618928000,-94457000,713342000,11.3,11.25,62932000,63217000,1446364000,2631160000,8992511000,299909000,2727294000,694216000,4310034000,4679600000,657878000,410325000,-386479000,1124927000,108852000
MLM,916076,MARTIN MARIETTA MATERIALS INC,2018,2018-12-31,2019-02-25,0001193125-19-049961,10-K,4244265000,3277688000,966577000,280554000,690737000,1034770000,137069000,576081000,105705000,469998000,7.46,7.43,62895000,63147000,44892000,1365816000,9551419000,390042000,2730439000,786750000,4602007000,4946363000,705148000,375954000,-1948206000,-158414000,116436000
MLM,916076,MARTIN MARIETTA MATERIALS INC,2019,2019-12-31,2020-02-21,0001564590-20-005784,10-K,4739100000,3560100000,1179000000,302700000,884900000,1256400000,129300000,748300000,136300000,611900000,9.77,9.74,62500000,62700000,21000000,1426700000,10131600000,340000000,2433600000,838500000,4778300000,5350800000,966100000,393500000,-385900000,-604100000,129800000
MLM,916076,MARTIN MARIETTA MATERIALS INC,2020,2020-12-31,2021-02-19,0001564590-21-006959,10-K,4729900000,3477100000,1252800000,305900000,1005400000,1398900000,118100000,889300000,168200000,721000000,11.56,11.54,62300000,62400000,207300000,1668300000,10580800000,,2625800000,499300000,4687500000,5890700000,1050100000,359700000,-409700000,-357000000,140300000
MLM,916076,MARTIN MARIETTA MATERIALS INC,2021,2021-12-31,2022-02-22,0001564590-22-005965,10-K,5414000000,4065600000,1348400000,351000000,973800000,1425500000,142700000,855500000,153200000,702500000,11.26,11.22,62400000,62600000,258400000,2025600000,14393000000,100000,5100800000,752600000,7855400000,6535300000,1137700000,423100000,-3474600000,2291400000,147800000
MLM,916076,MARTIN MARIETTA MATERIALS INC,2022,2022-12-31,2023-02-24,0000950170-23-004361,10-K,6160700000,4737400000,1423300000,396700000,1206700000,1712700000,169000000,1091100000,234800000,866800000,13.91,13.87,62300000,62500000,358000000,2876900000,14993600000,699100000,4340900000,1445600000,7820800000,7170500000,991200000,481800000,-483800000,-407500000,159100000
MLM,916076,MARTIN MARIETTA MATERIALS INC,2023,2023-12-31,2024-02-23,0000950170-24-019275,10-K,6777200000,4754600000,2022600000,442800000,1596000000,2109200000,165300000,1492800000,292500000,1168900000,18.88,18.82,61900000,62100000,1271800000,3918900000,15124900000,399600000,3945600000,1170200000,7089300000,8033200000,1528400000,650300000,458700000,-1063600000,174000000
MLM,916076,MARTIN MARIETTA MATERIALS INC,2024,2024-12-31,2025-02-21,0000950170-25-024770,10-K,6536000000,4658000000,1878000000,447000000,2707000000,3280000000,169000000,2596000000,600000000,1995000000,32.5,32.41,61400000,61600000,670000000,2542000000,18170000000,125000000,5288000000,1016000000,8714000000,9453000000,1459000000,855000000,-2444000000,373000000,189000000
MLM,916076,MARTIN MARIETTA MATERIALS INC,2025,2025-12-31,2026-02-19,0001193125-26-059193,10-K,6150000000,4261000000,1889000000,443000000,1437000000,2074000000,230000000,1226000000,236000000,1137000000,18.81,18.77,60500000,60600000,67000000,3193000000,18711000000,30000000,5293000000,895000000,8677000000,10032000000,1785000000,807000000,-1588000000,-800000000,197000000
MRK,310158,"Merck & Co., Inc.",2007,2007-12-31,2010-03-01,0000950123-10-018679,10-K,24197700000,6140700000,18057000000,7556700000,,,,,95300000,3275400000,1.51,1.49,,,5336100000,,,,,,,20591400000,6999200000,1011000000,-2810000000,-4866100000,3307300000
MRK,310158,"Merck & Co., Inc.",2008,2008-12-31,2010-03-01,0000950123-10-018679,10-K,23850300000,5582500000,18267800000,7377000000,,,,,1999400000,7808400000,3.65,3.63,,,4368300000,19112600000,47195700000,2297100000,3943300000,14318700000,,18758300000,6571700000,1298300000,-1834400000,-5522500000,3278500000
MRK,310158,"Merck & Co., Inc.",2009,2009-12-31,2010-03-01,0000950123-10-018679,10-K,27428300000,9018900000,18409400000,8543200000,,,,,2267600000,12901300000,5.67,5.65,,,9311400000,28428600000,112089700000,1379200000,16074900000,15750700000,,59058000000,3392000000,1460600000,3156000000,-1638300000,3215000000
MRK,310158,"Merck & Co., Inc.",2010,2010-12-31,2011-02-28,0000950123-11-019286,10-K,45987000000,18396000000,27591000000,13245000000,,,715000000,1154000000,671000000,861000000,0.28,0.28,3095000000,3120000000,10900000000,29064000000,105781000000,2400000000,15482000000,15641000000,,54376000000,10822000000,1678000000,-3497000000,-5441000000,4734000000
MRK,310158,"Merck & Co., Inc.",2011,2011-12-31,2012-02-28,0001193125-12-084319,10-K,48047000000,16871000000,31176000000,13733000000,,,749000000,7334000000,942000000,6272000000,2.04,2.02,3071000000,3094000000,13531000000,33181000000,105128000000,1990000000,15525000000,16245000000,,54517000000,12383000000,1723000000,-2890000000,-6904000000,4691000000
MRK,310158,"Merck & Co., Inc.",2012,2012-12-31,2013-02-28,0001193125-13-084618,10-K,47267000000,16446000000,30821000000,12776000000,,,714000000,8739000000,2440000000,6168000000,2.03,2,3041,3076,13451000000,34857000000,106132000000,4315000000,16254000000,18348000000,,53020000000,10022000000,1954000000,-6805000000,-3267000000,5116000000
MRK,310158,"Merck & Co., Inc.",2013,2013-12-31,2014-02-27,0000310158-14-000009,10-K,44033000000,16954000000,27079000000,11911000000,,,801000000,5545000000,1028000000,4404000000,1.49,1.47,2963000000,2996000000,15621000000,35685000000,105645000000,4521000000,20539000000,17868000000,,49765000000,11654000000,1548000000,-3148000000,-5990000000,5157000000
MRK,310158,"Merck & Co., Inc.",2014,2014-12-31,2015-02-27,0000310158-15-000005,10-K,42237000000,16768000000,25469000000,11606000000,,,732000000,17283000000,5349000000,11920000000,4.12,4.07,2894000000,2928000000,7441000000,33173000000,98335000000,2704000000,18699000000,18766000000,,48647000000,7860000000,1317000000,-374000000,-15113000000,5170000000
MRK,310158,"Merck & Co., Inc.",2015,2015-12-31,2016-02-26,0000310158-16-000063,10-K,39498000000,14934000000,24564000000,10313000000,,,672000000,5401000000,942000000,4442000000,1.58,1.56,2816000000,2841000000,8524000000,29764000000,101779000000,2585000000,23929000000,19203000000,,44676000000,12421000000,1283000000,-4758000000,-5270000000,5117000000
MRK,310158,"Merck & Co., Inc.",2016,2016-12-31,2017-02-28,0000310158-17-000010,10-K,39807000000,13891000000,25916000000,9762000000,,,693000000,4659000000,718000000,3920000000,1.42,1.41,2766000000,2787000000,6515000000,30614000000,95377000000,568000000,24274000000,17204000000,,40088000000,10376000000,1614000000,-3210000000,-9044000000,5124000000
MRK,310158,"Merck & Co., Inc.",2017,2017-12-31,2018-02-27,0000310158-18-000005,10-K,40122000000,12775000000,27347000000,9830000000,,,754000000,6521000000,4103000000,2394000000,0.88,0.87,2730000000,2748000000,6092000000,24766000000,87872000000,3057000000,21353000000,18614000000,,34336000000,6447000000,1888000000,2679000000,-10006000000,5167000000
MRK,310158,"Merck & Co., Inc.",2018,2018-12-31,2019-02-27,0000310158-19-000014,10-K,42294000000,13509000000,28785000000,10102000000,,,772000000,8701000000,2508000000,6220000000,2.34,2.32,2664000000,2679000000,7965000000,25875000000,82637000000,5308000000,19806000000,22206000000,,26701000000,10922000000,2615000000,4314000000,-13160000000,5172000000
MRK,310158,"Merck & Co., Inc.",2019,2019-12-31,2020-02-26,0000310158-20-000005,10-K,46840000000,14112000000,32728000000,10615000000,,,893000000,11464000000,1687000000,9843000000,3.84,3.81,2565000000,2580000000,9676000000,27483000000,84397000000,3610000000,22736000000,22220000000,,25907000000,13440000000,3473000000,-2629000000,-8861000000,5695000000
MRK,310158,"Merck & Co., Inc.",2020,2020-12-31,2021-02-25,0000310158-21-000004,10-K,47994000000,15485000000,32509000000,10468000000,,,831000000,8791000000,1709000000,7067000000,2.79,2.78,2530000000,2541000000,8062000000,27764000000,91588000000,6431000000,25360000000,27327000000,,25317000000,10253000000,4684000000,-9443000000,-2832000000,6215000000
MRK,310158,"Merck & Co., Inc.",2021,2021-12-31,2022-02-25,0000310158-22-000003,10-K,48704000000,13626000000,35078000000,9634000000,,,806000000,13879000000,1521000000,13049000000,5.16,5.14,2530000000,2538000000,8096000000,30266000000,105694000000,2412000000,30690000000,23872000000,,38184000000,13122000000,4448000000,-16421000000,3097000000,6610000000
MRK,310158,"Merck & Co., Inc.",2022,2022-12-31,2023-02-24,0001628280-23-005061,10-K,59283000000,17411000000,41872000000,10042000000,,,962000000,16444000000,1918000000,14519000000,5.73,5.71,2532000000,2542000000,12694000000,35722000000,109160000000,1946000000,28745000000,24239000000,,45991000000,19095000000,4388000000,-4960000000,-9119000000,7012000000
MRK,310158,"Merck & Co., Inc.",2023,2023-12-31,2024-02-26,0001628280-24-006850,10-K,60115000000,16126000000,43989000000,10504000000,,,1146000000,1889000000,1512000000,365000000,0.14,0.14,2537000000,2547000000,6841000000,32168000000,106675000000,1372000000,33683000000,25694000000,,37581000000,13006000000,3863000000,-14083000000,-4810000000,7445000000
MRK,310158,"Merck & Co., Inc.",2024,2024-12-31,2025-02-25,0001628280-25-007732,10-K,64168000000,15193000000,48975000000,10816000000,,,,19936000000,2803000000,17117000000,6.76,6.74,2532000000,2541000000,13242000000,38782000000,117106000000,2649000000,34462000000,28420000000,,46313000000,21468000000,3372000000,-7734000000,-7032000000,7840000000
MRK,310158,"Merck & Co., Inc.",2025,2025-12-31,2026-02-24,0000310158-26-000063,10-K,65011000000,16382000000,48629000000,10733000000,,,,21067000000,2804000000,18254000000,7.3,7.28,2502000000,2507000000,14565000000,43516000000,136866000000,2589000000,46750000000,28327000000,,52606000000,16472000000,4112000000,-13741000000,-1922000000,8176000000
MRNA,1682852,"Moderna, Inc.",2016,2016-12-31,2019-03-13,0001682852-19-000009,10-K,108396000,,,57450000,-223771000,-208657000,,-215168000,1043000,-216211000,,,,,50080000,,,,,,,-334810000,66734000,33144000,-648607000,472910000,
MRNA,1682852,"Moderna, Inc.",2017,2017-12-31,2019-03-13,0001682852-19-000009,10-K,205825000,,,64722000,-269356000,-248819000,,-255996000,-80000,-255916000,,,,,134859000,783223000,1084489000,,,191461000,459193000,-551365000,-331484000,58401000,416095000,168000,
MRNA,1682852,"Moderna, Inc.",2018,2018-12-31,2019-03-13,0001682852-19-000009,10-K,135068000,,,94252000,-413266000,-388404000,,-384408000,326000,-384734000,,,,,658364000,1563006000,1962149000,,,222803000,431908000,1530241000,-330865000,105766000,-372472000,1226842000,
MRNA,1682852,"Moderna, Inc.",2019,2019-12-31,2020-02-27,0001682852-20-000006,10-K,60209000,,,109620000,-545720000,-514699000,,-514716000,-695000,-514021000,,,,,235876000,1128804000,1589422000,,,143115000,414612000,1174810000,-458968000,31554000,-14945000,51121000,
MRNA,1682852,"Moderna, Inc.",2020,2020-12-31,2021-02-26,0001682852-21-000006,10-K,803395000,7933000,795462000,188267000,-763144000,-731893000,,-744513000,2551000,-747064000,,,,,2623850000,6297879000,7336750000,,,4388808000,4775375000,2561375000,2026971000,67448000,-1671928000,2033193000,
MRNA,1682852,"Moderna, Inc.",2021,2021-12-31,2022-02-25,0001682852-22-000012,10-K,18471000000,2617000000,15854000000,567000000,13296000000,13528000000,,13285000000,1083000000,12202000000,30.31,28.29,403000000,431000000,6848000000,16071000000,24669000000,,,9128000000,10524000000,14145000000,13620000000,284000000,-8523000000,-873000000,
MRNA,1682852,"Moderna, Inc.",2022,2022-12-31,2023-02-24,0001682852-23-000011,10-K,19263000000,5416000000,13847000000,1132000000,9420000000,9768000000,,9575000000,1213000000,8362000000,21.26,20.12,394000000,416000000,3205000000,13431000000,25858000000,,,4923000000,6735000000,19123000000,4981000000,400000000,-5176000000,-3448000000,
MRNA,1682852,"Moderna, Inc.",2023,2023-12-31,2024-02-23,0001682852-24-000015,10-K,6848000000,4693000000,2155000000,1549000000,-4239000000,-3622000000,,-3942000000,772000000,-4714000000,-12.33,-12.33,382000000,382000000,2907000000,10325000000,18426000000,,,3015000000,4572000000,13854000000,-3118000000,707000000,4206000000,-1377000000,
MRNA,1682852,"Moderna, Inc.",2024,2024-12-31,2025-02-21,0001682852-25-000022,10-K,3236000000,1464000000,1772000000,1174000000,-3945000000,-3760000000,,-3607000000,-46000000,-3561000000,-9.28,-9.28,384000000,384000000,1927000000,8099000000,14142000000,,,2206000000,3241000000,10901000000,-3004000000,1051000000,1949000000,56000000,
MRNA,1682852,"Moderna, Inc.",2025,2025-12-31,2026-02-20,0001682852-26-000033,10-K,1944000000,868000000,1076000000,1018000000,-3074000000,-2863000000,,-2768000000,54000000,-2822000000,-7.26,-7.26,389000000,389000000,2595000000,6544000000,12338000000,,590000000,1987000000,3688000000,8650000000,-1873000000,192000000,1946000000,593000000,
MSFT,789019,MICROSOFT CORPORATION,2008,2008-06-30,2010-07-30,0001193125-10-171791,10-K,60420000000,11598000000,48822000000,5127000000,22271000000,23671000000,106000000,23814000000,6133000000,17681000000,1.9,1.87,9328000000,9470000000,10339000000,,,,,,,36286000000,21612000000,3182000000,-4587000000,-12934000000,4015000000
MSFT,789019,MICROSOFT CORPORATION,2009,2009-06-30,2010-07-30,0001193125-10-171791,10-K,58437000000,12155000000,46282000000,3700000000,20363000000,22063000000,38000000,19821000000,5252000000,14569000000,1.63,1.62,8945000000,8996000000,6076000000,49280000000,77888000000,2000000000,3746000000,27034000000,,39558000000,19037000000,3119000000,-15770000000,-7463000000,4468000000
MSFT,789019,MICROSOFT CORPORATION,2010,2010-06-30,2010-07-30,0001193125-10-171791,10-K,62484000000,12395000000,50089000000,4004000000,24098000000,25898000000,151000000,25013000000,6253000000,18760000000,2.13,2.1,8813000000,8927000000,5505000000,55676000000,86113000000,1000000000,4939000000,26147000000,,46175000000,24073000000,1977000000,-11314000000,-13291000000,4578000000
MSFT,789019,MICROSOFT CORPORATION,2011,2011-06-30,2011-07-28,0001193125-11-200680,10-K,69943000000,15577000000,54366000000,4222000000,27161000000,29161000000,295000000,28071000000,4921000000,23150000000,2.73,2.69,8490000000,8593000000,9610000000,74918000000,108704000000,0,11921000000,28774000000,51621000000,57083000000,26994000000,2355000000,-14616000000,-8376000000,5180000000
MSFT,789019,MICROSOFT CORPORATION,2012,2012-06-30,2012-07-26,0001193125-12-316848,10-K,73723000000,17530000000,56193000000,4569000000,21763000000,23963000000,380000000,22267000000,5289000000,16978000000,2.02,2,8396000000,8506000000,6938000000,85084000000,121271000000,,10713000000,32688000000,54908000000,66363000000,31626000000,2305000000,-24786000000,-9408000000,6385000000
MSFT,789019,MICROSOFT CORPORATION,2013,2013-06-30,2013-07-30,0001193125-13-310206,10-K,77849000000,20249000000,57600000000,5149000000,26764000000,29364000000,429000000,27052000000,5189000000,21863000000,2.61,2.58,8375000000,8470000000,3804000000,101466000000,142431000000,2999000000,12601000000,37417000000,63487000000,78944000000,28833000000,4257000000,-23811000000,-8148000000,7455000000
MSFT,789019,MICROSOFT CORPORATION,2014,2014-06-30,2014-07-31,0001193125-14-289961,10-K,86833000000,26934000000,59899000000,4821000000,27759000000,31159000000,597000000,27820000000,5746000000,22074000000,2.66,2.63,8299000000,8399000000,8669000000,114246000000,172384000000,2000000000,20645000000,45625000000,82600000000,89784000000,32231000000,5485000000,-18833000000,-8394000000,8879000000
MSFT,789019,MICROSOFT CORPORATION,2015,2015-06-30,2015-07-31,0001193125-15-272806,10-K,93580000000,33038000000,60542000000,4611000000,18161000000,22261000000,781000000,18507000000,6314000000,12193000000,1.49,1.48,8177000000,8254000000,5595000000,124712000000,176223000000,4985000000,27808000000,49858000000,96140000000,80083000000,29080000000,5944000000,-23001000000,-9080000000,9882000000
MSFT,789019,MICROSOFT CORPORATION,2016,2016-06-30,2016-07-28,0001193125-16-662209,10-K,85320000000,32780000000,52540000000,4563000000,20182000000,25082000000,1243000000,19751000000,2953000000,16798000000,2.12,2.1,7925000000,8013000000,6510000000,139660000000,193694000000,12904000000,40783000000,59357000000,121697000000,71997000000,33325000000,8343000000,-23950000000,-8393000000,11006000000
MSFT,789019,MICROSOFT CORPORATION,2017,2017-06-30,2017-08-02,0001564590-17-014900,10-K,89950000000,34261000000,55689000000,4481000000,22326000000,28426000000,2222000000,23149000000,1945000000,21204000000,2.74,2.71,7746000000,7832000000,7663000000,159851000000,241086000000,9072000000,76073000000,64527000000,168692000000,72394000000,39507000000,8129000000,-46781000000,8408000000,11845000000
MSFT,789019,MICROSOFT CORPORATION,2018,2018-06-30,2018-08-03,0001564590-18-019062,10-K,110360000000,38353000000,72007000000,4754000000,35058000000,42758000000,2733000000,36474000000,19903000000,16571000000,2.15,2.13,7700000000,7794000000,11946000000,169662000000,258848000000,0,72242000000,58488000000,176130000000,82718000000,43884000000,11632000000,-6061000000,-33590000000,12699000000
MSFT,789019,MICROSOFT CORPORATION,2019,2019-06-30,2019-08-01,0001564590-19-027952,10-K,125843000000,42910000000,82933000000,4885000000,42959000000,52659000000,2686000000,43688000000,4448000000,39240000000,5.11,5.06,7673000000,7753000000,11356000000,175552000000,286556000000,5516000000,66662000000,69420000000,184226000000,102330000000,52185000000,13925000000,-15773000000,-36887000000,13811000000
MSFT,789019,MICROSOFT CORPORATION,2020,2020-06-30,2020-07-30,0001564590-20-034944,10-K,143015000000,46078000000,96937000000,5111000000,52959000000,63659000000,2591000000,53036000000,8755000000,44281000000,5.82,5.76,7610000000,7683000000,13576000000,181915000000,301311000000,3749000000,59578000000,72310000000,183007000000,118304000000,60675000000,15441000000,-12223000000,-46031000000,15137000000
MSFT,789019,MICROSOFT CORPORATION,2021,2021-06-30,2021-07-29,0001564590-21-039151,10-K,168088000000,52232000000,115856000000,5107000000,69916000000,79216000000,2346000000,71102000000,9831000000,61271000000,8.12,8.05,7547000000,7608000000,14224000000,184406000000,333779000000,8072000000,50074000000,88657000000,191791000000,141988000000,76740000000,20622000000,-27577000000,-48486000000,16521000000
MSFT,789019,MICROSOFT CORPORATION,2022,2022-06-30,2022-07-28,0001564590-22-026876,10-K,198270000000,62650000000,135620000000,5900000000,83383000000,95983000000,2063000000,83716000000,10978000000,72738000000,9.7,9.65,7496000000,7540000000,13931000000,169684000000,364840000000,2749000000,47032000000,95082000000,198298000000,166542000000,89035000000,23886000000,-30311000000,-58876000000,18135000000
MSFT,789019,MICROSOFT CORPORATION,2023,2023-06-30,2023-07-27,0000950170-23-035122,10-K,211915000000,65863000000,146052000000,7575000000,88523000000,99523000000,1968000000,89311000000,16950000000,72361000000,9.72,9.68,7446000000,7472000000,34704000000,184257000000,411976000000,5247000000,41990000000,104149000000,205753000000,206223000000,87582000000,28107000000,-22680000000,-43935000000,19800000000
MSFT,789019,MICROSOFT CORPORATION,2024,2024-06-30,2024-07-30,0000950170-24-087843,10-K,245122000000,74114000000,171008000000,7609000000,109433000000,124633000000,2935000000,107787000000,19651000000,88136000000,11.86,11.8,7431000000,7469000000,18315000000,159734000000,512163000000,2249000000,42688000000,125286000000,243686000000,268477000000,118548000000,44477000000,-96970000000,-37757000000,21771000000
MSFT,789019,MICROSOFT CORPORATION,2025,2025-06-30,2025-07-30,0000950170-25-100235,10-K,281724000000,87831000000,193893000000,7223000000,128528000000,150528000000,,123627000000,21795000000,101832000000,13.7,13.64,7433000000,7465000000,30242000000,191131000000,619003000000,2999000000,40152000000,141218000000,275524000000,343479000000,136162000000,64551000000,-72599000000,-51699000000,24082000000
MSFT,789019,MICROSOFT CORPORATION,2026,2026-06-30,2026-07-29,0001193125-26-323660,10-K,331839000000,106374000000,225465000000,7956000000,155237000000,189537000000,,165934000000,32185000000,133749000000,18,17.95,7429000000,7453000000,20935000000,207710000000,758376000000,9227000000,31067000000,168825000000,315989000000,442387000000,182935000000,115948000000,-139500000000,-52546000000,26445000000
NOW,1373715,"SERVICENOW, INC.",2010,2010-06-30,2013-03-08,0001373715-13-000004,10-K,43329000,16190000,27139000,28810000,-28199000,-27830000,,-29425000,280000,-29705000,-1.31,-1.31,23157576,23157576,29402000,,,,,,,-71262000,-7532000,1584000,-1455000,30672000,
NOW,1373715,"SERVICENOW, INC.",2011,2011-06-30,2013-03-08,0001373715-13-000004,10-K,92641000,31575000,61066000,9379000,10560000,12032000,,11166000,1336000,9830000,0.09,0.08,18163977,28095486,59853000,,,,,,,-58381000,37468000,8733000,-8383000,1227000,
NOW,1373715,"SERVICENOW, INC.",2012,2012-12-31,2013-03-08,0001373715-13-000004,10-K,243712000,104009000,139703000,34117000,-37584000,-24078000,,-35980000,1368000,-37348000,-0.51,-0.51,73908631,73908631,118989000,422089000,478114000,,,211627000,234709000,243405000,48766000,42066000,-239149000,241839000,
NOW,1373715,"SERVICENOW, INC.",2013,2013-12-31,2014-02-28,0001373715-14-000044,10-K,424650000,155259000,269391000,61790000,-66267000,-42115000,,-71197000,2511000,-73708000,-0.54,-0.54,135415809,135415809,366303000,797749000,1168476000,,,328088000,774217000,394259000,81746000,55321000,-402795000,568570000,
NOW,1373715,"SERVICENOW, INC.",2014,2014-12-31,2015-02-27,0001373715-15-000067,10-K,682563000,248776000,433787000,96245000,-151835000,-109776000,,-175540000,3847000,-179387000,,,,,252455000,906986000,1425079000,,,506997000,996404000,428675000,138900000,54379000,-316928000,70772000,
NOW,1373715,"SERVICENOW, INC.",2015,2015-12-31,2016-02-25,0001373715-16-000324,10-K,1005480000,329413000,676067000,126604000,-166365000,-106009000,31097000,-193012000,5414000,-198426000,,,,,412305000,1085635000,1807052000,,,731636000,1240238000,566814000,315091000,87481000,-231743000,82993000,
NOW,1373715,"SERVICENOW, INC.",2016,2016-12-31,2017-02-28,0001373715-17-000026,10-K,1390513000,398682000,991831000,158936000,-422808000,-339726000,33278000,-450051000,1753000,-451804000,,,,,401238000,1342535000,2033767000,,,1071498000,1646806000,386961000,159921000,105562000,-108448000,-55752000,
NOW,1373715,"SERVICENOW, INC.",2017,2017-12-31,2018-02-28,0001373715-18-000058,10-K,1933026000,499772000,1433254000,210533000,-101414000,12461000,53394000,-149004000,126000,-149130000,,,,,726495000,2410564000,3397904000,,,2100631000,2813772000,584132000,642825000,150510000,-883948000,538892000,
NOW,1373715,"SERVICENOW, INC.",2018,2018-12-31,2019-02-27,0001373715-19-000070,10-K,2608816000,622658000,1986158000,296027000,-42426000,107178000,52733000,-39024000,-12320000,-26704000,,,,,566204000,2344693000,3879140000,,,2012573000,2767941000,1111199000,811089000,224462000,-347422000,-607428000,
NOW,1373715,"SERVICENOW, INC.",2019,2019-12-31,2020-02-20,0001373715-20-000072,10-K,3460437000,796645000,2663792000,339016000,42123000,294237000,33283000,67185000,-559513000,626698000,3.36,3.18,186466000,197223000,775778000,2826901000,6022430000,,,2752785000,3894489000,2127941000,1235972000,264892000,-724477000,-301856000,
NOW,1373715,"SERVICENOW, INC.",2020,2020-12-31,2021-02-12,0001373715-21-000061,10-K,4519484000,987113000,3532371000,454165000,198863000,535244000,32746000,149185000,30682000,118503000,0.61,0.59,193096000,202478000,1676794000,4521842000,8715057000,,,3737144000,5880576000,2834481000,1786599000,419327000,-1506872000,596647000,
NOW,1373715,"SERVICENOW, INC.",2021,2021-12-31,2022-02-03,0001373715-22-000024,10-K,5896000000,1353000000,4543000000,597000000,257000000,729000000,28000000,249000000,19000000,230141000,1.16,1.13,198094000,203167000,1728000000,5220000000,10798000000,92000000,,4949000000,7103000000,3695000000,2191000000,392000000,-1607000000,-506000000,
NOW,1373715,"SERVICENOW, INC.",2022,2022-12-31,2023-01-31,0001373715-23-000035,10-K,7245000000,1573000000,5672000000,735000000,355000000,788000000,27000000,399000000,74000000,325000000,1.61,1.6,201430000,203535000,1470000000,6654000000,13299000000,0,,6005000000,8267000000,5032000000,2723000000,550000000,-2583000000,-344000000,
NOW,1373715,"SERVICENOW, INC.",2023,2023-12-31,2024-01-25,0001373715-24-000030,10-K,8971000000,1921000000,7050000000,863000000,762000000,1324000000,,1008000000,-723000000,1731000000,8.48,8.42,204137000,205591000,1897000000,7777000000,17387000000,,,7365000000,9759000000,7628000000,3398000000,694000000,-2167000000,-803000000,
NOW,1373715,"SERVICENOW, INC.",2024,2024-12-31,2025-01-30,0001373715-25-000010,10-K,10984000000,2287000000,8697000000,936000000,1364000000,1928000000,,1738000000,313000000,1425000000,6.92,6.84,205834000,208423000,2304000000,9187000000,20383000000,,,8358000000,10774000000,9609000000,4267000000,852000000,-2501000000,-1343000000,
NOW,1373715,"SERVICENOW, INC.",2025,2025-12-31,2026-01-29,0001373715-26-000007,10-K,13278000000,2983000000,10295000000,1123000000,1824000000,2562000000,,2261000000,513000000,1748000000,1.69,1.67,1036740000,1046691000,3726000000,10471000000,26038000000,,,10443000000,13074000000,12964000000,5444000000,868000000,-1689000000,-2340000000,
NVDA,1045810,NVIDIA CORP,2008,2008-01-27,2010-03-18,0001045810-10-000006,10-K,4097860000,2228580000,1869280000,341297000,836346000,969538000,54000,,103696000,797645000,1.45,1.31,550108,606732,726969000,,,,,,,2617912000,1270196000,,-761318000,-326323000,
NVDA,1045810,NVIDIA CORP,2009,2009-01-25,2010-03-18,0001045810-10-000006,10-K,3424859000,2250590000,1174269000,362222000,-70700000,114323000,406000,,-12913000,-30041000,-0.05,-0.05,548126,548126,417688000,2167958000,3350727000,,,778591000,,2394652000,249360000,,-209367000,-349274000,
NVDA,1045810,NVIDIA CORP,2010,2010-01-31,2010-03-18,0001045810-10-000006,10-K,3326445000,2149522000,1176923000,367017000,-98945000,97719000,3320000,,-14307000,-67987000,-0.12,-0.12,549574,549574,447221000,2480830000,3585918000,,,784378000,,2665140000,487807000,,-519333000,61059000,
NVDA,1045810,NVIDIA CORP,2011,2011-01-30,2011-03-16,0001045810-11-000015,10-K,3543309000,2134219000,1409090000,361513000,255747000,442736000,3127000,271169000,18023000,253146000,0.44,0.43,575177,588684,665361000,3226950000,4495246000,,,942682000,,3181462000,675797000,,-649678000,192021000,
NVDA,1045810,NVIDIA CORP,2012,2012-01-29,2012-03-13,0001045810-12-000013,10-K,3997930000,1941413000,2056517000,405613000,648299000,852504000,3089000,663396000,82306000,581090000,0.96,0.94,603646000,616371000,667876000,3905358000,5552928000,,,929958000,,4145724000,909156000,138735000,-1143364000,236723000,
NVDA,1045810,NVIDIA CORP,2013,2013-01-27,2013-03-12,0001045810-13-000008,10-K,4280159000,2053816000,2226343000,430822000,648239000,874474000,3294000,662039000,99503000,562536000,0.91,0.9,619324000,624957000,732786000,4775258000,6412245000,,,976223000,,4827703000,824172000,,-743992000,-15270000,46866000
NVDA,1045810,NVIDIA CORP,2014,2014-01-26,2014-03-13,0001045810-14-000030,10-K,4130162000,1862399000,2267763000,435702000,496227000,735375000,10443000,510254000,70264000,439990000,0.75,0.74,587893000,594517000,1151587000,5624711000,7250894000,,1356375000,945496000,,4456398000,835146000,,-805937000,389592000,181336000
NVDA,1045810,NVIDIA CORP,2015,2015-01-25,2015-03-12,0001045810-15-000036,10-K,4681507000,2082030000,2599477000,480763000,758989000,979114000,46133000,754836000,124249000,630587000,1.14,1.12,552319000,563068000,496654000,5713297000,7201368000,,1384342000,896030000,,4417982000,905656000,,-727048000,-833541000,186452000
NVDA,1045810,NVIDIA CORP,2016,2016-01-31,2016-03-17,0001045810-16-000205,10-K,5010000000,2199000000,2811000000,602000000,747000000,944000000,47000000,743000000,129000000,614000000,1.13,1.08,543000000,569000000,596000000,6053000000,7370000000,,1413000000,2351000000,2814000000,4469000000,1175000000,,-400000000,-676000000,213000000
NVDA,1045810,NVIDIA CORP,2017,2017-01-29,2017-03-01,0001045810-17-000027,10-K,6910000000,2847000000,4063000000,663000000,1934000000,2121000000,58000000,1905000000,239000000,1666000000,3.08,2.57,541000000,649000000,1766000000,8536000000,9841000000,,1983000000,1788000000,4048000000,5762000000,1672000000,,-793000000,291000000,261000000
NVDA,1045810,NVIDIA CORP,2018,2018-01-28,2018-02-28,0001045810-18-000010,10-K,9714000000,3892000000,5822000000,815000000,3210000000,3409000000,61000000,3196000000,149000000,3047000000,5.09,4.82,599000000,632000000,4002000000,9255000000,11241000000,,1985000000,1153000000,3770000000,7471000000,3502000000,,1278000000,-2544000000,341000000
NVDA,1045810,NVIDIA CORP,2019,2019-01-27,2019-02-21,0001045810-19-000023,10-K,11716000000,4545000000,7171000000,991000000,3804000000,4066000000,58000000,3896000000,-245000000,4141000000,6.81,6.63,608000000,625000000,782000000,10557000000,13292000000,,1988000000,1329000000,3950000000,9342000000,3743000000,,-4097000000,-2866000000,371000000
NVDA,1045810,NVIDIA CORP,2020,2020-01-26,2020-02-20,0001045810-20-000010,10-K,10918000000,4150000000,6768000000,1093000000,2846000000,3227000000,52000000,2970000000,174000000,2796000000,4.59,4.52,609000000,618000000,10896000000,13690000000,17315000000,,1991000000,1784000000,5111000000,12204000000,4761000000,,6145000000,-792000000,390000000
NVDA,1045810,NVIDIA CORP,2021,2021-01-31,2021-02-26,0001045810-21-000010,10-K,16675000000,6279000000,10396000000,1940000000,4532000000,5630000000,184000000,4409000000,77000000,4332000000,7.02,6.9,617000000,628000000,847000000,16055000000,28791000000,999000000,5964000000,3925000000,11898000000,16893000000,5822000000,,-19675000000,3804000000,395000000
NVDA,1045810,NVIDIA CORP,2022,2022-01-30,2022-03-18,0001045810-22-000036,10-K,26914000000,9439000000,17475000000,2166000000,10041000000,11215000000,236000000,9941000000,189000000,9752000000,3.91,3.85,2496000000,2535000000,1990000000,28829000000,44187000000,0,10946000000,4335000000,17575000000,26612000000,9108000000,,-9830000000,1865000000,399000000
NVDA,1045810,NVIDIA CORP,2023,2023-01-29,2023-02-24,0001045810-23-000017,10-K,26974000000,11618000000,15356000000,2440000000,4224000000,5768000000,262000000,4181000000,-187000000,4368000000,1.76,1.74,2487000000,2507000000,3389000000,23073000000,41182000000,1250000000,9703000000,6563000000,19081000000,22101000000,5641000000,,7375000000,-11617000000,398000000
NVDA,1045810,NVIDIA CORP,2024,2024-01-28,2024-02-21,0001045810-24-000029,10-K,60922000000,16621000000,44301000000,2654000000,32972000000,34480000000,257000000,33818000000,4058000000,29760000000,12.05,11.93,2469000000,2494000000,7280000000,44345000000,65728000000,1250000000,8459000000,10631000000,22750000000,42978000000,28090000000,1069000000,-10566000000,-13633000000,395000000
NVDA,1045810,NVIDIA CORP,2025,2025-01-26,2025-02-26,0001045810-25-000023,10-K,130497000000,32639000000,97858000000,3491000000,81453000000,83317000000,,84026000000,11146000000,72880000000,2.97,2.94,24555000000,24804000000,8589000000,80126000000,111601000000,0,8463000000,18047000000,32274000000,79327000000,64089000000,3236000000,-20421000000,-42359000000,834000000
NVDA,1045810,NVIDIA CORP,2026,2026-01-25,2026-02-25,0001045810-26-000021,10-K,215938000000,62475000000,153463000000,4579000000,130387000000,133230000000,,141450000000,21383000000,120067000000,4.93,4.9,24359000000,24514000000,10605000000,125605000000,206803000000,999000000,7469000000,32163000000,49510000000,157293000000,102718000000,6042000000,-52228000000,-48474000000,974000000
ORCL,1341439,Oracle Corporation,2008,2008-05-31,2010-07-01,0001193125-10-151896,10-K,22430000000,0,22430000000,808000000,7844000000,8112000000,-394000000,,2313000000,5581000000,1.08,1.06,5133000000,5229000000,8262000000,,,,,,,23394000000,7402000000,,-9076000000,3281000000,0
ORCL,1341439,Oracle Corporation,2009,2009-05-31,2010-07-01,0001193125-10-151896,10-K,23252000000,0,23252000000,785000000,8321000000,8584000000,-630000000,,2241000000,5677000000,1.1,1.09,5070000000,5130000000,8995000000,18581000000,47416000000,,,9149000000,,25090000000,8255000000,,-2599000000,-4422000000,250000000
ORCL,1341439,Oracle Corporation,2010,2010-05-31,2010-07-01,0001193125-10-151896,10-K,26820000000,880000000,25940000000,911000000,9062000000,9360000000,-754000000,,2108000000,6230000000,1.22,1.21,5014000000,5073000000,9914000000,27004000000,61578000000,,,14691000000,,30798000000,8681000000,,-10319000000,2664000000,1004000000
ORCL,1341439,Oracle Corporation,2011,2011-05-31,2012-06-26,0001193125-12-284007,10-K,35622000000,3818000000,31804000000,970000000,12033000000,12401000000,808000000,6378000000,,8547000000,1.69,1.67,5048000000,5128000000,16163000000,39174000000,73535000000,1150000000,,14192000000,,39776000000,11214000000,450000000,-6081000000,516000000,1061000000
ORCL,1341439,Oracle Corporation,2012,2012-05-31,2012-06-26,0001193125-12-284007,10-K,37121000000,3743000000,33378000000,1126000000,13706000000,14192000000,766000000,6284000000,,9981000000,1.99,1.96,5015000000,5095000000,14955000000,40023000000,78327000000,2950000000,,15388000000,,43688000000,13743000000,648000000,-8381000000,-6099000000,1205000000
ORCL,1341439,Oracle Corporation,2013,2013-05-31,2013-06-26,0001193125-13-272832,10-K,37180000000,3547000000,33633000000,1072000000,14684000000,15230000000,797000000,13898000000,,10925000000,2.29,2.26,4769000000,4844000000,14613000000,41692000000,81812000000,,,12872000000,,44648000000,14224000000,650000000,-5956000000,-8500000000,1433000000
ORCL,1341439,Oracle Corporation,2014,2014-05-31,2014-06-26,0001193125-14-251351,10-K,38275000000,2954000000,35321000000,1038000000,14759000000,15367000000,914000000,13704000000,2749000000,10955000000,2.42,2.38,4528000000,4604000000,17769000000,48138000000,90344000000,1508000000,,14389000000,,46878000000,14921000000,580000000,-7539000000,-4068000000,2178000000
ORCL,1341439,Oracle Corporation,2015,2015-05-31,2015-06-25,0001193125-15-235239,10-K,38226000000,2929000000,35297000000,1077000000,13871000000,14583000000,1143000000,12834000000,2896000000,9938000000,2.26,2.21,4404000000,4503000000,21716000000,63183000000,110903000000,1999000000,,15291000000,,48663000000,14336000000,1391000000,-19047000000,9850000000,2255000000
ORCL,1341439,Oracle Corporation,2016,2016-05-31,2016-06-22,0001193125-16-628942,10-K,37047000000,2751000000,34296000000,1155000000,12604000000,13475000000,1467000000,11442000000,2541000000,8901000000,2.11,2.07,4221000000,4305000000,20152000000,64313000000,112180000000,3750000000,,17208000000,,47289000000,13561000000,1189000000,-5154000000,-9856000000,2541000000
ORCL,1341439,Oracle Corporation,2017,2017-05-31,2017-06-27,0001193125-17-214833,10-K,37728000000,2801000000,23017000000,1176000000,12710000000,13710000000,1798000000,11517000000,2182000000,9335000000,2.27,2.21,4115000000,4217000000,21784000000,74515000000,134991000000,9797000000,,24178000000,,53860000000,14126000000,2021000000,-21494000000,9086000000,2631000000
ORCL,1341439,Oracle Corporation,2018,2018-05-31,2018-06-22,0001193125-18-201034,10-K,39831000000,2888000000,24287000000,1289000000,13679000000,14844000000,2025000000,12891000000,9066000000,3825000000,0.93,0.9,4121000000,4238000000,21620000000,75964000000,137264000000,4491000000,,19195000000,,45726000000,15386000000,1736000000,-5625000000,-9982000000,3140000000
ORCL,1341439,Oracle Corporation,2019,2019-05-31,2019-06-21,0001564590-19-023119,10-K,39506000000,,,1265000000,13535000000,14765000000,2082000000,3774000000,1185000000,11083000000,3.05,2.97,3634000000,3732000000,20514000000,46386000000,108709000000,4494000000,,18630000000,,21785000000,14551000000,1660000000,26557000000,-42056000000,2932000000
ORCL,1341439,Oracle Corporation,2020,2020-05-31,2020-06-22,0001564590-20-030125,10-K,39068000000,,,1181000000,13896000000,15278000000,1995000000,3890000000,1928000000,10135000000,3.16,3.08,3211000000,3294000000,37239000000,52140000000,115438000000,2371000000,,17200000000,,12074000000,13139000000,1564000000,9843000000,-6132000000,3070000000
ORCL,1341439,Oracle Corporation,2021,2021-05-31,2021-06-21,0001564590-21-033616,10-K,40479000000,,,1254000000,15213000000,16750000000,2496000000,4375000000,-747000000,13746000000,4.67,4.55,2945000000,3022000000,30098000000,55567000000,131107000000,8250000000,,24164000000,,5238000000,15887000000,2135000000,-13098000000,-10378000000,3063000000
ORCL,1341439,Oracle Corporation,2022,2022-05-31,2022-06-21,0001564590-22-023675,10-K,42440000000,,,1317000000,10926000000,12898000000,2755000000,-629000000,932000000,6717000000,2.49,2.41,2700000000,2786000000,21383000000,31633000000,109297000000,3749000000,0,19511000000,,-6220000000,9539000000,4511000000,11220000000,-29126000000,3457000000
ORCL,1341439,Oracle Corporation,2023,2023-05-31,2023-06-20,0000950170-23-028914,10-K,49954000000,,,1579000000,13093000000,15619000000,3505000000,1492000000,623000000,8503000000,3.15,3.07,2696000000,2766000000,9765000000,21004000000,134384000000,4061000000,,23090000000,,1073000000,17165000000,8695000000,-36484000000,7910000000,3668000000
ORCL,1341439,Oracle Corporation,2024,2024-05-31,2024-06-20,0000950170-24-075605,10-K,52961000000,,,1548000000,15353000000,18482000000,3514000000,3023000000,1274000000,10467000000,3.82,3.71,2744000000,2823000000,10454000000,22554000000,140976000000,10605000000,,31544000000,,8704000000,18673000000,6866000000,-7360000000,-10554000000,4391000000
ORCL,1341439,Oracle Corporation,2025,2025-05-31,2025-06-18,0000950170-25-087926,10-K,57399000000,,,1602000000,17678000000,21545000000,3578000000,4376000000,1717000000,12443000000,4.46,4.34,2789000000,2866000000,10786000000,24579000000,168361000000,7271000000,,32643000000,,20451000000,20821000000,21215000000,-21711000000,1098000000,4743000000
ORCL,1341439,Oracle Corporation,2026,2026-05-31,2026-06-22,0001193125-26-277521,10-K,67357000000,,,1618000000,20606000000,28229000000,4599000000,8693000000,2467000000,17087000000,5.94,5.83,2860000000,2914000000,31289000000,46567000000,261759000000,7199000000,,41764000000,,42508000000,31977000000,55663000000,-51854000000,40284000000,5787000000
PANW,1327567,"PALO ALTO NETWORKS, INC",2011,2011-07-31,2013-09-25,0001327567-13-000026,10-K,118597000,32273000,86324000,13108000,-10404000,-8215000,,-12052000,476000,-12528000,,,,,40517000,,,,,,,-71454000,32102000,13000000,-13000000,2580000,
PANW,1327567,"PALO ALTO NETWORKS, INC",2012,2012-07-31,2013-09-25,0001327567-13-000026,10-K,255138000,70553000,184585000,26207000,3891000,10025000,,2799000,2062000,737000,,,,,322642000,381657000,407804000,,,122006000,,229071000,77368000,14565000,-14565000,219322000,
PANW,1327567,"PALO ALTO NETWORKS, INC",2013,2013-07-31,2013-09-25,0001327567-13-000026,10-K,396107000,109756000,286351000,42719000,-18621000,-8729000,,-18656000,10590000,-29246000,,,,,310614000,529699000,585606000,,,206102000,,272420000,114519000,22442000,-151565000,25018000,
PANW,1327567,"PALO ALTO NETWORKS, INC",2014,2014-07-31,2014-09-18,0001327567-14-000028,10-K,598179000,159628000,438551000,73149000,-215347000,-195928000,1883000,-222160000,4292000,-226452000,,,,,653812000,958326000,1478466000,,,348171000,,468583000,88406000,36107000,-320348000,575140000,
PANW,1327567,"PALO ALTO NETWORKS, INC",2015,2015-07-31,2015-09-17,0001327567-15-000027,10-K,928052000,251499000,676553000,101565000,-133536000,-104655000,22325000,-155577000,9405000,-164982000,,,,,375814000,1074030000,1965178000,,487084000,1032227000,,487899000,350304000,33828000,-679006000,50704000,
PANW,1327567,"PALO ALTO NETWORKS, INC",2016,2016-07-31,2016-09-08,0001327567-16-000064,10-K,1378500000,370000000,1008500000,138400000,-190100000,-147300000,23400000,-205100000,20800000,-225900000,,,,,734400000,1719100000,2761200000,,508200000,846800000,,789900000,658100000,72500000,-338900000,39400000,
PANW,1327567,"PALO ALTO NETWORKS, INC",2017,2017-07-31,2017-09-07,0001327567-17-000027,10-K,1761600000,476600000,1285000000,198300000,-179800000,-120000000,24500000,-194100000,22500000,-216600000,,,,,744300000,1976300000,3438300000,,524700000,1201300000,,759600000,868500000,163400000,-472600000,-386000000,
PANW,1327567,"PALO ALTO NETWORKS, INC",2018,2018-07-31,2018-09-13,0001327567-18-000024,10-K,2273100000,645300000,1627800000,257800000,-129100000,-32700000,29600000,-130200000,17700000,-147900000,,,,,2506900000,4132000000,5823000000,,1920100000,2139400000,,966400000,1037000000,112000000,-520000000,1245600000,
PANW,1327567,"PALO ALTO NETWORKS, INC",2019,2019-07-31,2019-09-09,0001327567-19-000032,10-K,2899600000,808400000,2091200000,261800000,-54100000,99700000,83900000,-74600000,7300000,-81900000,,,,,961400000,3664800000,6592200000,,1430000000,2053300000,,1586300000,1055600000,131200000,-1825900000,-773900000,
PANW,1327567,"PALO ALTO NETWORKS, INC",2020,2020-07-31,2020-09-04,0001327567-20-000032,10-K,3408400000,999500000,2408900000,299600000,-179000000,27100000,88700000,-231800000,35200000,-267000000,,,,,2958000000,5129200000,9065400000,,3084100000,2691700000,,1101800000,1035700000,214400000,288000000,673000000,
PANW,1327567,"PALO ALTO NETWORKS, INC",2021,2021-07-31,2021-09-03,0001327567-21-000029,10-K,4256100000,1274900000,2981200000,391100000,-304100000,-43700000,163300000,-465000000,33900000,-498900000,-5.18,-5.18,96400000,96400000,1874200000,4647300000,10241600000,,3226000000,5116700000,,634500000,1503000000,116000000,-1480600000,-1104000000,
PANW,1327567,"PALO ALTO NETWORKS, INC",2022,2022-07-31,2022-09-06,0001327567-22-000028,10-K,5501500000,1718700000,3782800000,405000000,-188800000,93800000,27400000,-207200000,59800000,-267000000,-2.71,-2.71,98500000,98500000,2118500000,6414900000,12253600000,,3676800000,8306300000,12043600000,210000000,1984700000,192800000,-933400000,-806600000,
PANW,1327567,"PALO ALTO NETWORKS, INC",2023,2023-07-31,2023-09-01,0001327567-23-000024,10-K,6892700000,1909700000,4983000000,447700000,387300000,669500000,27200000,566300000,126600000,439700000,1.45,1.28,303200000,342300000,1135300000,6048000000,14501100000,,1991500000,7737500000,12752700000,1748400000,2777500000,146300000,-2033800000,-1726300000,
PANW,1327567,"PALO ALTO NETWORKS, INC",2024,2024-07-31,2024-09-06,0001327567-24-000029,10-K,8027500000,2059200000,5968300000,680500000,683900000,967200000,8300000,988300000,-1589300000,2577600000,8.07,7.28,319200000,354000000,1535200000,6849700000,19990900000,,,7682700000,14821200000,5169700000,3257600000,156800000,-1509900000,-1343100000,
PANW,1327567,"PALO ALTO NETWORKS, INC",2025,2025-07-31,2025-08-29,0001327567-25-000027,10-K,9221500000,2451600000,6769900000,442700000,1242900000,1586300000,3000000,1595700000,461800000,1133900000,1.71,1.6,662500000,709300000,2268600000,7522800000,23576200000,,,7988000000,15751800000,7824400000,3716000000,246200000,-2204700000,-778900000,
PFE,78003,PFIZER INC,2007,2007-12-31,2010-02-26,0001193125-10-042425,10-K,48418000000,11239000000,37179000000,15626000000,,,,9278000000,1023000000,8144000000,1.18,1.17,6917000000,6939000000,3406000000,,,,,,,65124000000,13353000000,1880000000,795000000,-12610000000,
PFE,78003,PFIZER INC,2008,2008-12-31,2010-02-26,0001193125-10-042425,10-K,48296000000,8112000000,40184000000,14537000000,,,,9694000000,1645000000,8104000000,1.2,1.2,6727000000,6750000000,2122000000,43076000000,111148000000,9320000000,7963000000,27009000000,53408000000,57556000000,18238000000,1701000000,-12835000000,-6560000000,
PFE,78003,PFIZER INC,2009,2009-12-31,2010-02-26,0001193125-10-042425,10-K,50009000000,8888000000,41121000000,14875000000,,,,10827000000,2197000000,8635000000,1.23,1.23,7007000000,7045000000,1978000000,61670000000,212949000000,5469000000,43193000000,37225000000,122503000000,90014000000,16587000000,1205000000,-31272000000,14481000000,
PFE,78003,PFIZER INC,2010,2010-12-31,2011-02-28,0001193125-11-048877,10-K,67809000000,16279000000,51530000000,19614000000,,,1799000000,9422000000,1124000000,8257000000,1.03,1.02,8036000000,8074000000,1735000000,60468000000,195014000000,5623000000,38410000000,28609000000,106749000000,87813000000,11454000000,1513000000,-492000000,-11174000000,
PFE,78003,PFIZER INC,2011,2011-12-31,2012-02-28,0001193125-12-085703,10-K,67425000000,15085000000,52340000000,19468000000,,,1681000000,12762000000,4023000000,10009000000,1.28,1.27,7817000000,7870000000,3539000000,57728000000,188002000000,4018000000,34931000000,28069000000,105381000000,82190000000,20240000000,1660000000,2200000000,-20607000000,
PFE,78003,PFIZER INC,2012,2012-12-31,2013-02-28,0000078003-13-000006,10-K,58986000000,11334000000,47652000000,16616000000,,,1524000000,12080000000,2562000000,14570000000,1.96,1.94,7442000000,7508000000,10389000000,61415000000,185798000000,6424000000,31036000000,28619000000,104120000000,81260000000,17054000000,1327000000,6154000000,-15999000000,
PFE,78003,PFIZER INC,2013,2013-12-31,2014-02-28,0000078003-14-000018,10-K,51584000000,9586000000,41998000000,14355000000,,,1414000000,15716000000,4306000000,22003000000,3.23,3.19,6813000000,6895000000,2183000000,56244000000,172101000000,6027000000,30462000000,23366000000,95481000000,76307000000,17765000000,1206000000,-10625000000,-14975000000,
PFE,78003,PFIZER INC,2014,2014-12-31,2015-02-27,0000078003-15-000014,10-K,49605000000,9577000000,40028000000,14097000000,,,1360000000,12240000000,3120000000,9135000000,1.44,1.42,6346000000,6424000000,3343000000,57702000000,169274000000,5141000000,31541000000,21631000000,97652000000,71301000000,16883000000,1199000000,-5654000000,-9986000000,
PFE,78003,PFIZER INC,2015,2015-12-31,2016-02-29,0000078003-16-000077,10-K,48851000000,9648000000,39203000000,14809000000,,,1199000000,8965000000,1990000000,6960000000,1.13,1.11,6176000000,6257000000,3641000000,43804000000,167460000000,10160000000,28818000000,29399000000,102463000000,64720000000,14512000000,1397000000,-2980000000,-10233000000,
PFE,78003,PFIZER INC,2016,2016-12-31,2017-02-23,0000078003-17-000014,10-K,52824000000,12329000000,40495000000,14837000000,,,1186000000,8351000000,1123000000,7215000000,1.18,1.17,6089000000,6159000000,2595000000,38949000000,171615000000,10688000000,31398000000,31115000000,111776000000,59544000000,15901000000,1823000000,-7811000000,-8921000000,
PFE,78003,PFIZER INC,2017,2017-12-31,2018-02-22,0000078003-18-000027,10-K,52546000000,11240000000,41306000000,14784000000,,,1270000000,12305000000,-9049000000,21308000000,3.57,3.52,5970000000,6058000000,1342000000,41141000000,171797000000,9953000000,33538000000,30427000000,100141000000,71308000000,16470000000,1956000000,-4741000000,-13035000000,
PFE,78003,PFIZER INC,2018,2018-12-31,2019-02-28,0000078003-19-000015,10-K,53647000000,11248000000,42399000000,14455000000,,,1316000000,11885000000,706000000,11153000000,1.9,1.87,5872000000,5977000000,1139000000,49926000000,159422000000,8831000000,32909000000,31858000000,95664000000,63407000000,15827000000,2042000000,4525000000,-20441000000,
PFE,78003,PFIZER INC,2019,2019-12-31,2020-02-27,0000078003-20-000014,10-K,51750000000,10219000000,41531000000,14350000000,,,1574000000,17682000000,1384000000,16273000000,2.92,2.87,5569000000,5675000000,1305000000,32803000000,167489000000,16195000000,35955000000,37304000000,104042000000,63143000000,12588000000,2176000000,-3945000000,-8485000000,
PFE,78003,PFIZER INC,2020,2020-12-31,2021-02-25,0000078003-21-000038,10-K,41908000000,8692000000,33216000000,11615000000,,,1449000000,7497000000,477000000,9616000000,1.73,1.71,5555000000,5632000000,1784000000,35067000000,154229000000,2703000000,37133000000,25920000000,90756000000,63238000000,14403000000,2252000000,-4271000000,-9649000000,
PFE,78003,PFIZER INC,2021,2021-12-31,2022-02-24,0000078003-22-000027,10-K,81288000000,30821000000,50467000000,12703000000,,,1291000000,24311000000,1852000000,21979000000,3.92,3.85,5601000000,5708000000,1944000000,59693000000,181476000000,2241000000,36195000000,42671000000,104013000000,77201000000,32580000000,2711000000,-22546000000,-9816000000,
PFE,78003,PFIZER INC,2022,2022-12-31,2023-02-23,0000078003-23-000024,10-K,100330000000,34344000000,65986000000,13677000000,,,1238000000,34729000000,3328000000,31372000000,5.59,5.47,5608000000,5733000000,416000000,51259000000,197205000000,2945000000,32884000000,42138000000,101288000000,95661000000,29267000000,3236000000,-15783000000,-14834000000,
PFE,78003,PFIZER INC,2023,2023-12-31,2024-02-22,0000078003-24-000039,10-K,58496000000,24954000000,33542000000,14771000000,,,2209000000,1058000000,-1115000000,2119000000,0.38,0.37,5643000000,5709000000,2853000000,43333000000,226501000000,10350000000,61538000000,47794000000,137213000000,89014000000,8700000000,3907000000,-32278000000,26066000000,
PFE,78003,PFIZER INC,2024,2024-12-31,2025-02-27,0000078003-25-000054,10-K,63627000000,17851000000,45776000000,14730000000,,,3091000000,8023000000,-28000000,8031000000,1.42,1.41,5664000000,5700000000,1043000000,50358000000,213396000000,6946000000,57405000000,42995000000,124899000000,88203000000,12744000000,2909000000,2652000000,-17140000000,
PFE,78003,PFIZER INC,2025,2025-12-31,2026-02-26,0000078003-26-000026,10-K,62579000000,16067000000,46512000000,13794000000,,,2671000000,7520000000,-266000000,7771000000,1.37,1.36,5683000000,5713000000,1142000000,42898000000,208160000000,3154000000,61641000000,36984000000,121385000000,86476000000,11704000000,2629000000,-1351000000,-10304000000,
PHM,822416,"PULTEGROUP, INC.",2008,2008-12-31,2011-02-10,0001193125-11-029989,10-K,6263054000,,,814508000,,,2908000,,-209486000,-1473113000,-5.81,-5.81,253512000,253512000,1655264000,,,,,,,2835698000,1220392000,18878000,-55944000,-567654000,41119000
PHM,822416,"PULTEGROUP, INC.",2009,2009-12-31,2011-02-10,0001193125-11-029989,10-K,4084389000,,,672434000,,,2262000,,-792552000,-1182567000,-3.94,-3.94,300179000,300179000,1858234000,,10051222000,,,,6856782000,3194440000,738853000,39252000,1693811000,-2230031000,
PHM,822416,"PULTEGROUP, INC.",2010,2010-12-31,2011-02-10,0001193125-11-029989,10-K,4569290000,,,895102000,,,2729000,,-137817000,-1096729000,-2.9,-2.9,378585000,378585000,1470625000,,7699376000,,,,5564209000,2135167000,580256000,15179000,-19455000,-948399000,
PHM,822416,"PULTEGROUP, INC.",2011,2011-12-31,2012-02-09,0000822416-12-000010,10-K,4136690000,,,519583000,,,1313000,-310300000,-99912000,-210388000,-0.55,-0.55,379877000,379877000,1083071000,,6885620000,,,,4947005000,1938615000,17222000,21238000,-93629000,-323912000,
PHM,822416,"PULTEGROUP, INC.",2012,2012-12-31,2013-02-06,0000822416-13-000006,10-K,4819998000,,,514457000,,,819000,183554000,-22591000,206145000,0.54,0.54,381562000,384564000,1404760000,,6734409000,,,,4544793000,2189616000,760140000,13942000,9706000,-448157000,
PHM,822416,"PULTEGROUP, INC.",2013,2013-12-31,2014-02-05,0000822416-14-000010,10-K,5679595000,,,568500000,,,712000,527822000,-2092294000,2620116000,6.79,6.72,383077000,386866000,1580329000,,8734143000,,,,4085191000,4648952000,881136000,28899000,-45977000,-659590000,38382000
PHM,822416,"PULTEGROUP, INC.",2014,2014-12-31,2015-02-04,0000822416-15-000007,10-K,5822363000,,,667815000,,,849000,689758000,215420000,474338000,1.27,1.26,370377000,374102000,1292862000,,8569410000,,,,3764456000,4804954000,309249000,48790000,-67624000,-529092000,75646000
PHM,822416,"PULTEGROUP, INC.",2015,2015-12-31,2016-02-08,0000822416-16-000048,10-K,5981964000,,,589780000,,,,816023000,321933000,494090000,1.38,1.36,356576000,359793000,754161000,,8967160000,,,,4207835000,4759325000,-348129000,45440000,-30854000,-159718000,115958000
PHM,822416,"PULTEGROUP, INC.",2016,2016-12-31,2017-02-01,0000822416-17-000008,10-K,7668476000,,,957150000,,,,933850000,331147000,602703000,1.76,1.75,339747000,342123000,698882000,,10178200000,,,,5518837000,4659363000,68270000,39295000,-471192000,350735000,124666000
PHM,822416,"PULTEGROUP, INC.",2017,2017-12-31,2018-02-07,0000822416-18-000009,10-K,8573250000,,,891581000,,,,938828000,491607000,447221000,1.45,1.44,305089000,306814000,272683000,,9686649000,,,,5532623000,4154026000,663077000,32051000,-50242000,-1029915000,112748000
PHM,822416,"PULTEGROUP, INC.",2018,2018-12-31,2019-01-31,0000822416-19-000008,10-K,10188331000,,,1012023000,,,618000,1347540000,325517000,1022023000,3.56,3.55,283578000,284865000,1110088000,,10172976000,,,,5355194000,4817782000,1449744000,59039000,-41942000,-580270000,104020000
PHM,822416,"PULTEGROUP, INC.",2019,2019-12-31,2020-01-30,0000822416-20-000007,10-K,10212957000,,,1044337000,,,584000,1339576000,322876000,1016700000,3.67,3.66,274495000,275297000,1217913000,,10715597000,,,,5257417000,5458180000,1077545000,58119000,-226229000,-733560000,122350000
PHM,822416,"PULTEGROUP, INC.",2020,2020-12-31,2021-02-02,0000822416-21-000007,10-K,11036082000,,,1011442000,,,4248000,1728694000,321855000,1406839000,5.19,5.18,268553000,269414000,2582205000,,12205498000,,,,5635509000,6569989000,1784342000,58354000,-107947000,-295616000,130179000
PHM,822416,"PULTEGROUP, INC.",2021,2021-12-31,2022-02-07,0000822416-22-000007,10-K,13926882000,,,1208698000,,,502000,2509845000,563525000,1946320000,7.44,7.43,259285000,259928000,1779088000,,13352631000,,63900000,,5863116000,7489515000,1004021000,72781000,-124132000,-1678559000,147834000
PHM,822416,"PULTEGROUP, INC.",2022,2022-12-31,2023-02-06,0000822416-23-000007,10-K,16228995000,,,1381222000,,,284000,3439558000,822241000,2617317000,11.07,11.01,235010000,236166000,1053104000,,14796515000,,77300000,,5882417000,8914098000,668466000,112661000,-171743000,-1235735000,144115000
PHM,822416,"PULTEGROUP, INC.",2023,2023-12-31,2024-02-05,0000822416-24-000010,10-K,16061578000,,,1312642000,,,469000,3449267000,846895000,2602372000,11.79,11.72,219958000,221163000,1806583000,,16087050000,,73500000,,5703793000,10383257000,2196762000,92201000,-129095000,-1313043000,142459000
PHM,822416,"PULTEGROUP, INC.",2024,2024-12-31,2025-02-06,0000822416-25-000007,10-K,17946950000,,,1321276000,,,479000,4005879000,922617000,3083262000,14.82,14.69,208107000,209829000,1613327000,,17363763000,,31100000,,5241799000,12121964000,1680794000,118545000,-94476000,-1781815000,167707000
PHM,822416,"PULTEGROUP, INC.",2025,2025-12-31,2026-02-04,0000822416-26-000007,10-K,17311953000,,,1573928000,,,605000,2911321000,692591000,2218730000,11.21,11.12,197966000,199537000,1980869000,,18048423000,,43900000,,5062981000,12985442000,1871249000,122716000,-80424000,-1435729000,176684000
PWR,1050915,"QUANTA SERVICES, INC.",2017,2017-12-31,2020-02-28,0001050915-20-000020,10-K,9466478000,8224618000,1241860000,777920000,378849000,562657000,20946000,353757000,35532000,314978000,2.02,2,156124000,157155000,138285000,,,,,,,3795629000,371891000,244651000,-572084000,227764000,0
PWR,1050915,"QUANTA SERVICES, INC.",2018,2018-12-31,2020-02-28,0001050915-20-000020,10-K,11171423000,9691459000,1479964000,857574000,540269000,742788000,36945000,457666000,161659000,293346000,1.92,1.9,152963000,154226000,78687000,3326104000,7075787000,33422000,,1806127000,3470334000,3604159000,358789000,293595000,-402670000,-16570000,0
PWR,1050915,"QUANTA SERVICES, INC.",2019,2019-12-31,2020-02-28,0001050915-20-000020,10-K,12112153000,10511901000,1600252000,955991000,554874000,772981000,66890000,572287000,165472000,402044000,2.76,2.73,145710000,147534000,164798000,3830986000,8331682000,6542000,,2263049000,4277851000,4050292000,526551000,261762000,-617596000,177687000,23236000
PWR,1050915,"QUANTA SERVICES, INC.",2020,2020-12-31,2021-03-01,0001050915-21-000009,10-K,11202672000,9541825000,1660847000,975074000,611371000,836627000,45013000,571346000,119387000,445596000,3.15,3.07,141380000,145247000,184620000,3588389000,8398272000,4233000,,2138556000,4049300000,4344181000,1115977000,260052000,-499323000,-601365000,28891000
PWR,1050915,"QUANTA SERVICES, INC.",2021,2021-12-31,2022-02-25,0001050915-22-000008,10-K,12980213000,11026954000,1953259000,1155956000,663521000,919050000,68899000,622901000,130918000,485956000,3.45,3.34,140824000,145373000,229097000,4732577000,12855189000,15748000,,3164960000,7738268000,5112301000,582390000,385852000,-2898613000,2360877000,34022000
PWR,1050915,"QUANTA SERVICES, INC.",2022,2022-12-31,2023-02-23,0001050915-23-000010,10-K,17073903000,14544748000,2529155000,1336711000,872058000,1162705000,124363000,703886000,192243000,491189000,3.42,3.32,143488000,147992000,428505000,5536070000,13464337000,0,,3406194000,8065518000,5383464000,1130312000,427630000,-617191000,-311071000,41058000
PWR,1050915,"QUANTA SERVICES, INC.",2023,2023-12-31,2024-02-22,0001050915-24-000009,10-K,20882206000,17945120000,2937086000,1555137000,1127976000,1452762000,186913000,969956000,219267000,744689000,5.13,5,145222000,148823000,1290248000,7676897000,16237225000,535202000,,5213116000,9953870000,6272241000,1575952000,434803000,-989650000,268500000,47752000
PWR,1050915,"QUANTA SERVICES, INC.",2024,2024-12-31,2025-02-20,0001050915-25-000005,10-K,23672795000,20162034000,3510761000,1824754000,1346468000,1705831000,,1212030000,284747000,904824000,6.16,6.03,146929000,150056000,741960000,7851033000,18683894000,62680000,,6028513000,11354177000,7317731000,2081196000,604078000,-2294319000,-305636000,54196000
PWR,1050915,"QUANTA SERVICES, INC.",2025,2025-12-31,2026-02-19,0001050915-26-000006,10-K,28479697000,24204616000,4275081000,2189209000,1611509000,2023047000,,1389505000,347588000,1028378000,6.91,6.8,148790000,151291000,439508000,9903417000,24926901000,763898000,,8716198000,15899027000,8938249000,2229970000,609154000,-3830974000,1274984000,60416000
REGN,872589,"REGENERON PHARMACEUTICALS, INC.",2008,2008-12-31,2011-02-17,0001206774-11-000263,10-K,238457000,923000,237534000,48880000,-86249000,-74962000,7752000,-76778000,2351000,-79129000,,,,,247796000,,,,,,,421514000,-89086000,34857000,30815000,-192858000,
REGN,872589,"REGENERON PHARMACEUTICALS, INC.",2009,2009-12-31,2011-02-17,0001206774-11-000263,10-K,379268000,1686000,377582000,52923000,-74103000,-59856000,2337000,-71952000,-4122000,-67830000,,,,,207075000,425508000,741202000,,,93575000,344440000,396762000,-72230000,97318000,146000,31363000,
REGN,872589,"REGENERON PHARMACEUTICALS, INC.",2010,2010-12-31,2011-02-17,0001206774-11-000263,10-K,459074000,2093000,456981000,65201000,-97472000,-77785000,9118000,-104468000,0,-104468000,,,,,112572000,357622000,1089432000,,,109056000,561617000,527815000,96344000,99689000,-434153000,243306000,
REGN,872589,"REGENERON PHARMACEUTICALS, INC.",2011,2011-12-31,2012-02-21,0001206774-12-000709,10-K,445824000,4216000,441608000,117261000,-205159000,-174059000,21282000,-222892000,-1132000,-221760000,,,,,483610000,652875000,1323583000,,,148271000,837851000,485732000,-141682000,57217000,128471000,384249000,
REGN,872589,"REGENERON PHARMACEUTICALS, INC.",2012,2012-12-31,2013-02-15,0001532176-13-000004,10-K,1378477000,84455000,1294022000,210755000,457713000,494653000,45304000,414421000,-335848000,750269000,7.92,6.75,94685000,115382000,230276000,1206012000,2080490000,,,163550000,835105000,1245385000,-74615000,49337000,-81073000,-97646000,
REGN,872589,"REGENERON PHARMACEUTICALS, INC.",2013,2013-12-31,2014-02-13,0001532176-14-000008,10-K,2104745000,118048000,1986697000,329415000,760028000,801232000,46437000,713360000,288998000,424362000,4.33,3.81,97917000,111290000,535608000,1796934000,2951013000,,,298835000,998937000,1952076000,583648000,156323000,-355455000,77139000,
REGN,872589,"REGENERON PHARMACEUTICALS, INC.",2014,2014-12-31,2015-02-12,0001532176-15-000008,10-K,2819557000,129030000,2690527000,504755000,838431000,891117000,37372000,775747000,427673000,348074000,3.46,3.07,100612000,113413000,648719000,2167461000,3871827000,,,654660000,1329502000,2542325000,743157000,333006000,-420777000,-209269000,
REGN,872589,"REGENERON PHARMACEUTICALS, INC.",2015,2015-12-31,2016-02-11,0001532176-16-000045,10-K,4103728000,241702000,3862026000,838526000,1251916000,1326825000,14241000,1225097000,589041000,636056000,6.17,5.52,103061000,115230000,809102000,2915095000,5609132000,,,811162000,1954295000,3654837000,1330780000,677933000,-907601000,-262796000,
REGN,872589,"REGENERON PHARMACEUTICALS, INC.",2016,2016-12-31,2017-02-09,0001532176-17-000008,10-K,4860427000,194624000,4665803000,1177697000,1330741000,1435486000,,1329815000,434293000,895522000,8.55,7.7,104719000,116367000,535203000,3180188000,6973466000,,,1241495000,2524221000,4449245000,1473396000,511941000,-1046904000,-700391000,
REGN,872589,"REGENERON PHARMACEUTICALS, INC.",2017,2017-12-31,2018-02-08,0001532176-18-000013,10-K,5872227000,202507000,5669720000,1320433000,2079591000,2225058000,,2078511000,880000000,1198511000,11.27,10.34,106338000,115954000,812733000,4335030000,8764286000,,,1135483000,2620208000,6144078000,1307112000,272626000,-1005182000,-24400000,
REGN,872589,"REGENERON PHARMACEUTICALS, INC.",2018,2018-12-31,2019-02-07,0001532176-19-000009,10-K,6710800000,,,1556200000,2534400000,2682600000,28200000,2553500000,109100000,2444400000,22.65,21.29,107900000,114800000,1467700000,6447600000,11734500000,,,1442800000,2977200000,8757300000,2195100000,383100000,-1463000000,-77100000,
REGN,872589,"REGENERON PHARMACEUTICALS, INC.",2019,2019-12-31,2020-02-07,0001532176-20-000008,10-K,7863400000,,,1834800000,2209800000,2420100000,30200000,2429100000,313300000,2115800000,19.38,18.46,109200000,114600000,1617800000,7689100000,14805200000,,,2096600000,3715500000,11089700000,2430000000,429600000,-2027800000,-252100000,
REGN,872589,"REGENERON PHARMACEUTICALS, INC.",2020,2020-12-31,2021-02-08,0001804220-21-000008,10-K,8497100000,,,1346000000,3576600000,3812500000,56900000,3810400000,297200000,3513200000,32.65,30.52,107600000,115100000,2193700000,9779100000,17163300000,,1978500000,2697400000,6138000000,11025300000,2618100000,614600000,-70600000,-1970500000,
REGN,872589,"REGENERON PHARMACEUTICALS, INC.",2021,2021-12-31,2022-02-07,0001804220-22-000007,10-K,16071700000,,,1824900000,8946800000,9233000000,57300000,9325800000,1250500000,8075300000,76.4,71.97,105700000,112200000,2885600000,14014900000,25434800000,,1980000000,3932500000,6666000000,18768800000,7081300000,551900000,-5384700000,-1005800000,
REGN,872589,"REGENERON PHARMACEUTICALS, INC.",2022,2022-12-31,2023-02-06,0001804220-23-000008,10-K,12172900000,,,2115900000,4738900000,5080300000,59400000,4858800000,520400000,4338400000,40.51,38.22,107100000,113500000,3105900000,15884100000,29214500000,,1981400000,3141300000,6550500000,22664000000,5014900000,590100000,-3784600000,-1009000000,
REGN,872589,"REGENERON PHARMACEUTICALS, INC.",2023,2023-12-31,2024-02-05,0001804220-24-000009,10-K,13117200000,,,2631300000,4047100000,4468100000,73000000,4199300000,245700000,3953600000,37.05,34.77,106700000,113700000,2730000000,19479200000,33080200000,,1982900000,3423400000,7107100000,25973100000,4594000000,718600000,-3185100000,-1790100000,
REGN,872589,"REGENERON PHARMACEUTICALS, INC.",2024,2024-12-31,2025-02-05,0001804220-25-000011,10-K,14202000000,,,2954400000,3990700000,4473600000,,4779900000,367300000,4412600000,40.9,38.34,107900000,115100000,2488200000,18660900000,37759400000,,1984400000,3944300000,8405800000,29353600000,4420500000,755900000,-2468100000,-2200500000,
REGN,872589,"REGENERON PHARMACEUTICALS, INC.",2025,2025-12-31,2026-02-04,0000872589-26-000008,10-K,14342900000,,,2700000000,3577900000,4121600000,,5230700000,725800000,4504900000,43.07,41.48,104600000,108600000,3118100000,18021900000,40558700000,,1985900000,4368400000,9301800000,31256900000,4978900000,898400000,-629100000,-3715400000,370300000
SHW,89800,THE SHERWIN-WILLIAMS COMPANY,2007,2007-12-31,2010-02-24,0000950123-10-016198,10-K,8005292000,4406365000,3598927000,2597121000,,,71630000,912943000,297365000,615578000,4.84,4.7,127222007000,130924690000,27325000,2069580000,4855340000,657082000,293454000,2141385000,,1785727000,874545000,165870000,-456616000,-866617000,
SHW,89800,THE SHERWIN-WILLIAMS COMPANY,2008,2008-12-31,2010-02-24,0000950123-10-016198,10-K,7979727000,4480927000,3498800000,2643580000,,,65684000,714475000,237599000,476876000,4.08,4,116835433000,119343229000,26212000,1909205000,4415759000,516438000,303727000,1936736000,,1605648000,876233000,117203000,-236828000,-637910000,
SHW,89800,THE SHERWIN-WILLIAMS COMPANY,2009,2009-12-31,2010-02-24,0000950123-10-016198,10-K,7094249000,3831080000,3263169000,2534775000,,,40026000,622817000,186969000,435848000,3.84,3.78,113514399000,115422933000,69329000,1770019000,4323855000,22674000,782670000,1393668000,,1490950000,859186000,91328000,-130399000,-682830000,
SHW,89800,THE SHERWIN-WILLIAMS COMPANY,2010,2010-12-31,2011-02-23,0000950123-11-017092,10-K,7776424000,4295346000,3481078000,2728122000,,,64442000,677784000,215299000,462485000,4.28,4.21,107021624,108785517,58585000,2213722000,5169235000,388592000,648326000,2063940000,,1609440000,706590000,125162000,-489949000,-223568000,
SHW,89800,THE SHERWIN-WILLIAMS COMPANY,2011,2011-12-31,2012-02-23,0001193125-12-075061,10-K,8765699000,5021137000,3744562000,2960814000,,,42497000,741548000,299688000,441860000,4.22,4.14,103471323,105671973,32696000,2261593000,5229252000,346313000,639231000,2162661000,,1516919000,735812000,153801000,-277769000,-475209000,153512000
SHW,89800,THE SHERWIN-WILLIAMS COMPANY,2012,2012-12-31,2013-02-28,0000089800-13-000046,10-K,9534462000,5328236000,4206226000,3259648000,1307000000,1459217000,42788000,907309000,276275000,631034000,6.15,6.02,101714901,103930429,862590000,3149238000,6234737000,69035000,1632165000,1876436000,,1791804000,887886000,157112000,-342455000,286578000,160939000
SHW,89800,THE SHERWIN-WILLIAMS COMPANY,2013,2013-12-31,2014-02-27,0000089800-14-000045,10-K,10186000000,5568966000,4616566000,3467681000,,,62714000,1085958000,333397000,752561000,7.41,7.26,100897512,103048871,744889000,3158717000,6382507000,96551000,1122373000,2528557000,,1774535000,1083766000,166680000,-338314000,-853308000,204978000
SHW,89800,THE SHERWIN-WILLIAMS COMPANY,2014,2014-12-31,2015-02-25,0000089800-15-000004,10-K,11130000000,5965049000,5164484000,3822966000,,,64205000,1258226000,392339000,865887000,8.95,8.78,96190101,98075435,40732000,2566780000,5706052000,679436000,1122715000,2680666000,,996470000,1081528000,200545000,-310050000,-1467075000,215263000
SHW,89800,THE SHERWIN-WILLIAMS COMPANY,2015,2015-12-31,2016-02-24,0000089800-16-000026,10-K,11339000000,5780078000,5559226000,3913518000,1963000000,2133323000,61791000,1548966000,495117000,1053849000,11.38,11.16,92197207,94024092,205744000,2658874000,5791855000,39462000,1920196000,2141859000,,867910000,1447463000,234340000,-288633000,-980353000,249647000
SHW,89800,THE SHERWIN-WILLIAMS COMPANY,2016,2016-12-31,2017-02-22,0000089800-17-000005,10-K,11856000000,5933337000,5922265000,4159435000,2164000000,2336074000,154088000,1595233000,462530000,1132703000,12.33,11.99,91838603,94488086,889793000,3627298000,6752521000,40739000,1211326000,2829179000,,1878441000,1308572000,239026000,-303774000,-307353000,312082000
SHW,89800,THE SHERWIN-WILLIAMS COMPANY,2017,2017-12-31,2018-02-23,0000089800-18-000004,10-K,14984000000,8202577000,6781211000,4785415000,2294000000,2578997000,263471000,1528219000,-285583000,1772262000,19.08,18.67,92908638,94927213,204213000,4465840000,19958427000,633731000,9885745000,3987180000,,3692188000,1883968000,222767000,-9047362000,6514090000,319029000
SHW,89800,THE SHERWIN-WILLIAMS COMPANY,2018,2018-12-31,2019-02-22,0000089800-19-000004,10-K,17534493000,10115931000,7418562000,5033780000,2611000000,2889169000,366734000,1359650000,250904000,1108746000,11.92,11.67,92992457,94988070,155505000,4344487000,19134279000,328403000,8708057000,4297747000,,3730745000,1943700000,250957000,-251640000,-1746653000,322934000
SHW,89800,THE SHERWIN-WILLIAMS COMPANY,2019,2019-12-31,2020-02-21,0000089800-20-000005,10-K,17900800000,9864700000,8036100000,5274900000,2808800000,3070900000,349300000,1981800000,440500000,1541300000,16.79,16.49,91803528,93446842,161800000,4631700000,20496200000,204700000,8050700000,4521900000,,4123300000,2321300000,328900000,-462600000,-1846400000,420800000
SHW,89800,THE SHERWIN-WILLIAMS COMPANY,2020,2020-12-31,2021-02-19,0000089800-21-000010,10-K,18361700000,9679100000,8682600000,5477900000,3373800000,3641800000,340400000,2519200000,488800000,2030400000,22.45,22.08,90425861,91942623,226600000,4591400000,20401600000,100000,8266900000,4594400000,,3610800000,3408600000,303800000,-322400000,-3020100000,488000000
SHW,89800,THE SHERWIN-WILLIAMS COMPANY,2021,2021-12-31,2022-02-17,0000089800-22-000007,10-K,19944600000,11401900000,8542700000,5572500000,3083700000,3346800000,334700000,2248600000,384200000,1864400000,7.1,6.98,262500000,267100000,165700000,5053700000,20666700000,763500000,8590900000,5719500000,,2437200000,2244600000,372000000,-476400000,-1834000000,587100000
SHW,89800,THE SHERWIN-WILLIAMS COMPANY,2022,2022-12-31,2023-02-22,0000089800-23-000007,10-K,22148900000,12823800000,9325100000,6014500000,3397200000,3661200000,390800000,2573100000,553000000,2020100000,7.83,7.72,258000000,261800000,198800000,5907700000,22594000000,978100000,9591000000,5960700000,,3102100000,1919900000,644500000,-1607600000,-282400000,618500000
SHW,89800,THE SHERWIN-WILLIAMS COMPANY,2023,2023-12-31,2024-02-20,0000089800-24-000033,10-K,23051900000,12293800000,10758100000,7065400000,4161700000,4454000000,417500000,3109900000,721100000,2388800000,9.35,9.25,255400000,258300000,276800000,5512900000,22954400000,374200000,8377900000,6626900000,,3715800000,3521900000,888400000,-1039300000,-2424600000,623700000
SHW,89800,THE SHERWIN-WILLIAMS COMPANY,2024,2024-12-31,2025-02-20,0000089800-25-000030,10-K,23098500000,11903400000,11195100000,7422100000,,,354700000,3451800000,770400000,2681400000,10.68,10.55,251000000,254100000,210400000,5400800000,23632600000,662400000,8176800000,6808700000,,4051200000,3153200000,1070000000,-1196300000,-2017100000,723400000
SHW,89800,THE SHERWIN-WILLIAMS COMPANY,2025,2025-12-31,2026-02-19,0000089800-26-000008,10-K,23574300000,12058800000,11515500000,7695000000,,,396200000,3338200000,769700000,2568500000,10.37,10.26,247600000,250400000,207200000,6007400000,25901700000,1200500000,9320700000,6920300000,,4598300000,3451600000,797600000,-2066300000,-1378600000,789800000
TXN,97476,TEXAS INSTRUMENTS INCORPORATED,2007,2007-12-31,2010-02-23,0001140361-10-007923,10-K,13835000000,6466000000,7369000000,1680000000,3497000000,4519000000,,3692000000,1051000000,2657000000,1.87,1.83,1417000000,1444000000,1328000000,,,,,,,,4407000000,686000000,215000000,-4477000000,425000000
TXN,97476,TEXAS INSTRUMENTS INCORPORATED,2008,2008-12-31,2010-02-23,0001140361-10-007923,10-K,12501000000,6256000000,6245000000,1614000000,2437000000,3459000000,,2481000000,561000000,1920000000,1.46,1.44,1308000000,1321000000,1046000000,5790000000,11923000000,,,1532000000,2597000000,9326000000,3330000000,763000000,-1182000000,-2430000000,537000000
TXN,97476,TEXAS INSTRUMENTS INCORPORATED,2009,2009-12-31,2010-02-23,0001140361-10-007923,10-K,10427000000,5428000000,4999000000,1320000000,1991000000,2868000000,,2017000000,547000000,1470000000,1.16,1.15,1260000000,1269000000,1182000000,6114000000,12119000000,,,1587000000,2397000000,9722000000,2643000000,753000000,-1096000000,-1411000000,567000000
TXN,97476,TEXAS INSTRUMENTS INCORPORATED,2010,2010-12-31,2011-02-25,0001140361-11-012312,10-K,13966000000,6474000000,7492000000,1519000000,4514000000,5379000000,,4551000000,1323000000,3228000000,2.66,2.62,1199000000,1213000000,1319000000,7060000000,13401000000,,,1981000000,2964000000,10437000000,3820000000,1199000000,-1057000000,-2626000000,592000000
TXN,97476,TEXAS INSTRUMENTS INCORPORATED,2011,2011-12-31,2012-02-24,0000097476-12-000010,10-K,13735000000,6963000000,6772000000,1638000000,2992000000,3896000000,42000000,2955000000,719000000,2236000000,1.91,1.88,1151000000,1171000000,992000000,7828000000,20497000000,382000000,4211000000,3499000000,9545000000,10952000000,3256000000,816000000,-6172000000,2589000000,644000000
TXN,97476,TEXAS INSTRUMENTS INCORPORATED,2012,2012-12-31,2013-02-22,0000097476-13-000009,10-K,12825000000,6457000000,6368000000,1804000000,1973000000,2930000000,85000000,1935000000,176000000,1759000000,1.53,1.51,1132000000,1146000000,1416000000,8230000000,20021000000,1500000000,4186000000,3430000000,9060000000,10961000000,3414000000,495000000,-1039000000,-1951000000,819000000
TXN,97476,TEXAS INSTRUMENTS INCORPORATED,2013,2013-12-31,2014-02-24,0000097476-14-000007,10-K,12205000000,5841000000,6364000000,1858000000,2832000000,3711000000,95000000,2754000000,592000000,2162000000,1.94,1.91,1098000000,1113000000,1627000000,8019000000,18938000000,1000000000,4158000000,2747000000,8131000000,10807000000,3384000000,412000000,-3000000,-3170000000,1175000000
TXN,97476,TEXAS INSTRUMENTS INCORPORATED,2014,2014-12-31,2015-02-24,0000097476-15-000003,10-K,13045000000,5618000000,7427000000,1843000000,3947000000,4797000000,94000000,3874000000,1053000000,2821000000,2.61,2.57,1065000000,1080000000,1199000000,7768000000,17722000000,1001000000,3641000000,2662000000,7332000000,10390000000,3892000000,385000000,-377000000,-3943000000,1323000000
TXN,97476,TEXAS INSTRUMENTS INCORPORATED,2015,2015-12-31,2016-02-24,0001564590-16-013126,10-K,13000000000,5440000000,7560000000,1748000000,4274000000,5040000000,90000000,4216000000,1230000000,2986000000,2.86,2.82,1030000000,1043000000,1000000000,7074000000,16230000000,1000000000,3120000000,2555000000,6284000000,9946000000,4268000000,551000000,-302000000,-4165000000,1444000000
TXN,97476,TEXAS INSTRUMENTS INCORPORATED,2016,2016-12-31,2017-02-23,0001564590-17-002142,10-K,13370000000,5130000000,8240000000,1767000000,4799000000,5404000000,80000000,4930000000,1335000000,3595000000,3.54,3.48,1003000000,1021000000,1154000000,7457000000,16431000000,631000000,2978000000,2264000000,5958000000,10473000000,4614000000,531000000,-650000000,-3810000000,1646000000
TXN,97476,TEXAS INSTRUMENTS INCORPORATED,2017,2017-12-31,2018-02-22,0001564590-18-002832,10-K,14961000000,5347000000,9614000000,1694000000,6083000000,6622000000,78000000,6080000000,2398000000,3682000000,3.68,3.61,991000000,1012000000,1656000000,8734000000,17642000000,500000000,3577000000,2258000000,7305000000,10337000000,5363000000,695000000,-1127000000,-3734000000,2104000000
TXN,97476,TEXAS INSTRUMENTS INCORPORATED,2018,2018-12-31,2019-02-22,0001564590-19-003839,10-K,15784000000,5507000000,10277000000,1684000000,6713000000,7303000000,125000000,6686000000,1106000000,5580000000,5.71,5.59,970000000,990000000,2438000000,8097000000,17137000000,749000000,4319000000,2474000000,8143000000,8994000000,7189000000,1131000000,-78000000,-6329000000,2555000000
TXN,97476,TEXAS INSTRUMENTS INCORPORATED,2019,2019-12-31,2020-02-20,0000097476-20-000009,10-K,14383000000,5219000000,9164000000,1645000000,5723000000,6431000000,170000000,5728000000,711000000,5017000000,5.33,5.24,936000000,952000000,2437000000,8761000000,18018000000,500000000,5303000000,2123000000,9111000000,8907000000,6649000000,847000000,-1920000000,-4730000000,3008000000
TXN,97476,TEXAS INSTRUMENTS INCORPORATED,2020,2020-12-31,2021-02-05,0000097476-21-000006,10-K,14461000000,5192000000,9269000000,1623000000,5894000000,6627000000,190000000,6017000000,422000000,5595000000,6.05,5.97,921000000,933000000,3107000000,10239000000,19351000000,550000000,6248000000,2390000000,10164000000,9187000000,6139000000,649000000,-922000000,-4547000000,3426000000
TXN,97476,TEXAS INSTRUMENTS INCORPORATED,2021,2021-12-31,2022-02-04,0000097476-22-000009,10-K,18344000000,5968000000,12376000000,1666000000,8960000000,9715000000,184000000,8919000000,1150000000,7769000000,8.38,8.26,923000000,936000000,4631000000,13685000000,24676000000,500000000,7241000000,2569000000,11343000000,13333000000,8756000000,2462000000,-4095000000,-3137000000,3886000000
TXN,97476,TEXAS INSTRUMENTS INCORPORATED,2022,2022-12-31,2023-02-03,0000097476-23-000007,10-K,20028000000,6257000000,13771000000,1704000000,10140000000,11065000000,214000000,10032000000,1283000000,8749000000,9.51,9.41,916000000,926000000,3050000000,14021000000,27207000000,500000000,8235000000,2985000000,12630000000,14577000000,8720000000,2797000000,-3583000000,-6718000000,4297000000
TXN,97476,TEXAS INSTRUMENTS INCORPORATED,2023,2023-12-31,2024-02-02,0000097476-24-000007,10-K,17519000000,6500000000,11019000000,1825000000,7331000000,8506000000,353000000,7418000000,908000000,6510000000,7.13,7.07,908000000,916000000,2964000000,15122000000,32348000000,599000000,10624000000,3320000000,15451000000,16897000000,6420000000,5071000000,-4362000000,-2144000000,4557000000
TXN,97476,TEXAS INSTRUMENTS INCORPORATED,2024,2024-12-31,2025-02-14,0000097476-25-000007,10-K,15641000000,6547000000,9094000000,1794000000,5465000000,6973000000,508000000,5453000000,654000000,4799000000,5.24,5.2,912000000,919000000,3200000000,15026000000,35509000000,750000000,12846000000,3643000000,18606000000,16903000000,6318000000,4820000000,-3202000000,-2880000000,4795000000
TXN,97476,TEXAS INSTRUMENTS INCORPORATED,2025,2025-12-31,2026-02-06,0000097476-26-000059,10-K,17682000000,7599000000,10083000000,1860000000,6023000000,7941000000,543000000,5710000000,709000000,5001000000,5.47,5.45,909000000,913000000,3225000000,13750000000,34585000000,500000000,13548000000,3159000000,18312000000,16273000000,7153000000,4550000000,-1439000000,-5689000000,4999000000
VMC,1396009,VULCAN MATERIALS COMPANY,2007,2007-12-31,2010-02-26,0000950123-10-018400,10-K,3327787000,2376884000,950903000,289604000,714417000,985892000,48218000,667502000,204416000,450910000,4.65,4.54,97036000,99403000,34888000,,,,,,,3793252000,708144000,483322000,-3654299000,2925813000,181315000
VMC,1396009,VULCAN MATERIALS COMPANY,2008,2008-12-31,2010-02-26,0000950123-10-018400,10-K,3651438000,2901726000,749712000,342584000,249102000,638162000,172813000,75058000,71691000,918000,0.01,0.01,109774000,110954000,10194000,893890000,8916624000,1082500000,2153588000,1663066000,5362872000,3553752000,435185000,353196000,-189040000,-270839000,214783000
VMC,1396009,VULCAN MATERIALS COMPANY,2009,2009-12-31,2010-02-26,0000950123-10-018400,10-K,2690490000,2244528000,445962000,321608000,148452000,543064000,175262000,-19221000,-37869000,30314000,0.25,0.25,118891000,119430000,22265000,743289000,8532950000,236512000,2116120000,856695000,4480928000,4052022000,453035000,109729000,-80002000,-360962000,171468000
VMC,1396009,VULCAN MATERIALS COMPANY,2010,2010-12-31,2011-02-28,0000950123-11-019699,10-K,2558862000,2258136000,300726000,327537000,-14540000,367553000,181603000,-192206000,-89663000,-96490000,-0.75,-0.75,128050000,128050000,47541000,772106000,8337891000,285500000,2427516000,565672000,4372911000,3964980000,202706000,86324000,-88376000,-89054000,127792000
VMC,1396009,VULCAN MATERIALS COMPANY,2011,2011-12-31,2012-02-29,0001193125-12-089430,10-K,2564550000,2280681000,283869000,289993000,63444000,425163000,220628000,-153738000,-78483000,-70778000,-0.55,-0.55,129381000,129381000,155839000,863100000,8229314000,0,2680677000,406253000,4437697000,3791617000,169043000,98912000,-19479000,-41266000,98172000
VMC,1396009,VULCAN MATERIALS COMPANY,2012,2012-12-31,2013-02-28,0001193125-13-084128,10-K,2567310000,2233284000,334026000,259140000,84781000,416740000,213067000,-120418000,-66492000,-52593000,-0.41,-0.41,129745000,129745000,275478000,984972000,8126599000,150602000,2526401000,436411000,4365537000,3761062000,238475000,93357000,10399000,-129235000,5183000
VMC,1396009,VULCAN MATERIALS COMPANY,2013,2013-12-31,2014-02-26,0001396009-14-000006,10-K,2770709000,2343829000,426880000,259427000,190404000,497512000,202588000,-3703000,-24459000,24382000,0.19,0.19,130272000,131467000,193738000,951496000,8259143000,170000,2522243000,299135000,4321037000,3938106000,356499000,275380000,-296190000,-142049000,5191000
VMC,1396009,VULCAN MATERIALS COMPANY,2014,2014-12-31,2015-02-27,0001396009-15-000005,10-K,2994169000,2406587000,587582000,272288000,538138000,817635000,243367000,298838000,91692000,204923000,1.56,1.54,131461000,132991000,141273000,920469000,8061902000,0,1855447000,451878000,3885203000,4176699000,260336000,224852000,238331000,-551132000,28884000
VMC,1396009,VULCAN MATERIALS COMPANY,2015,2015-12-31,2016-02-25,0001396009-16-000044,10-K,3422181000,2564648000,857533000,286844000,549778000,824601000,220588000,327857000,94943000,221177000,1.66,1.64,133210000,135093000,284060000,1084591000,8301632000,0,1980334000,353479000,3847444000,4454188000,503378000,289262000,-309742000,-50849000,53214000
VMC,1396009,VULCAN MATERIALS COMPANY,2016,2016-12-31,2017-02-24,0001396009-17-000005,10-K,3592667000,2591850000,1000817000,314986000,679582000,964522000,134076000,547257000,124851000,419491000,3.15,3.09,133205000,135790000,258986000,1137182000,8471475000,0,1982751000,372244000,3898999000,4572476000,644588000,350148000,-365077000,-304585000,106333000
VMC,1396009,VULCAN MATERIALS COMPANY,2017,2017-12-31,2018-02-27,0001396009-18-000011,10-K,3890296000,2889735000,1000561000,323918000,647108000,953073000,295522000,361316000,-232075000,601185000,4.54,4.46,132513000,134878000,141646000,1180101000,9504891000,0,2813482000,442872000,4535998000,4968893000,644678000,459566000,-1269491000,503440000,132335000
VMC,1396009,VULCAN MATERIALS COMPANY,2018,2018-12-31,2019-02-26,0001396009-19-000021,10-K,4382869000,3281924000,1100945000,333371000,747713000,1093959000,137977000,623290000,105449000,515805000,3.9,3.85,132393000,133926000,40037000,1079145000,9832130000,133000000,2779357000,602550000,4629227000,5202903000,832777000,469088000,-669891000,-265128000,148109000
VMC,1396009,VULCAN MATERIALS COMPANY,2019,2019-12-31,2020-02-26,0001396009-20-000006,10-K,4929103000,3673202000,1255901000,370548000,877458000,1252054000,130155000,757701000,135198000,617662000,4.67,4.63,132300000,133385000,271589000,1379326000,10648793000,0,2784315000,535563000,5026936000,5621857000,984122000,384094000,-415837000,-338183000,163973000
VMC,1396009,VULCAN MATERIALS COMPANY,2020,2020-12-31,2021-02-25,0001396009-21-000009,10-K,4856826000,3575345000,1281481000,359772000,895731000,1292537000,135960000,743798000,155803000,584480000,4.41,4.39,132578000,133245000,1197068000,2277165000,11686905000,0,2772240000,1047883000,5659575000,6027330000,1070359000,362194000,-381514000,234662000,180216000
VMC,1396009,VULCAN MATERIALS COMPANY,2021,2021-12-31,2022-02-25,0001396009-22-000010,10-K,5552200000,4178800000,1373400000,417600000,1010800000,1473800000,149300000,873800000,200100000,670800000,5.05,5.02,132800000,133500000,235000000,1696600000,13682600000,0,3874800000,769300000,7114900000,6545000000,1011900000,451300000,-1874100000,-94300000,196400000
VMC,1396009,VULCAN MATERIALS COMPANY,2022,2022-12-31,2023-02-24,0001396009-23-000007,10-K,7315200000,5757500000,1557700000,515100000,951400000,1538900000,169200000,788100000,193000000,575600000,4.33,4.31,133000000,133600000,161400000,1902000000,14234600000,100000000,3875200000,956600000,7282400000,6928600000,1148200000,612600000,-1053000000,-175200000,212600000
VMC,1396009,VULCAN MATERIALS COMPANY,2023,2023-12-31,2024-02-22,0001396009-24-000006,10-K,7781900000,5833400000,1948500000,542800000,1427400000,2044400000,196100000,1245100000,299400000,933200000,7.02,6.98,133000000,133700000,931100000,2524900000,14545700000,0,3877300000,797600000,7037800000,7483400000,1536800000,872600000,-163500000,-585600000,228400000
VMC,1396009,VULCAN MATERIALS COMPANY,2024,2024-12-31,2025-02-20,0001396009-25-000005,10-K,7417700000,5418100000,1999600000,531100000,1364500000,1996700000,,1172100000,251400000,911900000,6.89,6.85,132300000,133100000,559700000,2265700000,17104800000,0,4906900000,1239100000,8962300000,8118600000,1409600000,603500000,-2814900000,1056900000,244400000
VMC,1396009,VULCAN MATERIALS COMPANY,2025,2025-12-31,2026-02-19,0001628280-26-009546,10-K,7941100000,5766500000,2174600000,564100000,1619600000,2368100000,,1390100000,307500000,1076700000,8.16,8.11,132000000,132700000,183300000,2567900000,16700400000,0,4361700000,956100000,8151500000,8525100000,1813000000,677700000,-529200000,-1695200000,259800000
VRTX,875320,VERTEX PHARMACEUTICALS INC / MA,2009,2009-12-31,2012-02-22,0001047469-12-001298,10-K,101889000,,,130192000,-614012000,-583905000,13192000,-642178000,,-642178000,-3.71,-3.71,173259000,173259000,446658000,,,,,,,1096346000,-427586000,23496000,-508732000,999006000,
VRTX,875320,VERTEX PHARMACEUTICALS INC / MA,2010,2010-12-31,2012-02-22,0001047469-12-001298,10-K,143370000,,,187800000,-696077000,-665618000,19275000,-754626000,,-754626000,-3.77,-3.77,200402000,200402000,243197000,1057039000,1725446000,,,474783000,1221473000,503973000,-635442000,38054000,7301000,425057000,
VRTX,875320,VERTEX PHARMACEUTICALS INC / MA,2011,2011-12-31,2012-02-22,0001047469-12-001298,10-K,1410626000,63625000,1347001000,400721000,113820000,148861000,38452000,60445000,19266000,29574000,0.14,0.14,204891000,208807000,475320000,1331254000,2204280000,,,392348000,1238768000,786843000,143735000,34595000,212412000,-124238000,
VRTX,875320,VERTEX PHARMACEUTICALS INC / MA,2012,2012-12-31,2013-03-01,0000875320-13-000009,10-K,1527042000,236742000,1290300000,436796000,2332000,40523000,16653000,-12381000,38754000,-107032000,-0.5,-0.5,211946000,211946000,489407000,1589585000,2759288000,,,432624000,1524906000,999180000,267841000,71140000,-425817000,172204000,
VRTX,875320,VERTEX PHARMACEUTICALS INC / MA,2013,2013-12-31,2014-02-11,0000875320-14-000015,10-K,1211975000,88979000,1122996000,362342000,-903448000,-855083000,,-976117000,-288567000,-445028000,-1.98,-1.98,224906000,224906000,569299000,1588576000,2319041000,,,397829000,962636000,1356405000,-51570000,51393000,-54130000,180884000,
VRTX,875320,VERTEX PHARMACEUTICALS INC / MA,2014,2014-12-31,2015-02-13,0000875320-15-000012,10-K,580415000,39725000,540690000,305409000,-692412000,-629155000,,-734875000,6958000,-738555000,-3.14,-3.14,235307000,235307000,625259000,1546511000,2334679000,,,368254000,1238496000,1075006000,-513199000,51201000,73959000,497376000,
VRTX,875320,VERTEX PHARMACEUTICALS INC / MA,2015,2015-12-31,2016-02-16,0000875320-16-000067,10-K,1032336000,117151000,915185000,376575000,-466879000,-404536000,,-557800000,30381000,-556334000,-2.31,-2.31,241312000,241312000,714768000,1407153000,2498875000,,,506349000,1405247000,939967000,-365432000,45302000,268856000,188919000,
VRTX,875320,VERTEX PHARMACEUTICALS INC / MA,2016,2016-12-31,2017-02-23,0000875320-17-000017,10-K,1702177000,206811000,1495366000,432829000,9936000,71334000,,-67366000,16665000,-112052000,-0.46,-0.46,244685000,244685000,1183945000,1831540000,2896787000,,,792537000,1558596000,1156582000,236103000,56563000,104469000,133271000,
VRTX,875320,VERTEX PHARMACEUTICALS INC / MA,2017,2017-12-31,2018-02-15,0000875320-18-000009,10-K,2488652000,272675000,2215977000,496079000,123243000,184640000,,-15689000,-107324000,263484000,1.06,1.04,248858000,253225000,1665412000,2648963000,3546014000,,,807260000,1503708000,2028579000,844942000,99421000,-437681000,68404000,
VRTX,875320,VERTEX PHARMACEUTICALS INC / MA,2018,2018-12-31,2019-02-13,0000875320-19-000006,10-K,3047597000,409539000,2638058000,557616000,635150000,707570000,,600241000,-1486862000,2096896000,8.24,8.09,254292000,259185000,2650134000,3843109000,6245898000,,,1120292000,1810695000,4435203000,1270286000,95524000,-202158000,-71219000,
VRTX,875320,VERTEX PHARMACEUTICALS INC / MA,2019,2019-12-31,2020-02-13,0000875320-20-000007,10-K,4162821000,547758000,3615063000,658498000,1197566000,1304507000,58502000,1394919000,218109000,1176810000,4.58,4.51,256728000,260673000,3109322000,4822829000,8318465000,,,1334827000,2233221000,6085244000,1569330000,75451000,-1235318000,126773000,
VRTX,875320,VERTEX PHARMACEUTICALS INC / MA,2020,2020-12-31,2021-02-11,0000875320-21-000006,10-K,6205683000,736300000,5469383000,770456000,2856290000,2965805000,58151000,3116798000,405151000,2711647000,10.44,10.29,259841000,263396000,5988187000,8133379000,11751808000,,,1877533000,3064993000,8686815000,3253505000,259798000,99388000,-505281000,
VRTX,875320,VERTEX PHARMACEUTICALS INC / MA,2021,2021-12-31,2022-02-09,0000875320-22-000007,10-K,7574400000,904200000,6670200000,840100000,2782100000,2907700000,,2730400000,388300000,2342100000,9.09,9.01,257700000,259900000,6795000000,9560600000,13432500000,,,2142000000,3332500000,10100000000,2643500000,235000000,-340900000,-1478000000,
VRTX,875320,VERTEX PHARMACEUTICALS INC / MA,2022,2022-12-31,2023-02-10,0000875320-23-000007,10-K,8930700000,1080300000,7850400000,944700000,4307400000,4455700000,,4232400000,910400000,3322000000,12.97,12.82,256100000,259100000,10504000000,13234800000,18150900000,,,2742100000,4238200000,13912700000,4129900000,204700000,-321100000,-67700000,
VRTX,875320,VERTEX PHARMACEUTICALS INC / MA,2023,2023-12-31,2024-02-15,0000875320-24-000062,10-K,9869200000,1262200000,8607000000,1136600000,3832000000,4013300000,,4379800000,760200000,3619600000,14.05,13.89,257700000,260500000,10369100000,14144200000,22730200000,,,3547400000,5149800000,17580400000,3537300000,200400000,-3141700000,-562200000,
VRTX,875320,VERTEX PHARMACEUTICALS INC / MA,2024,2024-12-31,2025-02-13,0000875320-25-000053,10-K,11020100000,1530500000,9489600000,1464300000,-232900000,-25700000,,248500000,784100000,-535600000,-2.08,-2.08,257900000,257900000,4569600000,9596400000,22533200000,,,3564600000,6123600000,16409600000,-492600000,297700000,-3770000000,-1494900000,
VRTX,875320,VERTEX PHARMACEUTICALS INC / MA,2025,2025-12-31,2026-02-13,0000875320-26-000056,10-K,12001300000,1651300000,10350000000,1753100000,4173300000,4383100000,,4643200000,690000000,3953200000,15.46,15.32,255700000,258000000,5084800000,11201000000,25643000000,,,3861200000,6977200000,18665800000,3631400000,437600000,-945400000,-2261300000,
VTRS,1792044,VIATRIS INC.,2018,2018-12-31,2021-03-01,0001792044-21-000009,10-K,11433900000,7432300000,4001600000,2441000000,905600000,3015500000,542300000,298400000,-54100000,352500000,0.69,0.68,514500000,516500000,388100000,,,,,,,12167100000,2341700000,252100000,-1210400000,-1090900000,
VTRS,1792044,VIATRIS INC.,2019,2019-12-31,2021-03-01,0001792044-21-000009,10-K,11500500000,7602900000,3897600000,2563600000,715500000,2734800000,517300000,154400000,137600000,16800000,0.03,0.03,515700000,516500000,475600000,6757300000,31255500000,0,11214300000,5569100000,19371700000,11883800000,1803700000,213200000,-525400000,-1169000000,
VTRS,1792044,VIATRIS INC.,2020,2020-12-31,2021-03-01,0001792044-21-000009,10-K,11946000000,8149300000,3796700000,3344600000,-210800000,2005300000,497800000,-721200000,-51300000,-669900000,-1.11,-1.11,601200000,601200000,844400000,12867500000,61553000000,1100900000,22429200000,10562900000,38598900000,22954100000,1231800000,243000000,-301100000,-605700000,
VTRS,1792044,VIATRIS INC.,2021,2021-12-31,2022-02-28,0001792044-22-000010,10-K,17886300000,12310800000,5575500000,4529200000,-34000000,4472500000,636200000,-664400000,604700000,-1269100000,-1.05,-1.05,1208800000,1208800000,701200000,10902900000,54842800000,1493000000,19717100000,9884400000,34350100000,20492700000,3016900000,457200000,-117800000,-3012000000,
VTRS,1792044,VIATRIS INC.,2022,2022-12-31,2023-02-27,0001792044-23-000008,10-K,16262700000,9765700000,6497000000,4179100000,1614900000,4642500000,592400000,2813200000,734600000,2078600000,1.71,1.71,1212100000,1217400000,1259900000,10635400000,50022200000,0,18015200000,6746200000,28949900000,21072300000,2952600000,406000000,1520500000,-3877900000,
VTRS,1792044,VIATRIS INC.,2023,2023-12-31,2024-02-28,0001792044-24-000008,10-K,15426900000,8988300000,6438600000,4650100000,766200000,3506700000,573100000,202900000,148200000,54700000,0.05,0.05,,,991900000,12976100000,47685500000,1934700000,16188100000,7777400000,27218100000,20467400000,2799600000,377000000,-764100000,-2301900000,
VTRS,1792044,VIATRIS INC.,2024,2024-12-31,2025-02-27,0001792044-25-000008,10-K,14739300000,9115700000,5623600000,4425600000,10100000,2903300000,550000000,-623200000,11000000,-634200000,-0.53,-0.53,,,734800000,9520700000,41500900000,600000,14038900000,5779400000,22865400000,18635500000,2302900000,326000000,1800700000,-4330400000,
VTRS,1792044,VIATRIS INC.,2025,2025-12-31,2026-02-26,0001792044-26-000013,10-K,14299900000,9286400000,5013500000,3794100000,-2663100000,135200000,471300000,-3665000000,-150100000,-3514900000,-3,-3,,,1322400000,9789200000,37193100000,1929900000,12480600000,7094300000,22481800000,14711300000,2315900000,378800000,-427700000,-1293900000,
ZTS,1555280,Zoetis Inc.,2011,2011-12-31,2014-03-26,0001555280-14-000164,10-K,4233000000,1652000000,2581000000,1453000000,,,36000000,394000000,146000000,245000000,0.49,0.49,500000000,500000000,79000000,,,,,,,3736000000,497000000,135000000,-449000000,-30000000,
ZTS,1555280,Zoetis Inc.,2012,2012-12-31,2014-03-26,0001555280-14-000164,10-K,4336000000,1563000000,2773000000,1470000000,,,31000000,710000000,274000000,436000000,0.87,0.87,500000000,500000000,317000000,2864000000,6262000000,73000000,0,1123000000,2221000000,4026000000,454000000,126000000,-135000000,-78000000,
ZTS,1555280,Zoetis Inc.,2013,2013-12-31,2014-03-26,0001555280-14-000164,10-K,4561000000,1669000000,2892000000,1613000000,,,113000000,690000000,187000000,504000000,1.01,1.01,500002000,500317000,610000000,3357000000,6558000000,15000000,3642000000,1415000000,5596000000,940000000,681000000,184000000,-179000000,-200000000,
ZTS,1555280,Zoetis Inc.,2014,2014-12-31,2016-02-24,0001555280-16-000344,10-K,4785000000,1717000000,3068000000,1643000000,,,117000000,820000000,233000000,583000000,1.16,1.16,501055000,502025000,882000000,3465000000,6588000000,7000000,3624000000,1086000000,5251000000,1311000000,626000000,180000000,-187000000,-154000000,
ZTS,1555280,Zoetis Inc.,2015,2015-12-31,2016-02-24,0001555280-16-000344,10-K,4765000000,1738000000,3027000000,1532000000,,,124000000,545000000,206000000,339000000,0.68,0.68,499707000,502019000,1154000000,3830000000,7913000000,5000000,4463000000,1781000000,6822000000,1068000000,664000000,224000000,-1115000000,755000000,
ZTS,1555280,Zoetis Inc.,2016,2016-12-31,2017-02-16,0001555280-17-000044,10-K,4888000000,1666000000,3222000000,1364000000,,,166000000,1228000000,409000000,821000000,1.66,1.65,495715000,498225000,727000000,3390000000,7649000000,0,4468000000,1117000000,6150000000,1487000000,713000000,216000000,-214000000,-903000000,
ZTS,1555280,Zoetis Inc.,2017,2017-12-31,2018-02-15,0001555280-18-000053,10-K,5307000000,1775000000,3532000000,1334000000,,,175000000,1525000000,663000000,864000000,1.76,1.75,489918000,493161000,1564000000,4217000000,8586000000,0,4953000000,1094000000,6800000000,1770000000,1346000000,224000000,-270000000,-251000000,
ZTS,1555280,Zoetis Inc.,2018,2018-12-31,2019-02-14,0001555280-19-000041,10-K,5825000000,1911000000,3914000000,1484000000,,,206000000,1690000000,266000000,1428000000,2.96,2.93,483063000,486898000,1602000000,4399000000,10777000000,9000000,6443000000,1223000000,8592000000,2185000000,1790000000,338000000,-2259000000,533000000,
ZTS,1555280,Zoetis Inc.,2019,2019-12-31,2020-02-13,0001555280-20-000054,10-K,6260000000,1992000000,4268000000,1638000000,,,223000000,1801000000,301000000,1500000000,3.14,3.11,478128000,481787000,1934000000,4748000000,11545000000,0,5947000000,1806000000,8837000000,2708000000,1795000000,460000000,-504000000,-951000000,
ZTS,1555280,Zoetis Inc.,2020,2020-12-31,2021-02-16,0001555280-21-000098,10-K,6675000000,2057000000,4618000000,1726000000,,,231000000,1996000000,360000000,1638000000,3.44,3.42,475502000,478569000,3604000000,6611000000,13609000000,4000000,6595000000,2170000000,9836000000,3769000000,2126000000,453000000,-572000000,123000000,
ZTS,1555280,Zoetis Inc.,2021,2021-12-31,2022-02-15,0001555280-22-000078,10-K,7776000000,2303000000,5473000000,2001000000,,,224000000,2488000000,454000000,2037000000,4.29,4.27,474348000,476717000,3485000000,6930000000,13900000000,0,6592000000,1797000000,9356000000,4543000000,2213000000,477000000,-458000000,-1862000000,
ZTS,1555280,Zoetis Inc.,2022,2022-12-31,2023-02-14,0001555280-23-000074,10-K,8080000000,2454000000,5626000000,2009000000,,,221000000,2656000000,545000000,2114000000,4.51,4.49,468891000,470385000,3581000000,7506000000,14925000000,2000000,6552000000,3167000000,10522000000,4405000000,1912000000,586000000,-883000000,-904000000,
ZTS,1555280,Zoetis Inc.,2023,2023-12-31,2024-02-13,0001555280-24-000143,10-K,8544000000,2561000000,5983000000,2151000000,,,239000000,2936000000,596000000,2344000000,5.08,5.07,461172000,462269000,2041000000,6343000000,14286000000,3000000,6564000000,1889000000,9295000000,4997000000,2353000000,732000000,-777000000,-3109000000,
ZTS,1555280,Zoetis Inc.,2024,2024-12-31,2025-02-13,0001555280-25-000102,10-K,9256000000,2719000000,6537000000,2318000000,,,225000000,3133000000,637000000,2486000000,5.47,5.47,454200000,454848000,1987000000,5986000000,14237000000,0,5220000000,3412000000,9467000000,4770000000,2953000000,655000000,-315000000,-2660000000,
ZTS,1555280,Zoetis Inc.,2025,2025-12-31,2026-02-12,0001555280-26-000011,10-K,9467000000,2666000000,6801000000,2378000000,,,222000000,3360000000,687000000,2673000000,6.03,6.02,443443000,443835000,2312000000,6768000000,15467000000,0,9042000000,2235000000,12136000000,3331000000,2904000000,621000000,-748000000,-1870000000,
